source_x,source_y,reference_x,reference_y,confidence,phase_refined,phase_dx,phase_dy,phase_response,final_residual_px
894.0,60.0,894.4201813772095,59.989757023947455,0.8953374,True,0.28958137720956856,-0.2635769760525477,0.5088411376953125,0.257784119108789
624.0,236.0,623.74225,236.14825,0.45087105,False,5.761452095604437,-4.032375388652216,0.16072332611083984,0.5885449896295846
892.0,56.0,892.6629625546177,55.229498920306106,0.26114944,True,0.478762554617699,-0.8108950796938927,0.36772818832397464,0.7665888301169822
902.0,76.0,902.598857356827,76.2903138148798,0.72178936,True,0.3326173568269404,0.06419381487980402,0.4915892436981201,0.5805105533039334
592.0,252.0,591.7661,252.03604,0.80550194,False,-6.72434728751168,7.8193419259434265,0.15225368270874023,0.578503969025272
656.0,572.0,656.9876447748454,572.6450401848331,0.52721655,True,1.1187447748454176,0.7407401848330508,0.4020177278518677,0.5332268581631818
860.0,64.0,859.9498326700282,64.13897410737474,0.8783857,True,0.11233267002817726,-0.09535589262527111,0.38179955596923826,0.37600026211726334
637.0,500.0,637.7616831231695,499.45378112187046,0.9757773,True,1.0764831231694885,-0.780258878129537,0.35697470836639406,0.8163049656355712
916.0,92.0,916.5265653635051,92.10992394877817,0.2663227,True,0.26789536350511156,-0.2165910512218332,0.4988551055908203,0.3894218701003948
876.0,80.0,876.2254074813172,79.93457412027536,0.35744557,True,0.02746748131723109,-0.022060879724641325,0.5066895938873291,0.06867376896057914
894.0,56.0,894.4879438322574,56.17245078505364,0.28279966,True,0.3957838322574183,-0.2787632149463555,0.36739062976837156,0.4355798394046354
637.0,500.0,637.4445972026359,499.48172286408646,0.97987336,True,0.48652720263590865,-0.562377135913529,0.4173597110748291,0.7657827102722735
836.0,72.0,835.8029879698565,72.4142429672086,0.9835902,True,-0.12501203014345919,-0.03751703279139562,0.6327787490844726,0.6706661826266178
852.0,60.0,852.3617035171222,60.460310083077076,0.93995863,True,0.4458735171222301,0.6171860830770726,0.440761833190918,0.613882013284268
860.0,60.0,859.9509283853271,60.71630894462501,0.5103769,True,0.054078385327088085,0.24365694462501253,0.44039839897155764,0.8902772615192527
894.0,72.0,894.492257197533,71.77000384221327,0.4572829,True,0.5563571975330603,-0.07188615778672869,0.4275324489593506,0.28712135602305466
661.0,572.0,661.4864856134262,572.3497625932994,0.2633307,True,1.1278856134261623,0.3834625932992921,0.301490474319458,0.1436893954901887
640.0,500.0,640.5429261832242,499.14353484432314,0.7965124,True,0.8455261832240808,-1.2511651556768832,0.31829248046875,1.0957216831268288
838.0,72.0,838.3000588821586,72.18098483031798,0.96612656,True,-0.05150111784136868,-0.08400516968201543,0.6115957153320313,0.31190744066856946
918.0,88.0,918.1102112423841,87.89398252310758,0.45943978,True,0.37401124238412464,-0.323307476892424,0.49765072722435,0.1302370479357685
852.0,64.0,852.9299644025041,64.63931220593577,0.9151926,True,0.6474644025040774,0.778957205935761,0.3883541221618652,1.0561724492547995
860.0,64.0,860.4799951696782,64.13201991521434,0.30539778,True,0.050795169678199414,-0.02232008478566172,0.4099473796844482,0.38134781378464416
645.0,500.0,645.6791585568723,499.2550255666746,0.8623228,True,0.6294585568722404,-0.5599744333254328,0.4542974786758423,0.9905459607681472
854.0,60.0,853.8220756024615,60.591600918514715,0.51442456,True,0.2336756024615525,0.4360609185147091,0.4675347095489502,0.8198129122253824
860.0,68.0,859.4376729716635,66.98979415117591,0.65488523,True,-0.37882702833658044,-1.5443158488240805,0.3869345527648926,1.1696956482684566
934.0,108.0,934.3820823448178,108.21284288430293,0.40498772,True,-0.20071765518222762,0.04324288430292711,0.281202260017395,0.38500642705483346
892.0,72.0,892.2488694330004,72.01417200014507,0.5971761,True,-0.26253056699958677,-0.10673799985492138,0.4115747283935547,0.16462777913056245
852.0,776.0,852.4047,775.75543,0.38096303,False,-7.998044398090272,18.71290586934379,0.2141846258163452,0.6563837698537403
910.0,76.0,910.1138216261086,75.91944416690312,0.73124003,True,-0.44342837389136136,-0.2860058330968762,0.4693900161743164,0.1307855462263734
886.0,36.0,885.65906,35.975464,0.9808532,False,2.100937804795482,-5.3557171495622455,0.07951158447265624,0.5462206083980734
732.0,148.0,732.0067040131877,148.26007712729538,0.28986233,True,-0.26923598681232264,0.0866871272953631,0.3562315620422363,0.3788831184914139
661.0,572.0,660.621617045855,572.0191940411792,0.8794983,True,0.10021704585502889,-0.41270595882088656,0.38218249359130857,1.0160424200270568
860.0,56.0,859.5468564918345,56.03250076945233,0.9073576,True,0.00449649183449452,-0.12154923054767153,0.48642810478210446,0.6763853736453362
892.0,60.0,891.4307171989111,60.12643385104131,0.72618306,True,-1.084422801088916,-0.28782614895868264,0.40710977745056154,0.8254973093045526
640.0,500.0,640.3348523402555,499.69935394377154,0.9754685,True,0.13362234025543174,-0.42418605622846783,0.47490153923034667,0.5795314533617869
894.0,68.0,894.3168106981611,67.45864129289859,0.6169649,True,0.4580506981612018,-1.2069927071014028,0.4637146240234375,0.40400972038984734
862.0,56.0,861.6879122620986,55.63817234913363,0.99062943,True,-0.4080877379014325,0.02761234913363353,0.49342076301574705,0.558917407135031
844.0,72.0,843.7180620120762,72.82637939250705,0.97270846,True,-0.8115379879238063,0.49496939250703775,0.46630517387390136,1.0692133030582092
878.0,80.0,878.2777313287675,79.76169524872329,0.721746,True,0.029071328767489746,0.13198524872328576,0.5559939414978027,0.1172224646094692
854.0,64.0,853.8804630837706,65.14442873025604,0.8409335,True,-0.6199369162293991,0.7006387302560384,0.3494757713317871,1.3171457309695123
852.0,72.0,852.4968499825571,71.51848383204992,0.32417214,True,0.47481998255713265,-0.06602616795006355,0.30620246200561524,0.45481533689974746
900.0,76.0,900.6140589222609,76.08913241122994,0.715279,True,0.1291989222608727,-0.4887775887700556,0.36880897064208984,0.45990239911109504
648.0,500.0,648.5871548852249,498.7549876097682,0.20018424,True,0.5557548852248821,-0.8103523902318095,0.4706695724487305,1.480536570907652
846.0,792.0,846.4526,792.34814,0.6108482,False,0.6896864916470307,-5.0368228683912655,0.2652889793395996,0.35252594048611924
884.0,76.0,884.4834746282415,76.1445261417907,0.6196694,True,-0.16838537175852508,0.03141614179070018,0.42706615676879883,0.3886704757819465
876.0,44.0,875.980608534115,41.95613602447703,0.38340744,True,0.1193085341150315,-1.648847975522969,0.2496839617729187,1.9005740571844532
934.0,100.0,933.9889913527838,100.4446630390578,0.83582777,True,-0.7137086472162046,0.05680303905780093,0.6223013320922851,0.6499059714631504
838.0,76.0,837.3955421489688,76.53430272870503,0.43153057,True,-1.1447578510311374,0.030968728705033755,0.47512271728515626,1.0464960284037932
892.0,68.0,892.572241409337,67.89571091508199,0.6531637,True,0.3531414093369847,-0.9120090849180187,0.5233837070465088,0.36155948041708874
878.0,76.0,878.1736167802516,76.13735927066053,0.87603307,True,-0.5397832197484256,-0.1557847293394765,0.5543614822387696,0.2785009886717076
908.0,192.0,908.4195,192.72816,0.597772,False,-7.603117143326152,-1.6607621226644866,0.5204576221466064,0.8201431771160754
734.0,148.0,733.9424115745684,148.5616043986576,0.24353464,True,0.011111574568378302,-0.23115560134238677,0.355346458530426,0.6634510558482434
910.0,192.0,910.50665,192.70947,0.47088987,False,-7.216645323800506,-1.092502112389937,0.26994384841918945,0.8184094580819451
870.0,48.0,869.3104258113183,46.22988209060574,0.95436525,True,-1.2644741886816213,-1.4732239093942567,0.34262803649902346,1.8463980593516884
584.0,580.0,584.1850918418141,580.1881753471253,0.35275418,True,-0.0774081581859214,0.3832753471252488,0.21136179771423338,0.44012666604892603
884.0,40.0,884.1425,39.44358,0.90927607,False,21.680155185901743,-26.236974358526915,0.018931073379516602,0.39747454158778217
934.0,104.0,934.4488990064018,103.87445698092503,0.31043604,True,0.4632390064017571,-0.9949830190749722,0.48045842323303223,0.20395148492392026
910.0,84.0,910.4558863967355,83.97308150191328,0.51673716,True,-0.40411360326451273,-0.2102784980867085,0.5218656768798828,0.2588303992758643
886.0,52.0,886.9605579277683,50.748835604051294,0.50066525,True,0.7732979277682226,-0.6533823959487073,0.30345664939880374,1.3335351610054762
852.0,64.0,851.9233132196284,64.48078504309117,0.901874,True,-0.6994267803715637,0.8004910430911707,0.31090767822265625,0.6738629594489994
836.0,76.0,835.508459393798,76.19314424655873,0.74097294,True,-1.2576406062020702,-0.07295575344126348,0.5581232177734375,0.7710621043249509
846.0,796.0,846.2961,796.7071,0.55683714,False,-1.134974273944671,3.2224306436009265,0.2083673439025879,0.6503141968217638
924.0,88.0,924.5456368987961,87.68069620778252,0.9529216,True,1.1139368987961475,-0.83937379221749,0.651280780506134,0.3534747968734877
656.0,204.0,657.4517130842561,204.62987325479048,0.92674214,True,1.1131130842560353,0.9893132547904742,0.15090355529785157,1.2821201694115307
584.0,580.0,584.3243275716305,580.2975155896446,0.5043277,True,0.01642757163048003,0.6753155896446081,0.22080996990203858,0.28245764627048825
862.0,64.0,861.9176011255641,63.818789989305245,0.45157218,True,-0.20069887443577983,-1.16056501069475,0.41172672843933106,0.29363656574486335
950.0,124.0,950.2355,124.99068,0.67237526,False,9.192711054490768,-0.3156190507739396,0.061009633255004886,1.1389805864857545
852.0,768.0,852.49115,768.68164,0.25975212,False,-5.988936654339572,1.8853134427539366,0.3562216655731201,0.4941372364497003
868.0,76.0,868.0332594921352,75.52936681489592,0.3317757,True,-0.11701050786471967,-1.470383185104076,0.3621401031494141,0.38571133312617484
734.0,148.0,734.5069,148.64523,0.30608612,False,-6.718441708189673,2.545607726943249,0.18974328031539917,0.7056210943137161
862.0,60.0,861.6978556064577,60.03512890761341,0.62299615,True,-0.07284439354234351,-0.9501650923865874,0.43313887596130374,0.5354336859529032
844.0,796.0,844.8502,796.2224,0.42384169,False,-0.9458952998408847,3.5362931818084498,0.3402758712768555,0.09280397249106023
846.0,788.0,846.8878,787.8592,0.4694764,False,5.652000683570272,-12.814279687600227,0.40661664352416993,0.4474322424456646
868.0,80.0,867.9065270409052,79.18664646491422,0.33567026,True,-0.1878729590947188,-1.8534535350857766,0.33031115341186523,0.7526283778248711
892.0,64.0,892.1012900746147,63.74098569355125,0.5586791,True,0.35419007461466023,-1.2503043064487542,0.49339487380981445,0.15273560666221167
854.0,76.0,853.7458629479272,75.15021398034659,0.20768882,True,-1.0372370520728076,-1.481396019653399,0.33642224731445314,0.8647578800644288
844.0,76.0,844.2254562576725,76.3263178983121,0.91453755,True,-0.6798437423275132,0.20172189831210474,0.4163514305114746,0.44559277638699973
718.0,160.0,718.022939054156,159.75157818562022,0.64418775,True,-0.29011094584392083,0.3838981856202075,0.594621044921875,0.3516574447605886
846.0,72.0,846.305051615208,72.16557864066961,0.91282934,True,-0.4644783847920877,-0.5101213593303981,0.36604453964233397,0.30254971035434697
886.0,40.0,886.7207,39.505764,0.93427974,False,-0.5563904778360538,-2.998047192367469,0.19218786964416504,0.6255525645014753
910.0,72.0,910.617312614721,72.27051870798438,0.70940155,True,0.14991261472099282,-0.7537412920156186,0.6214717224121094,0.5847459945663047
653.0,572.0,653.7054303849982,572.9814383347725,0.46976137,True,0.07756038499815077,1.0467383347724777,0.4106685586929321,0.7139401053290476
878.0,52.0,877.8433159395705,50.58534295359938,0.97832817,True,0.01831593957048483,-0.6737550464006183,0.3586686382293701,1.3123283964304755
894.0,56.0,894.2394410055492,55.172900399763115,0.902799,True,-0.7705589944507807,-0.8336396002368858,0.35589420623779294,0.6702737322118071
740.0,144.0,740.9220796011108,144.70326189511096,0.2405641,True,1.8806396011108433,0.0453518951109686,0.2969666763305664,0.9811753004889281
854.0,780.0,854.35925,779.06854,0.81531185,False,-1.745460275379351,13.678593993087155,0.28445680522918704,1.2948091870866305
870.0,76.0,870.3875666498442,75.87289517731207,0.4367725,True,-0.05873335015572323,-1.1749048226879175,0.3831450180053711,0.1694606071441621
910.0,80.0,910.3135577005411,79.75252556354825,0.7921855,True,-0.693942299458989,0.004150563548254382,0.5675456550598145,0.13009883143348847
894.0,64.0,894.4777545827336,64.32470455799229,0.6582696,True,1.3759545827335664,-0.0013604420077086843,0.5856888053894043,0.5474767493848997
916.0,88.0,916.3370099578605,87.82245936113182,0.5855059,True,-0.7204200421395264,0.03318336113182241,0.5560006465911865,0.1084216036388247
854.0,64.0,853.9194251559059,64.78878774439396,0.78713924,True,0.35918515590588385,1.5306817443939629,0.39406931838989256,0.9642691175038239
900.0,72.0,900.1340654472609,72.22880461410553,0.34719196,True,0.2190654472609701,-0.9328013858944786,0.4874103170394897,0.3894460374471181
908.0,92.0,908.3700630550175,91.37627826998857,0.22905615,True,-0.46117694498249406,-1.5169917300114193,0.4117660026550293,0.4983466396039106
876.0,76.0,876.1100846660968,75.7109890184789,0.7418104,True,-0.7921153339032472,-1.049806981521101,0.6205341171264649,0.18736034225207726
900.0,60.0,899.6122679733348,59.73972965798485,0.91626155,True,-0.07453202666514969,0.5398966579848548,0.5415584739685059,0.6040176970746706
892.0,52.0,892.1028009360647,50.82589356873015,0.33795324,True,0.357600936064717,-2.3321534312698518,0.30925666580200195,1.0197501043377362
589.0,260.0,589.3047,260.8399,0.278745,False,-3.6633910205250153,1.3227203219111097,0.29980897903442383,0.7152423136905145
916.0,160.0,916.6422,159.21284,0.34403968,False,6.831903226745798,-15.545756015268545,0.13694782791137694,0.7641853012439828
908.0,76.0,908.4250968839489,75.85601632795283,0.8310736,True,-0.6810431160511072,0.07475132795283201,0.536184368133545,0.20387978320158573
868.0,52.0,867.7641635163305,50.751329110547246,0.8875683,True,-1.1201364836695653,-0.7468908894527573,0.42804000930786135,1.18495619802547
934.0,104.0,934.7557184046951,104.18351746858434,0.3361698,True,0.37631840469511246,1.076957468584336,0.556427269744873,0.6092669333733329
876.0,52.0,875.6156465490127,50.676513373258885,0.96036553,True,-1.0973034509872868,-0.6099816267411136,0.3501291717529297,1.3101249444628251
934.0,100.0,934.6970424559737,100.21788183489096,0.47886997,True,1.25614245597367,-0.798628165109033,0.6702575469970703,0.5863202537736214
876.0,48.0,875.5131208490366,45.65351443628628,0.96676934,True,-0.2216191509634058,-1.4422155637137237,0.2552424613952637,2.2974663464025387
854.0,764.0,855.0534,764.442,0.62140566,False,-6.199425205325667,1.0136276245185982,0.17371660499572755,0.3185154432772063
934.0,108.0,934.8693534065156,108.04260567736924,0.3090443,True,0.960253406515676,0.9912156773692367,0.3193511079788208,0.6484032976184912
844.0,792.0,844.6943,792.916,0.36529946,False,-1.3220987407278457,3.3711016875318336,0.2270313980102539,0.6242376628734027
910.0,196.0,911.0965,196.76573,0.37013078,False,-8.40519162517802,-1.4385856001215593,0.42172170181274415,1.1513853316532585
900.0,60.0,900.1239048012013,59.68291606858749,0.98618615,True,-1.1073951987987556,-0.10459793141251339,0.48864976139068605,0.17922219800969236
648.0,572.0,648.048481132007,573.1388448649525,0.35993266,True,-0.4991888679930163,0.2896048649525014,0.4343624042510986,1.0257579927062117
894.0,52.0,894.522594885382,50.25520010515121,0.5388259,True,1.4736448853819937,-2.54986989484879,0.3053293571472168,1.6170612500785964
740.0,148.0,741.0521,148.08081,0.56024873,False,-1.480600564014285,-3.974512298816059,0.07381509284973145,0.7926112763914742
910.0,80.0,910.4469014005576,79.86044292763694,0.2724435,True,-0.7193585994423124,-0.927397072363064,0.5838942558288575,0.22238212590844555
774.0,800.0,774.6378,798.9687,0.5930991,False,73.62360806593992,-63.47064843453211,-0.002913058090209961,1.3844578046508402
846.0,76.0,846.9515846340073,76.4658783739238,0.92815703,True,-0.30616536599272237,0.304128373923799,0.3453335094451904,0.9404110267869528
852.0,780.0,852.886,779.0579,0.8889616,False,-2.8690935328959135,13.80914012942756,0.23357558097839357,1.2353645617243008
902.0,72.0,902.0968718427321,72.30154863390906,0.5328931,True,0.371071842732011,-1.0753813660909337,0.5192886400222778,0.4700098416329157
894.0,60.0,894.364916847238,59.102123767258774,0.76918787,True,-0.8471231527619878,-0.46454223274122697,0.4384054439544678,0.7590287561625658
926.0,100.0,926.442045144871,100.04958023566785,0.3032284,True,-0.7800048551288903,-0.7957897643321594,0.5584175685882569,0.2815395345067506
908.0,80.0,908.8385392170424,80.41558811734983,0.7293757,True,-0.37096078295772017,0.952798117349829,0.5271309955596923,0.8354842260276399
910.0,88.0,910.6178214226254,87.58935795212129,0.5062226,True,-0.6581785773745814,-1.18506204787872,0.5819024715423584,0.4674415059314967
846.0,80.0,846.2152016943845,79.99717019404994,0.9742565,True,-0.974598305615423,0.4429201940499432,0.19482392807006835,0.11514963789525823
892.0,60.0,892.7530611138537,59.50919160511023,0.61574167,True,-0.6138788861462565,-0.3136423948897651,0.4782982967376709,0.6413999695526438
774.0,796.0,774.7769,796.9652,0.2204136,False,10.526914775752621,-12.553806914230947,0.1940944061279297,0.6245816981262925
718.0,164.0,717.7197227658228,163.5297189176927,0.66167,True,0.7274727658228102,0.48345891769269045,0.606415470123291,0.7295047688861342
908.0,72.0,908.1954495004652,72.1606484735872,0.42307606,True,-0.7059204995348374,-1.080455526412802,0.5663491561889649,0.3173608878478527
541.0,760.0,541.46356,760.91046,0.22889647,False,-10.167016967993696,-2.5849166541156805,0.25961459312438967,0.5463735588358357
894.0,52.0,895.4524377007581,50.160258354591534,0.82922566,True,0.06699770075804423,-1.638409645408462,0.30831256866455076,2.094798964642665
656.0,204.0,657.7093329388055,204.17902314674086,0.9893633,True,2.3948829388055017,-1.2371168532591525,0.20312240982055665,1.4098985856306236
852.0,764.0,852.9431,765.00867,0.4856038,False,-5.784916615686754,0.5240802107781057,0.2350517463684082,0.746501793512384
862.0,60.0,861.7976775753862,60.30221608240805,0.99072057,True,0.8576775753861199,0.9843980824080525,0.47980658416748045,0.5995474481731697
924.0,100.0,924.2167261091688,100.30070128659578,0.24659431,True,-0.763373890831204,-0.9452887134042278,0.5181268215179443,0.44949505961227953
766.0,800.0,766.8811,800.9243,0.5187451,False,-16.97861014667145,2.9560137600618077,0.04976106071472168,0.5821052930184007
854.0,80.0,854.7205480324326,79.06333373375601,0.37239817,True,-0.6557519675674186,-1.4915962662439917,0.2496034725189209,0.9559186330727597
732.0,148.0,731.6195170613698,148.6336012669957,0.44000363,True,-0.9989829386302169,1.6809312669956924,0.3959979440689087,0.9165749930139045
924.0,92.0,923.5945100482294,92.59645510455213,0.7301622,True,-1.0672299517705959,-0.8853108954478586,0.5454212783813477,0.9862450261738257
734.0,148.0,734.6724082023542,148.34097558105697,0.21463673,True,0.24870820235414826,1.5385755810569641,0.34180095291137697,0.5424715347321794
846.0,780.0,847.3564,779.3207,0.35331932,False,-0.3026843958797052,-3.7519939875210824,0.2999245101928711,1.12418881060211
860.0,60.0,859.6586013815962,59.82935239752064,0.9844242,True,1.01250138159617,0.22472639752063017,0.422231224822998,0.5467021840545546
908.0,196.0,907.41064,197.45929,0.3265729,False,-7.067458284980148,-3.6486307683607713,-0.07733292541503907,1.7903145614255362
844.0,80.0,844.8710318147992,80.70016339850261,0.9344895,True,-0.4849281852007934,1.2183593985026135,0.31055002632141115,1.045111519852108
576.0,468.0,576.0512,469.4571,0.20415723,False,-4.169661179507418,-5.660989001467563,0.1900080415725708,1.2882063056863533
742.0,148.0,743.1175,148.93506,0.45998582,False,-0.04945801372863201,-4.339254452446095,0.11896525373458862,1.280964488767121
870.0,52.0,870.0219130572875,50.71091494903884,0.8373114,True,-1.4014869427124381,-0.8109580509611582,0.44207423219680786,1.1554455725385873
918.0,96.0,917.4152588539808,95.203642695647,0.30978304,True,-0.1958411460191627,-2.398137304353007,0.44895538558959963,1.0485228504574184
854.0,68.0,854.6240189023223,68.16231172648776,0.35387135,True,-0.42463109767768614,1.1866217264877505,0.34679800491333007,0.5061200818343271
862.0,68.0,861.1345640106664,67.63236679583565,0.676453,True,0.5256640106664285,-1.192173204164341,0.4251306173324585,1.1015871337226808
884.0,52.0,883.8528512444976,50.91730508418799,0.2605142,True,1.203751244497628,-0.5170779158120062,0.28419165649414063,0.9906785729597413
616.0,468.0,616.1258570226678,467.29898044206243,0.21342695,True,-0.21148297733228105,0.7130404420624323,0.24653740463256835,1.013052038242047
894.0,40.0,893.0789,38.900894,0.9232308,False,4.459651812037432,-2.0705973122352646,0.1463363639831543,1.4508133448073441
870.0,56.0,869.8931710834087,55.4512125916971,0.95934945,True,-1.5079289165913323,0.2015365916970957,0.5236129524230957,0.508358312718634
852.0,76.0,852.2671262930256,76.71127548114507,0.39332864,True,-1.3555737069743898,0.2121954811450557,0.2780721450805664,0.8362697349883702
902.0,80.0,902.955996492062,80.19706346541383,0.78385025,True,-0.5118035079380014,-0.8830565345861601,0.4396015422821045,0.8090584626927917
742.0,148.0,743.02466,149.28267,0.52071756,False,-0.46161173352754403,-4.904791952064613,0.10410908126831055,1.5092103883109262
900.0,68.0,899.7568625294932,67.75720974409045,0.45956028,True,0.11826252949325777,-2.0175202559095595,0.4638157554626465,0.46590482886393997
718.0,164.0,717.5223836860699,163.34990187136415,0.33523417,True,0.7298436860699375,0.6245718713641395,0.6459960651397705,0.9963400388369963
902.0,68.0,902.06671127545,68.09059050531212,0.81910175,True,-0.03958872455007878,-1.7982334946878709,0.5314775945663452,0.2865912666665623
926.0,92.0,926.69582514514,92.63405955459982,0.609566,True,-0.7149448548599793,-0.745080445400184,0.6371950508117675,0.9122238767419882
645.0,212.0,645.7757847254986,211.9911494929024,0.7389848,True,2.0202347254986535,-1.6246905070975863,0.2762982650756836,0.47167103369252633
886.0,72.0,886.2717605276987,72.18627912910952,0.8560977,True,-1.2887394723013976,1.0336391291095204,0.4533815561294556,0.33498335264541934
900.0,80.0,900.6540459858903,79.836150308253,0.41698384,True,-0.9715540141096426,-1.2790996917470032,0.3260839599609375,0.43034584292027395
852.0,80.0,852.3818724043485,80.37507981237391,0.66704714,True,-1.4140875956514698,-0.07803018762609071,0.23835728759765626,0.5219530529760896
772.0,800.0,773.6567,799.5401,0.5703568,False,10.74390881601749,-9.200935975003588,0.07744971504211426,1.1735947076874502
868.0,56.0,867.7225936731367,55.751589559781685,0.58283603,True,-0.6065063268634283,1.3765595597816827,0.5138443016052247,0.49037821226199724
870.0,72.0,870.080634734203,71.0963672424524,0.817468,True,-1.1449652657969196,-2.4326427575475904,0.5029713844299316,0.7797984092487573
862.0,56.0,861.7100267860595,56.23045554072063,0.5004256,True,-0.9727732139404814,1.7808285407206306,0.4762858242034912,0.6155444377359982
908.0,88.0,908.5268842153087,87.61227843318822,0.47980464,True,-0.9952157846913501,-1.7202255668117736,0.3195929779052734,0.3815491811532603
768.0,800.0,769.1575,801.30444,0.36126202,False,-14.711205030332614,2.578111830769135,0.048858748626708984,1.021794174613878
892.0,52.0,892.6449733094255,50.439169820545935,0.7524228,True,-1.3209666905745614,-1.720887179454067,0.27305382308959963,1.470580756873509
900.0,64.0,900.0240868939243,63.86010302238604,0.7421761,True,-0.845913106075777,-2.026406977613963,0.5276753408432007,0.18757811768058014
892.0,48.0,890.2586,48.730236,0.3752846,False,2.942889235776171,-2.6591931496227055,0.32482920875549315,2.13379710335862
766.0,796.0,766.21313,797.839,0.30873853,False,-14.30909799514641,0.9389690291693391,0.05654121475219726,1.6042269647413328
894.0,64.0,894.4175273464551,64.5662463179281,0.6598085,True,-1.442522653544902,1.1165733179281112,0.5432967849731445,0.7485370889360117
916.0,96.0,916.6452522969357,95.71380977545788,0.37209606,True,1.2469522969357563,-2.217750224542133,0.40565472717285156,0.43021665132893644
902.0,64.0,901.919886427195,63.920943035266674,0.9175312,True,-1.018343572804941,-1.9823069647333291,0.540099471282959,0.3015760115449786
688.0,180.0,688.7841911228131,179.24321632611844,0.22551325,True,-0.48954887718690543,0.3640763261184219,0.321087117767334,0.9266056535813646
868.0,56.0,867.8930359536569,55.420637331103016,0.95836186,True,-1.5596640463432117,0.6251853311030189,0.5476892295837402,0.5338309166471142
892.0,64.0,892.4077187957672,63.75729504662563,0.84898895,True,-1.668941204232759,-0.10789495337437316,0.5434403385162353,0.21728927819243335
886.0,72.0,886.6144249503177,72.74144799076646,0.68106896,True,-1.4119750496822832,1.241237990766468,0.46449253997802736,0.9709093742016147
884.0,76.0,884.6554278486285,76.47108510125089,0.29220533,True,-0.4190721513714628,2.149109101250886,0.4782969760894775,0.751231804080332
846.0,84.0,846.5887754180526,84.38653516647591,0.5699562,True,-0.5301245819474758,2.015090166475911,0.17402917022705078,0.621362099963452
886.0,76.0,886.5031246038641,75.8606803417715,0.33873913,True,-1.1349353961359192,1.1084103417714992,0.40121619338989256,0.2835621265914148
892.0,72.0,892.6704777311287,72.00854708275075,0.41748652,True,-1.4439222688712974,-0.9041029172492472,0.4249968627929688,0.47969093078202196
700.0,176.0,701.4785267940999,174.1409241224069,0.8272305,True,0.6008267940999552,-0.10791587759311838,0.11123289985656738,2.2231289293950387
894.0,68.0,894.5927738670388,67.6795679295422,0.6324482,True,-1.7161261329611754,-0.9333420704577904,0.4159766891479492,0.415319682021633
844.0,84.0,843.6152156506867,84.54297677140393,0.49270624,True,-2.3159843493133003,1.6744367714039363,0.1525917251586914,0.8950426951719599
868.0,52.0,867.7541366736779,50.809099599646316,0.3645328,True,-2.1682233263221775,0.09847459964631966,0.4481934143066406,1.1352890885375941
553.0,756.0,554.79535,756.77606,0.61437845,False,-10.256108572968024,-2.66495126706274,0.2969663414001465,1.1015902671480142
902.0,84.0,902.6130498058516,83.7427489566116,0.28206605,True,-1.594350194148447,-1.890831043388392,0.4052394256591797,0.40140538891429595
908.0,84.0,908.2286768419092,83.6319871190015,0.710499,True,-2.2781631580908375,-1.5128228809985096,0.35871616859436034,0.21915897819712674
653.0,572.0,654.020160107475,572.592195247797,0.615115,True,-1.3470898925249344,0.5214952477970449,0.423254052734375,0.5223715726290717
892.0,68.0,892.2234689382408,67.67875380086163,0.94089764,True,-2.4200310617592358,-1.2979761991383754,0.4713588577270508,0.1718814511609529
