source_x,source_y,reference_x,reference_y,confidence,ground_truth_error_px
534.5,16.5,666.5,78.5,0.8634601,2.0316546
590.5,16.5,716.5,84.5,0.805653,1.6155524
666.5,16.5,782.5,96.5,0.98466307,1.5456291
976.5,16.5,1060.5,146.5,0.9505779,0.5242942
1310.5,16.5,1360.5,198.5,0.9871562,0.9880865
1606.5,16.5,1624.5,246.5,0.9930301,0.6675806
1278.5,18.5,1330.5,196.5,0.9901275,0.6869404
912.5,20.5,1002.5,140.5,0.93442714,0.6894381
1642.5,22.5,1656.5,256.5,0.95283526,0.6760968
712.5,24.5,822.5,112.5,0.9825576,0.96237415
1334.5,24.5,1380.5,210.5,0.970561,0.3071444
414.5,26.5,556.5,66.5,0.9893369,0.43673515
472.5,26.5,608.5,76.5,0.98859596,0.5527258
1046.5,28.5,1120.5,168.5,0.99800164,1.2815107
1286.5,28.5,1336.5,206.5,0.994736,0.23030896
934.5,32.5,1020.5,154.5,0.9798604,0.41105753
428.5,38.5,568.5,80.5,0.99205405,1.7176638
336.5,40.5,484.5,66.5,0.98415023,0.6526257
94.5,42.5,268.5,30.5,0.9323775,1.2503064
1686.5,42.5,1692.5,282.5,0.99399924,0.50092065
526.5,44.5,654.5,100.5,0.9962219,0.8098909
1650.5,44.5,1658.5,278.5,0.99694294,1.5530663
20.5,46.5,200.5,22.5,0.5180717,0.14569677
782.5,46.5,882.5,142.5,0.99606484,0.38476712
1016.5,46.5,1092.5,180.5,0.9982529,0.80345076
302.5,48.5,452.5,68.5,0.9910511,0.39370757
1866.5,48.5,1852.5,314.5,0.9928283,1.312759
500.5,56.5,628.5,106.5,0.99797577,0.8119495
846.5,56.5,938.5,160.5,0.9977488,1.4447154
468.5,58.5,600.5,104.5,0.9971229,1.0310254
670.5,58.5,780.5,136.5,0.995156,0.56762385
1198.5,58.5,1252.5,220.5,0.9961473,1.3631444
264.5,62.5,414.5,76.5,0.9891768,2.0986629
1976.5,62.5,1948.5,344.5,0.96857446,1.2970804
714.5,64.5,818.5,148.5,0.9972782,0.43833822
1452.5,64.5,1480.5,264.5,0.99262273,0.95516354
140.5,66.5,304.5,60.5,0.9815101,1.0780088
746.5,66.5,846.5,154.5,0.97333413,0.91853184
94.5,68.5,264.5,54.5,0.9970736,1.4446305
410.5,68.5,546.5,102.5,0.99643904,1.4146211
62.5,70.5,234.5,50.5,0.98085666,0.36602432
300.5,72.5,446.5,88.5,0.99217176,1.6281251
1144.5,74.5,1202.5,224.5,0.9797382,0.63790274
668.5,76.5,774.5,150.5,0.9967009,1.7852846
16.5,78.5,192.5,52.5,0.9506176,2.0412548
690.5,78.5,794.5,156.5,0.9991316,0.83441174
1054.5,78.5,1120.5,214.5,0.99814093,0.55033106
224.5,80.5,378.5,84.5,0.9863262,1.1182349
528.5,82.5,648.5,136.5,0.9921535,1.7959354
1832.5,84.5,1816.5,342.5,0.99700695,0.19900629
246.5,86.5,396.5,94.5,0.994668,0.43897402
320.5,90.5,462.5,108.5,0.9905377,0.9638539
446.5,90.5,574.5,130.5,0.99802935,1.3146263
1030.5,92.5,1096.5,222.5,0.9971082,1.1080079
912.5,94.5,990.5,206.5,0.99929595,0.90283984
1676.5,94.5,1674.5,326.5,0.9960843,1.0075035
1912.5,94.5,1886.5,362.5,0.910391,1.7414852
282.5,96.5,426.5,108.5,0.9947882,0.58962494
342.5,96.5,480.5,118.5,0.9970328,0.4175698
388.5,96.5,522.5,124.5,0.99640894,1.0899714
186.5,98.5,340.5,96.5,0.993471,1.1913837
158.5,100.5,314.5,92.5,0.9927611,0.93048406
1004.5,102.5,1072.5,226.5,0.9976772,1.5564008
424.5,104.5,552.5,138.5,0.9983214,0.46948546
1490.5,106.5,1506.5,308.5,0.998616,0.4917659
528.5,108.5,644.5,158.5,0.9973012,0.9213112
1462.5,114.5,1480.5,310.5,0.9990288,0.61668885
1876.5,114.5,1850.5,376.5,0.9933737,0.7871524
1126.5,116.5,1180.5,258.5,0.9914238,1.6734364
404.5,118.5,532.5,148.5,0.9972458,0.88941103
570.5,118.5,682.5,174.5,0.9906719,1.2516378
1196.5,118.5,1240.5,270.5,0.98616225,2.5804873
674.5,120.5,774.5,192.5,0.9975425,0.51140946
292.5,122.5,432.5,134.5,0.99793774,1.1116074
450.5,122.5,574.5,158.5,0.99363583,1.1458923
792.5,122.5,880.5,212.5,0.9984118,0.96015584
1402.5,122.5,1424.5,310.5,0.99862224,2.0656846
944.5,126.5,1014.5,240.5,0.99813396,0.65169245
1292.5,126.5,1326.5,294.5,0.99475193,0.5096409
222.5,130.5,368.5,130.5,0.9929568,0.980955
166.5,132.5,316.5,122.5,0.9942651,1.0238914
824.5,132.5,904.5,228.5,0.99892527,2.9076235
242.5,134.5,386.5,136.5,0.9895416,1.2612922
1392.5,134.5,1414.5,318.5,0.99858195,0.627986
1794.5,134.5,1774.5,380.5,0.9910681,0.9413938
648.5,140.5,746.5,206.5,0.99830335,1.4212637
1120.5,140.5,1168.5,278.5,0.99773747,2.6440043
330.5,142.5,462.5,156.5,0.996408,1.0037779
596.5,142.5,700.5,200.5,0.99740237,1.117157
970.5,142.5,1036.5,258.5,0.9981048,0.7576904
1018.5,142.5,1078.5,266.5,0.99958414,0.47428194
1516.5,144.5,1522.5,346.5,0.9966008,1.7494676
1400.5,146.5,1418.5,328.5,0.9980522,2.1535456
198.5,148.5,342.5,142.5,0.9926176,1.2431003
488.5,150.5,604.5,190.5,0.99897873,1.8020332
1384.5,150.5,1404.5,332.5,0.9982962,1.6091274
362.5,152.5,488.5,172.5,0.9959085,1.6832843
472.5,154.5,586.5,190.5,0.9963854,1.5042074
16.5,156.5,178.5,120.5,0.95293635,0.9377438
610.5,156.5,712.5,214.5,0.9981678,1.302478
1436.5,160.5,1450.5,348.5,0.9982081,0.5119518
2012.5,160.5,1964.5,438.5,0.977742,1.4189752
432.5,162.5,550.5,190.5,0.9976563,1.0644921
532.5,164.5,640.5,208.5,0.9985789,0.66145617
568.5,164.5,670.5,214.5,0.9894013,1.881792
184.5,168.5,326.5,158.5,0.9977435,1.6552899
1452.5,170.5,1462.5,360.5,0.99870604,0.9110467
468.5,172.5,580.5,204.5,0.9956617,1.9381247
908.5,172.5,974.5,276.5,0.9990953,1.3641961
204.5,174.5,344.5,166.5,0.994741,0.4896823
822.5,176.5,896.5,264.5,0.99755734,1.7450826
1196.5,178.5,1232.5,326.5,0.99912924,0.14199777
1462.5,182.5,1468.5,372.5,0.9992181,1.4987811
2008.5,182.5,1958.5,458.5,0.98962414,0.39944175
258.5,188.5,390.5,188.5,0.9970416,1.3298261
602.5,188.5,698.5,242.5,0.9973252,1.0470408
1128.5,188.5,1170.5,324.5,0.99849,0.5787968
1506.5,190.5,1506.5,384.5,0.9989051,2.208363
392.5,194.5,508.5,212.5,0.9947106,2.0388727
480.5,198.5,588.5,230.5,0.9981605,0.8337809
1446.5,200.5,1452.5,386.5,0.99644154,0.96148986
338.5,202.5,458.5,212.5,0.99849725,1.9545412
1544.5,202.5,1540.5,402.5,0.99005526,0.4728201
1736.5,202.5,1712.5,432.5,0.99240214,0.77900296
816.5,204.5,888.5,288.5,0.9899795,1.2678115
1068.5,208.5,1112.5,332.5,0.9682984,0.7920649
1222.5,210.5,1250.5,358.5,0.999404,0.6710087
1028.5,212.5,1076.5,330.5,0.9994374,0.21053419
118.5,214.5,262.5,188.5,0.9956582,0.9028371
1826.5,214.5,1790.5,458.5,0.998093,0.47269517
1006.5,218.5,1054.5,330.5,0.9994375,2.2692213
1934.5,220.5,1886.5,478.5,0.9971532,2.01119
464.5,222.5,570.5,250.5,0.99863744,0.47306037
588.5,224.5,680.5,270.5,0.9992105,1.1500025
872.5,224.5,934.5,316.5,0.99876565,0.56322
1460.5,224.5,1460.5,410.5,0.99216443,1.5790732
1616.5,224.5,1600.5,434.5,0.9988901,0.8887658
1442.5,226.5,1444.5,408.5,0.99936116,0.623139
1470.5,228.5,1470.5,414.5,0.96785104,0.6978547
296.5,232.5,418.5,232.5,0.9946703,0.422422
820.5,232.5,886.5,316.5,0.99833816,1.3305364
1892.5,232.5,1846.5,484.5,0.99836195,0.49838355
148.5,236.5,284.5,214.5,0.9983614,1.6771321
670.5,238.5,750.5,296.5,0.9970145,1.614803
124.5,240.5,264.5,212.5,0.9941884,1.6453654
930.5,240.5,984.5,340.5,0.9983214,0.57812
494.5,242.5,594.5,272.5,0.9989192,0.79669046
374.5,244.5,486.5,254.5,0.99835145,1.3113706
1552.5,244.5,1540.5,442.5,0.9972702,0.82836545
1850.5,248.5,1806.5,490.5,0.99867654,1.8527983
92.5,250.5,232.5,216.5,0.9979304,0.16320126
192.5,250.5,322.5,232.5,0.99780923,0.35734978
710.5,250.5,786.5,314.5,0.99952203,0.6788379
1934.5,250.5,1880.5,506.5,0.9968931,1.5168517
1058.5,252.5,1098.5,370.5,0.99962455,1.388885
1598.5,252.5,1580.5,456.5,0.99493647,0.39808068
450.5,254.5,552.5,278.5,0.999269,1.8166935
1016.5,254.5,1060.5,366.5,0.9990492,1.3393278
1752.5,254.5,1718.5,482.5,0.999094,0.4325927
400.5,258.5,506.5,270.5,0.9970032,1.9717159
270.5,260.5,390.5,254.5,0.9987735,0.86389923
58.5,264.5,198.5,224.5,0.9974876,1.6644547
526.5,264.5,618.5,296.5,0.9991536,1.2307376
596.5,264.5,682.5,308.5,0.9990951,0.8711061
1322.5,264.5,1330.5,424.5,0.99832356,1.6485139
628.5,266.5,710.5,314.5,0.9983913,1.1495694
664.5,266.5,742.5,322.5,0.9910855,1.3225594
1372.5,270.5,1374.5,436.5,0.9989699,0.9401824
348.5,272.5,456.5,276.5,0.99921644,1.8666948
1424.5,272.5,1420.5,446.5,0.99900734,1.1786991
152.5,274.5,282.5,246.5,0.9972027,1.0481753
186.5,278.5,312.5,256.5,0.9831142,0.12630835
748.5,278.5,814.5,344.5,0.9991807,1.2453519
822.5,278.5,882.5,356.5,0.99892294,0.82831997
1786.5,278.5,1744.5,508.5,0.99793464,0.6575993
96.5,280.5,232.5,244.5,0.9969121,1.1013472
1074.5,280.5,1106.5,398.5,0.9997103,0.5675166
1116.5,280.5,1144.5,406.5,0.9983611,1.4133054
1350.5,280.5,1354.5,442.5,0.99927217,0.5727041
1034.5,282.5,1070.5,394.5,0.99902415,0.70987684
652.5,284.5,728.5,334.5,0.9927432,0.9385354
682.5,284.5,754.5,340.5,0.99316835,1.040561
1520.5,284.5,1506.5,472.5,0.9990953,0.7716299
1548.5,286.5,1530.5,478.5,0.9987557,0.16578227
444.5,292.5,542.5,310.5,0.99753845,1.5445986
668.5,292.5,740.5,346.5,0.99374783,1.8228856
1052.5,292.5,1086.5,404.5,0.99949074,1.6057289
1162.5,292.5,1184.5,422.5,0.9982694,0.81064254
568.5,294.5,652.5,330.5,0.99893063,0.9035378
542.5,296.5,626.5,328.5,0.99884355,1.7788372
720.5,296.5,788.5,356.5,0.99949974,0.97746754
964.5,296.5,1004.5,396.5,0.92024136,1.8938046
312.5,298.5,422.5,294.5,0.9980451,0.52193505
366.5,302.5,468.5,304.5,0.9987963,2.263364
1236.5,302.5,1248.5,444.5,0.99902004,0.7744246
1808.5,302.5,1760.5,534.5,0.99890894,0.5196176
1134.5,304.5,1156.5,430.5,0.99868727,1.1833465
622.5,306.5,698.5,350.5,0.99694574,0.2319778
54.5,312.5,190.5,266.5,0.99457175,1.7185193
450.5,312.5,544.5,328.5,0.9991539,1.1449082
166.5,318.5,288.5,288.5,0.9986728,0.735147
1560.5,318.5,1536.5,508.5,0.99844,0.7796617
250.5,320.5,362.5,304.5,0.99926937,0.61931336
386.5,322.5,484.5,326.5,0.9836341,0.9593649
920.5,322.5,962.5,412.5,0.99657947,0.7451551
1014.5,324.5,1044.5,428.5,0.997008,1.9071524
360.5,326.5,458.5,328.5,0.9805947,2.5985487
306.5,328.5,412.5,320.5,0.99856263,0.6571616
96.5,330.5,222.5,288.5,0.9978893,1.1420637
434.5,332.5,526.5,344.5,0.9990139,0.80421543
1340.5,332.5,1336.5,486.5,0.9987628,0.7173506
1686.5,332.5,1646.5,542.5,0.998931,0.9080664
576.5,334.5,652.5,366.5,0.999292,1.7072822
502.5,336.5,586.5,358.5,0.9985306,0.42152026
772.5,336.5,828.5,400.5,0.9995256,0.7766865
458.5,338.5,544.5,352.5,0.99731255,2.0252888
1126.5,340.5,1144.5,460.5,0.99950486,0.36691624
1312.5,340.5,1310.5,490.5,0.9994869,0.7649604
16.5,342.5,148.5,288.5,0.96346134,2.2042584
1276.5,344.5,1278.5,486.5,0.99871135,1.3434078
1516.5,344.5,1488.5,526.5,0.90109587,4.286015
1370.5,346.5,1360.5,502.5,0.9992441,2.1211798
686.5,348.5,748.5,398.5,0.98502487,0.61534154
1212.5,348.5,1218.5,480.5,0.9994451,1.5176697
1736.5,348.5,1688.5,562.5,0.998498,1.442298
1986.5,348.5,1912.5,602.5,0.99322855,0.87878895
174.5,354.5,288.5,322.5,0.9986589,1.1417305
210.5,354.5,322.5,328.5,0.99689627,0.66069984
482.5,356.5,566.5,372.5,0.9828935,1.539581
914.5,356.5,952.5,442.5,0.9988269,1.421057
964.5,356.5,994.5,448.5,0.97925305,2.1850019
594.5,358.5,664.5,392.5,0.9989374,0.5196255
688.5,358.5,748.5,408.5,0.9370899,1.3219188
954.5,358.5,984.5,448.5,0.9290344,2.946515
1900.5,364.5,1832.5,604.5,0.98727363,0.9174281
388.5,366.5,480.5,366.5,0.9921833,1.3482128
450.5,366.5,534.5,378.5,0.9984558,1.5813562
496.5,366.5,574.5,382.5,0.9653805,2.2917905
746.5,366.5,798.5,424.5,0.99953246,1.5688969
1152.5,368.5,1160.5,490.5,0.9969951,2.6754084
506.5,370.5,584.5,390.5,0.99273807,1.1352293
540.5,370.5,614.5,394.5,0.9980052,0.37066257
1298.5,370.5,1294.5,514.5,0.99937266,1.1027998
784.5,372.5,832.5,436.5,0.9997126,1.5052365
1268.5,372.5,1266.5,512.5,0.9941475,1.0775577
1336.5,372.5,1326.5,522.5,0.9983625,0.6801136
1570.5,374.5,1536.5,560.5,0.99819165,0.47336847
30.5,376.5,158.5,320.5,0.99045414,1.5454855
476.5,376.5,556.5,390.5,0.99512446,0.4892844
1676.5,376.5,1630.5,580.5,0.99393815,1.1167654
1524.5,380.5,1494.5,558.5,0.9990188,0.6338557
84.5,382.5,204.5,332.5,0.9979742,1.0111202
1400.5,382.5,1382.5,540.5,0.99565846,0.8159747
124.5,384.5,240.5,342.5,0.99790287,0.96566486
842.5,384.5,882.5,454.5,0.99845326,0.6333293
1064.5,384.5,1082.5,490.5,0.99130756,0.948321
1770.5,384.5,1714.5,600.5,0.99907154,1.200152
498.5,386.5,574.5,402.5,0.9037012,0.16430253
1140.5,388.5,1148.5,504.5,0.99522334,1.2345304
930.5,390.5,958.5,474.5,0.99854946,2.2991433
1688.5,390.5,1636.5,590.5,0.967228,4.451756
754.5,392.5,802.5,448.5,0.9957322,0.48420897
878.5,394.5,914.5,468.5,0.9984482,1.4145095
524.5,396.5,596.5,414.5,0.99175566,1.0060514
1370.5,396.5,1352.5,548.5,0.99885976,1.3708158
1018.5,398.5,1038.5,496.5,0.9967348,1.2463943
1110.5,402.5,1120.5,514.5,0.9958128,1.2175547
1548.5,402.5,1510.5,582.5,0.998902,1.6700112
580.5,404.5,646.5,432.5,0.99922305,1.6231991
180.5,406.5,286.5,370.5,0.98713577,0.46350616
624.5,406.5,684.5,440.5,0.97698087,0.33286145
400.5,408.5,484.5,406.5,0.99899584,1.070883
1218.5,408.5,1214.5,536.5,0.9982868,1.4620066
1182.5,410.5,1182.5,532.5,0.9989967,0.94725716
934.5,414.5,960.5,496.5,0.9917394,0.1822871
54.5,418.5,172.5,362.5,0.99798197,1.5573188
718.5,418.5,766.5,466.5,0.99700665,0.6865167
1794.5,418.5,1728.5,636.5,0.99864453,1.6100255
1082.5,424.5,1090.5,528.5,0.99574155,1.0077747
1062.5,428.5,1072.5,530.5,0.9992934,1.4986062
852.5,430.5,884.5,498.5,0.9988459,0.7984144
110.5,432.5,220.5,382.5,0.9969123,0.4955201
168.5,434.5,272.5,394.5,0.93009424,1.467371
388.5,436.5,468.5,430.5,0.9990198,0.69927603
1038.5,436.5,1048.5,532.5,0.9987407,1.7107776
1232.5,436.5,1224.5,562.5,0.99460566,0.83346486
592.5,438.5,650.5,464.5,0.9992078,0.67609155
1492.5,438.5,1454.5,606.5,0.997635,1.9438243
178.5,442.5,278.5,404.5,0.9952875,2.5771499
434.5,442.5,508.5,442.5,0.9996194,0.032877576
904.5,442.5,928.5,516.5,0.99930364,0.8122942
20.5,444.5,138.5,378.5,0.9853423,1.0309807
794.5,444.5,830.5,500.5,0.999329,0.59103507
240.5,448.5,334.5,416.5,0.9366353,0.94605863
950.5,448.5,970.5,528.5,0.9976641,1.2556921
1352.5,448.5,1330.5,592.5,0.99964386,1.0976958
1148.5,450.5,1144.5,562.5,0.99936754,1.986573
140.5,452.5,242.5,406.5,0.9985327,1.9264138
230.5,454.5,324.5,420.5,0.97879666,0.7264199
270.5,458.5,360.5,432.5,0.998528,2.0815485
352.5,458.5,432.5,442.5,0.9936936,1.3520936
624.5,460.5,674.5,488.5,0.9905439,1.2779574
38.5,464.5,150.5,398.5,0.9935907,1.1530591
1724.5,464.5,1660.5,664.5,0.99888104,1.4186103
166.5,466.5,264.5,422.5,0.6846708,0.89825356
548.5,470.5,604.5,484.5,0.9992056,1.9520905
1468.5,470.5,1430.5,630.5,0.99942714,0.73719233
16.5,472.5,130.5,404.5,0.93622905,1.4969491
962.5,472.5,976.5,554.5,0.99894094,1.8203075
1428.5,472.5,1390.5,624.5,0.9868486,3.6318443
1994.5,472.5,1900.5,714.5,0.99638337,1.096615
1324.5,474.5,1298.5,612.5,0.99864316,1.9704822
1414.5,474.5,1380.5,624.5,0.9750216,1.3659602
1684.5,474.5,1622.5,668.5,0.9990132,0.081706725
846.5,478.5,872.5,540.5,0.9993784,1.1139939
1634.5,478.5,1576.5,664.5,0.99926126,0.75996715
1182.5,482.5,1172.5,596.5,0.99914205,0.6462147
1122.5,484.5,1118.5,588.5,0.99965906,0.6881779
32.5,488.5,142.5,420.5,0.99514,1.1906589
354.5,488.5,430.5,470.5,0.9989412,1.0158249
1704.5,488.5,1638.5,684.5,0.99926245,0.4358997
268.5,490.5,352.5,460.5,0.9941307,1.2742208
376.5,490.5,450.5,476.5,0.9986366,1.5048074
458.5,490.5,522.5,490.5,0.9995328,1.2699965
1072.5,490.5,1072.5,586.5,0.99975777,0.50645083
1346.5,490.5,1316.5,628.5,0.9989238,1.3049974
1902.5,492.5,1814.5,718.5,0.99822474,0.61590797
1596.5,496.5,1540.5,672.5,0.9985302,1.7618766
550.5,498.5,604.5,510.5,0.9986184,1.0598322
1164.5,498.5,1152.5,608.5,0.9994269,0.979026
192.5,500.5,282.5,456.5,0.9974941,0.36578912
1670.5,500.5,1604.5,688.5,0.99884975,1.7477108
1766.5,500.5,1690.5,704.5,0.9992301,1.3808126
1396.5,504.5,1358.5,650.5,0.99910116,1.6251614
1628.5,504.5,1568.5,686.5,0.99762994,0.8103386
122.5,506.5,218.5,450.5,0.99832433,0.58357114
706.5,508.5,742.5,544.5,0.9982606,0.8889817
620.5,510.5,664.5,532.5,0.9994425,0.29025212
886.5,510.5,902.5,576.5,0.9993545,1.7979399
1120.5,510.5,1112.5,610.5,0.9992435,1.2719753
266.5,512.5,346.5,478.5,0.99831194,0.5690605
762.5,512.5,792.5,556.5,0.9987189,1.4465698
868.5,512.5,886.5,574.5,0.99944973,0.97699314
912.5,514.5,924.5,582.5,0.9996181,0.60199386
226.5,518.5,310.5,478.5,0.98368394,0.8482252
52.5,520.5,154.5,452.5,0.9982475,0.58229303
650.5,520.5,688.5,546.5,0.93904185,1.0856508
988.5,522.5,992.5,602.5,0.99810356,1.1414853
1326.5,522.5,1292.5,654.5,0.9992614,2.01558
846.5,524.5,864.5,580.5,0.99959236,0.42900902
688.5,526.5,720.5,558.5,0.9613681,2.2746294
1078.5,528.5,1072.5,620.5,0.9987318,1.1824052
330.5,532.5,400.5,506.5,0.99927026,0.7087457
350.5,532.5,418.5,510.5,0.99861836,0.9352297
778.5,532.5,800.5,578.5,0.9979867,2.1212964
1372.5,532.5,1334.5,672.5,0.9966802,1.4429651
744.5,536.5,772.5,576.5,0.99803174,1.5927109
482.5,538.5,534.5,536.5,0.9988394,1.9009768
146.5,540.5,236.5,484.5,0.95105827,1.3198384
452.5,540.5,508.5,532.5,0.9991064,0.85733294
1454.5,542.5,1406.5,692.5,0.99954075,0.78250176
96.5,544.5,188.5,480.5,0.99718857,1.309143
576.5,544.5,618.5,556.5,0.99935985,1.082556
900.5,546.5,908.5,608.5,0.99953574,1.0237086
860.5,548.5,872.5,604.5,0.9994091,0.68018246
302.5,550.5,372.5,518.5,0.9982821,0.8075606
122.5,552.5,210.5,492.5,0.99780095,1.5459924
602.5,552.5,640.5,566.5,0.9982146,1.4351301
832.5,552.5,846.5,604.5,0.9992138,1.208317
1620.5,554.5,1552.5,730.5,0.999338,0.55100685
240.5,556.5,316.5,512.5,0.9832832,1.4458054
1772.5,556.5,1688.5,754.5,0.9978072,1.2553073
754.5,558.5,776.5,594.5,0.9970889,2.346321
794.5,558.5,812.5,604.5,0.99895114,1.3469872
1290.5,558.5,1256.5,682.5,0.9997012,1.0492764
390.5,560.5,450.5,540.5,0.99717134,0.66732585
1108.5,560.5,1092.5,654.5,0.9991286,0.80478007
774.5,562.5,794.5,602.5,0.9995747,1.2022465
740.5,564.5,762.5,600.5,0.9830927,0.86853665
254.5,566.5,324.5,524.5,0.42120248,3.3375664
982.5,566.5,980.5,640.5,0.9971558,1.0747076
1804.5,568.5,1714.5,772.5,0.9982468,1.1577404
1478.5,578.5,1422.5,728.5,0.9991414,0.94926405
460.5,580.5,510.5,570.5,0.99946034,0.62115145
1580.5,580.5,1510.5,748.5,0.9993384,2.71932
112.5,582.5,196.5,516.5,0.99700505,1.7015314
726.5,584.5,748.5,616.5,0.9990945,1.2684906
762.5,586.5,780.5,622.5,0.9990487,1.2591183
1430.5,586.5,1376.5,728.5,0.9994817,0.9877972
16.5,588.5,110.5,508.5,0.9902649,1.4999697
814.5,588.5,826.5,632.5,0.9998176,1.0639932
76.5,590.5,166.5,518.5,0.99372053,1.8603901
132.5,590.5,214.5,526.5,0.99925935,0.84364253
1140.5,590.5,1116.5,686.5,0.9976578,0.7219797
1326.5,590.5,1282.5,716.5,0.9995995,1.4313786
1718.5,590.5,1634.5,778.5,0.99803126,0.85487527
396.5,592.5,450.5,572.5,0.9980598,1.764715
1616.5,592.5,1542.5,764.5,0.9979783,1.2724583
1926.5,592.5,1820.5,812.5,0.9987804,0.22718899
1098.5,594.5,1078.5,682.5,0.99955344,0.9985856
942.5,596.5,938.5,660.5,0.9993444,0.50661445
1850.5,596.5,1750.5,802.5,0.99368054,1.976632
468.5,602.5,514.5,590.5,0.99931186,0.9931617
840.5,602.5,846.5,648.5,0.9977121,1.3287203
784.5,604.5,796.5,642.5,0.9987643,0.3332186
2014.5,604.5,1896.5,836.5,0.97258484,1.071153
592.5,606.5,624.5,614.5,0.95030594,0.495996
1490.5,606.5,1426.5,756.5,0.9995599,1.6195663
270.5,608.5,334.5,566.5,0.99652183,1.6319035
706.5,608.5,724.5,634.5,0.999393,1.4073792
1762.5,608.5,1670.5,800.5,0.9986141,0.77436274
540.5,610.5,576.5,608.5,0.9995318,1.1779797
1338.5,610.5,1290.5,736.5,0.999707,1.2329417
314.5,612.5,374.5,574.5,0.999028,1.2508411
46.5,614.5,134.5,536.5,0.9967102,1.388019
426.5,616.5,472.5,596.5,0.9993748,1.4664869
1552.5,616.5,1480.5,774.5,0.99891686,1.4878913
456.5,618.5,498.5,602.5,0.99894863,2.176137
1822.5,618.5,1722.5,818.5,0.99838966,1.0938618
1042.5,620.5,1024.5,696.5,0.99894494,1.3327404
1150.5,622.5,1120.5,716.5,0.99890816,0.63688153
20.5,624.5,106.5,540.5,0.9701546,2.6741934
808.5,624.5,814.5,664.5,0.99901855,0.12720765
766.5,626.5,776.5,658.5,0.99933374,1.1297456
986.5,630.5,972.5,698.5,0.9993637,0.7839052
274.5,632.5,334.5,586.5,0.996503,1.1252172
394.5,632.5,442.5,606.5,0.9972492,0.31897852
680.5,632.5,698.5,650.5,0.9991965,0.9436665
1948.5,634.5,1832.5,854.5,0.9924687,1.6200011
424.5,636.5,468.5,614.5,0.9971847,0.44234553
578.5,638.5,606.5,640.5,0.9985634,0.17725354
1214.5,638.5,1176.5,740.5,0.9994873,0.8391217
1874.5,638.5,1764.5,844.5,0.95588523,2.4011922
838.5,640.5,838.5,684.5,0.9997402,1.0858796
1190.5,640.5,1154.5,736.5,0.62534,2.6118844
1270.5,642.5,1224.5,752.5,0.99930775,1.3412894
1398.5,642.5,1340.5,772.5,0.9994329,1.3081299
250.5,644.5,312.5,594.5,0.9994879,0.6479174
1460.5,644.5,1394.5,786.5,0.9996299,1.395305
1584.5,644.5,1506.5,804.5,0.9992876,0.46878704
498.5,646.5,534.5,634.5,0.99920094,1.140422
942.5,646.5,930.5,704.5,0.999443,1.0082312
1750.5,646.5,1654.5,832.5,0.99873865,0.35364243
448.5,648.5,488.5,628.5,0.9995441,0.6085638
1614.5,648.5,1532.5,812.5,0.99943495,0.6792176
906.5,650.5,898.5,704.5,0.99828655,1.3244125
1138.5,650.5,1104.5,740.5,0.9990779,1.6050917
1858.5,650.5,1748.5,852.5,0.95725524,2.2800894
1216.5,654.5,1174.5,756.5,0.99850124,1.0208294
1428.5,654.5,1364.5,786.5,0.9989711,2.7226279
1250.5,656.5,1204.5,762.5,0.9989949,0.8653704
1168.5,658.5,1130.5,750.5,0.94927317,1.611338
1680.5,660.5,1590.5,834.5,0.99940217,0.89637405
1856.5,660.5,1746.5,862.5,0.9329133,0.7852735
292.5,662.5,346.5,616.5,0.9985314,0.53803486
1178.5,662.5,1140.5,756.5,0.9789395,0.7343222
526.5,664.5,556.5,656.5,0.99928415,1.0061624
1098.5,664.5,1066.5,746.5,0.99888843,1.5053564
658.5,666.5,674.5,678.5,0.9991402,0.81437767
1532.5,666.5,1456.5,816.5,0.9971363,0.36451644
348.5,670.5,394.5,634.5,0.8302312,1.8032898
338.5,672.5,384.5,632.5,0.8413042,1.9041346
1246.5,672.5,1198.5,776.5,0.9930167,0.67620605
2024.5,672.5,1894.5,900.5,0.86616826,1.638198
114.5,674.5,186.5,600.5,0.99857485,1.384214
1410.5,674.5,1344.5,804.5,0.9991588,1.2093208
1798.5,674.5,1692.5,866.5,0.9974725,1.1429046
1510.5,676.5,1432.5,822.5,0.99803513,2.4884026
510.5,680.5,538.5,666.5,0.9990586,1.1509961
938.5,680.5,922.5,734.5,0.9965246,0.69593847
1210.5,682.5,1166.5,780.5,0.9992878,1.314569
2024.5,684.5,1892.5,910.5,0.9355397,1.3578616
1476.5,686.5,1398.5,824.5,0.99277425,4.470801
1736.5,686.5,1634.5,866.5,0.99707705,1.1506695
1850.5,686.5,1736.5,884.5,0.9967104,1.2126583
298.5,688.5,348.5,642.5,0.99855405,1.3864838
1136.5,688.5,1098.5,774.5,0.9989317,1.0275518
1236.5,690.5,1186.5,790.5,0.9974161,1.0665578
1400.5,690.5,1332.5,816.5,0.9995819,1.7745675
1548.5,690.5,1464.5,840.5,0.9877664,2.2102644
1700.5,690.5,1602.5,864.5,0.99842924,0.3235749
84.5,694.5,156.5,612.5,0.99861073,1.1628351
112.5,696.5,180.5,618.5,0.9992369,0.65055317
1294.5,696.5,1238.5,806.5,0.93211806,0.8790712
1474.5,696.5,1398.5,834.5,0.9421546,1.1046423
1372.5,698.5,1308.5,820.5,0.9988624,0.9877514
56.5,700.5,130.5,614.5,0.9968021,1.3398389
540.5,700.5,560.5,690.5,0.999258,2.2075949
1272.5,700.5,1218.5,806.5,0.9982574,0.89302254
1808.5,702.5,1696.5,892.5,0.9984982,1.1405525
964.5,704.5,942.5,760.5,0.99912024,0.87107754
1630.5,704.5,1538.5,864.5,0.99751216,1.4614459
1020.5,706.5,990.5,772.5,0.9992623,1.5203214
92.5,712.5,158.5,632.5,0.9993789,2.5905614
1336.5,714.5,1272.5,828.5,0.999314,0.6296462
1220.5,716.5,1168.5,812.5,0.9990131,0.785091
1560.5,716.5,1472.5,866.5,0.99589926,1.2865714
1844.5,716.5,1728.5,908.5,0.99348015,2.0666368
328.5,718.5,370.5,672.5,0.99922496,0.56506103
1424.5,718.5,1350.5,844.5,0.9995644,1.5552568
244.5,720.5,294.5,660.5,0.99878794,0.8645599
1316.5,720.5,1254.5,830.5,0.9990582,0.25245726
472.5,722.5,498.5,700.5,0.9974206,1.3629152
1188.5,722.5,1140.5,812.5,0.99942297,1.1913646
1382.5,722.5,1312.5,844.5,0.9465148,1.7813022
1448.5,722.5,1370.5,852.5,0.9997196,1.7786292
432.5,724.5,462.5,694.5,0.9994929,0.31868932
68.5,726.5,136.5,638.5,0.99545354,0.66778105
1476.5,726.5,1396.5,860.5,0.9992809,0.7245634
1620.5,726.5,1522.5,884.5,0.9995509,3.032353
1720.5,726.5,1614.5,900.5,0.99931866,0.91547877
1232.5,728.5,1176.5,824.5,0.99831575,1.2984754
1814.5,728.5,1698.5,916.5,0.99572796,0.37468573
1270.5,730.5,1212.5,832.5,0.9990476,1.0198386
1364.5,730.5,1296.5,846.5,0.9618003,1.0457462
1596.5,730.5,1502.5,882.5,0.9754048,1.5169133
114.5,734.5,176.5,654.5,0.99938893,1.2608054
138.5,734.5,198.5,656.5,0.9993774,1.2722015
1404.5,734.5,1330.5,858.5,0.99320453,1.5203198
88.5,736.5,152.5,650.5,0.9991389,0.58573866
638.5,736.5,644.5,738.5,0.9992796,0.65876406
1386.5,736.5,1314.5,854.5,0.9598314,1.4698797
1126.5,738.5,1080.5,816.5,0.9822061,0.847641
1992.5,738.5,1854.5,952.5,0.9972175,2.3233438
1088.5,740.5,1046.5,812.5,0.9997793,0.48391584
960.5,742.5,932.5,794.5,0.9995664,0.5926894
550.5,744.5,564.5,730.5,0.99969876,0.68415785
736.5,744.5,730.5,760.5,0.9997153,0.7142432
1172.5,744.5,1120.5,828.5,0.99789387,1.3536148
246.5,746.5,292.5,686.5,0.9986248,1.569587
604.5,746.5,610.5,742.5,0.9973502,2.447739
1322.5,746.5,1254.5,856.5,0.9960279,1.9745126
1732.5,746.5,1622.5,920.5,0.9988916,0.96470785
1912.5,746.5,1784.5,946.5,0.9959588,1.6385
1630.5,748.5,1530.5,904.5,0.99886227,0.8632106
674.5,750.5,674.5,756.5,0.99901927,0.4740727
796.5,750.5,782.5,774.5,0.99970484,1.716093
926.5,750.5,900.5,796.5,0.9996877,0.62905884
1234.5,750.5,1176.5,844.5,0.9993317,0.38383567
1354.5,750.5,1284.5,862.5,0.8923055,1.3433045
1442.5,750.5,1362.5,878.5,0.99915814,1.1705501
1484.5,752.5,1398.5,886.5,0.9958445,1.3416066
212.5,756.5,260.5,688.5,0.9982532,0.3098966
1570.5,756.5,1476.5,902.5,0.99835706,0.6656973
1820.5,756.5,1700.5,942.5,0.9993049,0.7066032
1386.5,758.5,1308.5,876.5,0.99928206,2.575519
402.5,760.5,428.5,720.5,0.99966526,1.9933273
600.5,762.5,606.5,754.5,0.99294794,0.6746333
144.5,764.5,198.5,684.5,0.99965346,0.65015316
192.5,766.5,240.5,694.5,0.999489,0.26415515
246.5,768.5,288.5,704.5,0.99866813,0.2833279
474.5,768.5,494.5,740.5,0.9965077,1.6444886
576.5,768.5,584.5,756.5,0.9786528,0.4043388
992.5,768.5,956.5,822.5,0.99969375,0.14256579
122.5,770.5,176.5,686.5,0.9995368,0.97994244
558.5,772.5,566.5,756.5,0.9995215,1.3592354
1214.5,772.5,1154.5,862.5,0.9996048,1.4743412
1360.5,774.5,1284.5,886.5,0.9985473,0.88343686
1554.5,774.5,1458.5,916.5,0.99939877,0.31700808
956.5,776.5,922.5,824.5,0.9995745,0.8672726
1400.5,776.5,1320.5,894.5,0.9982838,0.52746767
2030.5,776.5,1884.5,992.5,0.9984494,0.9539869
294.5,778.5,330.5,720.5,0.9993174,0.7757992
1474.5,778.5,1386.5,908.5,0.99816686,1.041221
1644.5,778.5,1538.5,934.5,0.9984964,0.3302993
1440.5,780.5,1354.5,904.5,0.9997519,1.4457062
1916.5,780.5,1782.5,978.5,0.9991075,0.7532534
1180.5,782.5,1120.5,866.5,0.99527663,2.9020019
1342.5,782.5,1268.5,890.5,0.9922563,0.8018788
156.5,784.5,206.5,704.5,0.9988765,0.9040735
406.5,784.5,428.5,744.5,0.9997307,0.99301165
1688.5,786.5,1576.5,948.5,0.99949116,0.40144324
1272.5,788.5,1204.5,884.5,0.99920684,0.362828
1870.5,788.5,1738.5,976.5,0.99647325,2.6306744
2000.5,788.5,1854.5,998.5,0.99823636,1.6926836
582.5,790.5,584.5,776.5,0.99788564,1.8133458
1326.5,792.5,1250.5,894.5,0.99932945,2.5235677
1504.5,792.5,1412.5,924.5,0.99874574,1.3090223
112.5,794.5,164.5,706.5,0.9987631,0.32318228
710.5,794.5,700.5,800.5,0.99944466,0.81776965
776.5,794.5,758.5,812.5,0.99977416,1.101888
844.5,794.5,820.5,822.5,0.9959075,0.51686394
284.5,798.5,316.5,738.5,0.9995953,1.816192
206.5,800.5,248.5,726.5,0.9972847,0.7924989
1064.5,800.5,1016.5,862.5,0.9964592,0.4791371
1208.5,800.5,1146.5,884.5,0.9992578,1.6908109
1424.5,800.5,1338.5,920.5,0.9983457,1.248428
354.5,802.5,378.5,752.5,0.9993686,1.6016726
424.5,804.5,442.5,764.5,0.9993727,0.49027747
1290.5,806.5,1218.5,904.5,0.962017,1.4904004
1654.5,806.5,1544.5,960.5,0.99850553,1.2856643
1752.5,806.5,1630.5,976.5,0.9988684,0.5376544
1356.5,808.5,1276.5,914.5,0.88767576,1.2324582
1172.5,810.5,1112.5,888.5,0.9989559,1.3644497
1370.5,812.5,1286.5,920.5,0.91042525,1.8663604
1146.5,814.5,1086.5,888.5,0.9992846,0.93598425
1230.5,814.5,1162.5,898.5,0.99311656,2.6732955
1542.5,814.5,1440.5,948.5,0.99914956,2.300519
1952.5,818.5,1808.5,1018.5,0.9773064,0.3840094
268.5,820.5,300.5,754.5,0.9992567,0.32867235
822.5,820.5,796.5,840.5,0.999177,1.6618118
1286.5,820.5,1212.5,914.5,0.48663226,1.2473246
1380.5,822.5,1294.5,932.5,0.9120153,1.0768561
1452.5,826.5,1360.5,946.5,0.99462926,1.2953284
94.5,828.5,142.5,734.5,0.99807966,0.6952967
1310.5,828.5,1232.5,926.5,0.99750674,0.676255
1406.5,828.5,1316.5,940.5,0.99353,1.6268026
1880.5,828.5,1742.5,1016.5,0.99789596,0.3920197
246.5,830.5,278.5,760.5,0.9989634,0.564222
1230.5,830.5,1160.5,916.5,0.98281866,1.1657891
1724.5,830.5,1602.5,992.5,0.9984737,1.0334153
166.5,832.5,206.5,750.5,0.9959414,1.2844341
1254.5,832.5,1180.5,922.5,0.9960756,1.5363092
1804.5,834.5,1672.5,1010.5,0.99154013,1.0474973
1492.5,836.5,1394.5,960.5,0.9987601,1.9858538
1854.5,836.5,1716.5,1020.5,0.9897756,1.5831585
744.5,838.5,724.5,846.5,0.9992961,1.1146775
836.5,838.5,806.5,860.5,0.9997645,0.59822196
1674.5,838.5,1556.5,992.5,0.996245,0.4322139
1424.5,842.5,1330.5,958.5,0.98959714,2.025385
862.5,844.5,828.5,870.5,0.99947613,0.62252766
1272.5,846.5,1196.5,936.5,0.9903368,1.5187178
1384.5,848.5,1294.5,956.5,0.99564505,0.72439927
1402.5,850.5,1310.5,962.5,0.9681632,1.9596283
1530.5,850.5,1424.5,982.5,0.99928755,1.9280144
1504.5,852.5,1402.5,978.5,0.9992713,0.76208067
142.5,856.5,182.5,766.5,0.998933,0.9233374
678.5,856.5,662.5,852.5,0.9994175,1.243498
958.5,856.5,912.5,894.5,0.9938131,1.3527938
1420.5,858.5,1326.5,970.5,0.99281454,0.91288525
1590.5,860.5,1476.5,998.5,0.99915683,1.1886113
484.5,862.5,486.5,826.5,0.99960095,0.49047446
508.5,862.5,508.5,830.5,0.99951917,0.33262324
604.5,862.5,594.5,846.5,0.99970675,1.1792696
1272.5,862.5,1192.5,950.5,0.911324,0.27943933
1340.5,862.5,1254.5,960.5,0.9971349,1.542109
286.5,864.5,308.5,798.5,0.999541,1.8202949
436.5,864.5,442.5,820.5,0.9992083,1.1903623
96.5,866.5,138.5,768.5,0.9990481,0.52068406
1360.5,866.5,1270.5,968.5,0.99750894,0.27377385
424.5,868.5,432.5,822.5,0.9991365,0.2889185
1488.5,868.5,1384.5,988.5,0.9988723,1.7888095
1916.5,868.5,1768.5,1056.5,0.9984612,1.3798803
906.5,870.5,862.5,900.5,0.9992602,1.0758003
380.5,872.5,392.5,818.5,0.99969643,0.46682522
1284.5,872.5,1200.5,962.5,0.86035526,1.423169
660.5,876.5,642.5,866.5,0.9996928,0.25809008
1556.5,876.5,1444.5,1008.5,0.9989849,0.35722187
818.5,880.5,782.5,894.5,0.99965364,0.97651356
1596.5,880.5,1480.5,1018.5,0.99733126,0.93641376
1644.5,880.5,1522.5,1024.5,0.9984533,1.1269689
1680.5,880.5,1554.5,1030.5,0.9804735,0.888362
1822.5,880.5,1682.5,1052.5,0.9985009,1.3071055
1304.5,882.5,1216.5,974.5,0.83152807,1.6383559
1198.5,884.5,1122.5,956.5,0.9983858,2.30218
356.5,886.5,368.5,828.5,0.99963003,0.8437612
622.5,886.5,606.5,868.5,0.99974847,1.1763847
1400.5,886.5,1302.5,990.5,0.9324107,2.1119282
166.5,888.5,198.5,798.5,0.9987103,1.012407
506.5,894.5,500.5,858.5,0.9963798,1.1203647
730.5,894.5,702.5,892.5,0.9975418,1.4048291
1302.5,894.5,1214.5,984.5,0.8429521,0.41368628
1526.5,896.5,1414.5,1022.5,0.9982437,1.1875433
1952.5,896.5,1796.5,1086.5,0.9978013,2.1531346
1718.5,898.5,1584.5,1054.5,0.99616134,1.9081527
1374.5,900.5,1278.5,1000.5,0.9988414,0.82645285
408.5,902.5,412.5,850.5,0.99930835,0.32822567
556.5,902.5,544.5,872.5,0.9996142,1.2271103
362.5,904.5,372.5,844.5,0.9993467,1.3965225
1764.5,904.5,1626.5,1064.5,0.99942726,1.5583104
476.5,906.5,472.5,864.5,0.99978817,0.3677577
1344.5,906.5,1250.5,1002.5,0.9978958,1.1013085
250.5,912.5,270.5,834.5,0.9990649,0.9592245
1096.5,912.5,1026.5,966.5,0.9976819,1.3499418
1420.5,912.5,1316.5,1018.5,0.99755347,0.69395256
1466.5,912.5,1356.5,1026.5,0.92877823,1.7790849
1626.5,912.5,1500.5,1050.5,0.99929124,1.3551844
878.5,914.5,830.5,936.5,0.9995183,1.6980225
1322.5,914.5,1228.5,1006.5,0.9948684,1.3748757
1802.5,914.5,1658.5,1080.5,0.9989064,0.5548199
168.5,916.5,196.5,824.5,0.9995502,1.016268
1502.5,916.5,1390.5,1034.5,0.98591214,1.1365077
686.5,918.5,656.5,906.5,0.9994832,3.1285954
598.5,922.5,580.5,898.5,0.99949735,1.0184965
1296.5,922.5,1204.5,1008.5,0.99366415,0.22039679
1592.5,924.5,1468.5,1056.5,0.99876815,0.7231247
108.5,926.5,140.5,826.5,0.9897729,2.1919672
372.5,930.5,376.5,870.5,0.9967279,1.0624393
742.5,930.5,706.5,928.5,0.9995365,0.8861206
1400.5,930.5,1296.5,1032.5,0.9950904,0.66414976
1476.5,930.5,1364.5,1044.5,0.9969733,0.65651214
798.5,932.5,756.5,940.5,0.9988615,1.957824
1450.5,932.5,1340.5,1042.5,0.9988287,0.9912102
1968.5,932.5,1804.5,1122.5,0.99836737,0.8178872
94.5,934.5,126.5,828.5,0.99703425,0.7763526
522.5,934.5,508.5,896.5,0.99912465,1.1803176
1554.5,934.5,1434.5,1058.5,0.9967522,1.5671877
2030.5,934.5,1860.5,1134.5,0.9849722,0.8814904
154.5,936.5,178.5,840.5,0.9994087,1.3521922
680.5,936.5,650.5,922.5,0.99916387,1.1056807
274.5,938.5,286.5,860.5,0.9994419,0.9027736
958.5,938.5,900.5,970.5,0.99942887,1.7057006
1356.5,938.5,1254.5,1032.5,0.87375015,1.2365555
1414.5,938.5,1308.5,1040.5,0.9975107,1.1701642
1508.5,938.5,1390.5,1056.5,0.9984153,1.3160335
1678.5,938.5,1544.5,1082.5,0.99706745,0.69180995
1994.5,938.5,1826.5,1132.5,0.9950846,0.45736724
70.5,940.5,104.5,832.5,0.99846613,1.7118459
304.5,940.5,312.5,868.5,0.9985691,1.2321079
1316.5,940.5,1216.5,1026.5,0.61813873,3.213017
1328.5,940.5,1226.5,1028.5,0.6867225,3.8957005
340.5,942.5,344.5,876.5,0.9967153,1.5390553
1286.5,942.5,1190.5,1024.5,0.9982655,1.8643671
226.5,948.5,240.5,862.5,0.99881476,1.9230676
1584.5,950.5,1456.5,1078.5,0.99592334,1.4264989
546.5,956.5,526.5,920.5,0.99497837,1.1574826
1442.5,956.5,1328.5,1062.5,0.9796285,1.5042957
42.5,958.5,76.5,842.5,0.9982793,0.39612627
882.5,958.5,826.5,974.5,0.99968123,1.768832
954.5,958.5,892.5,986.5,0.99954367,0.1051088
174.5,962.5,194.5,866.5,0.99874544,0.96957004
1374.5,964.5,1268.5,1058.5,0.9991485,0.88105994
1514.5,964.5,1392.5,1080.5,0.9822213,0.55065155
126.5,966.5,150.5,862.5,0.9975569,0.6559555
694.5,966.5,656.5,954.5,0.74459785,2.7799628
748.5,968.5,706.5,962.5,0.9993753,0.46604156
1542.5,974.5,1416.5,1092.5,0.9985886,1.1701665
1578.5,974.5,1448.5,1100.5,0.9993877,1.1699232
456.5,976.5,444.5,922.5,0.9996491,1.6322919
490.5,976.5,474.5,928.5,0.97371936,0.90218776
78.5,978.5,104.5,866.5,0.9974016,0.7690056
206.5,978.5,218.5,886.5,0.99929494,1.2850933
766.5,982.5,718.5,978.5,0.9996713,2.0083642
638.5,984.5,606.5,960.5,0.9995605,1.0816658
1388.5,984.5,1276.5,1078.5,0.9992929,0.5806294
346.5,988.5,344.5,918.5,0.9991,1.4614195
414.5,988.5,404.5,928.5,0.9989898,0.37391052
154.5,990.5,170.5,888.5,0.9983918,0.91114277
132.5,992.5,152.5,886.5,0.99916345,1.3759782
1118.5,994.5,1034.5,1044.5,0.998209,0.7679217
846.5,996.5,788.5,1004.5,0.9994856,1.7347778
952.5,996.5,886.5,1020.5,0.99891454,1.708592
1406.5,996.5,1290.5,1092.5,0.9992873,0.97806585
1458.5,996.5,1338.5,1100.5,0.997283,0.7819122
1638.5,996.5,1498.5,1128.5,0.9992726,0.47556677
38.5,998.5,66.5,876.5,0.9966094,1.2656745
1352.5,998.5,1242.5,1086.5,0.9979624,1.3413807
628.5,1000.5,594.5,972.5,0.9996499,0.42108175
734.5,1000.5,690.5,990.5,0.99956846,1.8544066
1058.5,1000.5,980.5,1040.5,0.99854434,1.4192077
712.5,1002.5,668.5,988.5,0.99919826,0.9322126
92.5,1004.5,112.5,890.5,0.9971293,1.5828307
1806.5,1004.5,1646.5,1162.5,0.9993122,1.6459563
910.5,1006.5,846.5,1022.5,0.99966156,0.86858374
580.5,1012.5,548.5,974.5,0.9995417,1.5214664
774.5,1020.5,722.5,1012.5,0.99925745,1.3931521
1094.5,1022.5,1008.5,1066.5,0.99375045,0.87880236
1560.5,1022.5,1422.5,1140.5,0.97978914,2.7341554
1862.5,1022.5,1694.5,1186.5,0.995558,1.1265042
736.5,1024.5,688.5,1012.5,0.99934006,1.9771332
950.5,1024.5,878.5,1044.5,0.99935013,0.4906917
1884.5,1026.5,1714.5,1194.5,0.9960968,0.28734037
470.5,1028.5,448.5,972.5,0.99946153,0.38952848
1332.5,1030.5,1218.5,1110.5,0.97120506,1.1625718
16.5,1032.5,40.5,904.5,0.9952647,0.67816204
222.5,1034.5,224.5,938.5,0.999035,0.9149534
986.5,1034.5,910.5,1060.5,0.9978945,1.527992
448.5,1036.5,428.5,976.5,0.99945027,1.2224865
522.5,1038.5,492.5,990.5,0.99955666,0.9009526
630.5,1038.5,590.5,1006.5,0.99955815,0.777474
1310.5,1040.5,1196.5,1118.5,0.6740441,3.0198836
670.5,1044.5,624.5,1018.5,0.99926096,0.3242807
764.5,1044.5,708.5,1034.5,0.9946114,1.0646852
964.5,1044.5,886.5,1064.5,0.98204327,1.5945424
1228.5,1044.5,1124.5,1106.5,0.9944201,0.3183163
264.5,1046.5,260.5,956.5,0.9962471,0.48214036
1202.5,1050.5,1100.5,1108.5,0.98171175,0.605227
2022.5,1052.5,1834.5,1238.5,0.9972179,0.9672662
154.5,1054.5,160.5,946.5,0.9973024,0.791515
744.5,1054.5,688.5,1038.5,0.9988903,1.2457453
938.5,1054.5,862.5,1070.5,0.99788004,0.8353425
452.5,1058.5,426.5,996.5,0.9990041,0.9366282
354.5,1060.5,338.5,982.5,0.99885637,1.0407349
96.5,1062.5,108.5,944.5,0.99722135,0.5610222
244.5,1062.5,240.5,968.5,0.9967783,0.9508257
1518.5,1062.5,1380.5,1168.5,0.9988614,0.6443139
1936.5,1062.5,1754.5,1234.5,0.99630976,0.86303955
1146.5,1064.5,1048.5,1112.5,0.99902433,1.0645958
1172.5,1064.5,1072.5,1116.5,0.99886656,1.6035774
1790.5,1064.5,1624.5,1212.5,0.9988585,0.9124737
1896.5,1064.5,1718.5,1230.5,0.9974044,0.8125359
484.5,1068.5,454.5,1010.5,0.9980158,0.31156042
1408.5,1068.5,1280.5,1156.5,0.9989452,1.207159
1264.5,1070.5,1152.5,1134.5,0.9989435,1.2320143
324.5,1072.5,310.5,988.5,0.9996459,0.63670087
674.5,1072.5,622.5,1044.5,0.9996312,1.4326683
534.5,1074.5,498.5,1024.5,0.99945724,0.48334137
1282.5,1074.5,1168.5,1142.5,0.9987876,0.6563818
928.5,1078.5,850.5,1088.5,0.988979,1.3570828
132.5,1080.5,134.5,966.5,0.9978083,2.9685252
1962.5,1080.5,1774.5,1254.5,0.99864197,1.3380989
470.5,1082.5,440.5,1022.5,0.99974465,1.5783331
646.5,1084.5,596.5,1050.5,0.9998403,0.5095014
1374.5,1084.5,1248.5,1166.5,0.9984341,0.89960533
1152.5,1086.5,1048.5,1132.5,0.9982235,1.1683011
336.5,1088.5,318.5,1006.5,0.9990656,1.1874204
934.5,1088.5,852.5,1098.5,0.99682945,2.091067
862.5,1090.5,788.5,1090.5,0.99478966,0.9554165
1196.5,1090.5,1088.5,1142.5,0.9938049,0.40974262
452.5,1096.5,420.5,1030.5,0.9997752,0.94470245
1692.5,1096.5,1530.5,1226.5,0.99930096,1.0365524
1794.5,1096.5,1622.5,1242.5,0.9981854,0.39376926
942.5,1098.5,860.5,1110.5,0.9905007,0.91277087
1588.5,1098.5,1438.5,1212.5,0.9986384,0.67757225
16.5,1100.5,28.5,966.5,0.9490224,2.1242204
584.5,1100.5,538.5,1056.5,0.98951244,1.3288618
1832.5,1100.5,1656.5,1252.5,0.9988249,0.35575637
1122.5,1102.5,1020.5,1142.5,0.9989973,0.5803931
488.5,1104.5,450.5,1042.5,0.9994252,2.192528
1210.5,1104.5,1098.5,1158.5,0.9990004,0.8884704
296.5,1106.5,280.5,1016.5,0.9993634,1.3949693
1298.5,1106.5,1176.5,1172.5,0.9991811,1.0946018
1404.5,1110.5,1272.5,1192.5,0.9994203,1.5298231
130.5,1112.5,130.5,994.5,0.9977502,0.19966088
102.5,1114.5,106.5,992.5,0.9993093,1.5346881
1362.5,1114.5,1232.5,1190.5,0.999233,0.7561244
724.5,1116.5,662.5,1092.5,0.99855685,1.1223264
810.5,1120.5,738.5,1108.5,0.99935544,0.509303
1842.5,1120.5,1662.5,1272.5,0.99786633,0.89023143
1866.5,1126.5,1682.5,1280.5,0.9973386,0.40720683
1248.5,1128.5,1128.5,1186.5,0.99939394,1.4493504
1646.5,1128.5,1484.5,1248.5,0.9986897,0.96437395
432.5,1130.5,398.5,1058.5,0.9997099,0.55074656
690.5,1130.5,628.5,1098.5,0.9997326,0.6842365
1422.5,1132.5,1284.5,1216.5,0.9966506,0.49201483
716.5,1136.5,650.5,1108.5,0.98605216,0.9454898
1588.5,1136.5,1432.5,1246.5,0.9987997,0.66010684
1616.5,1136.5,1456.5,1248.5,0.9699923,2.0053768
1626.5,1136.5,1466.5,1250.5,0.99002457,1.5116751
114.5,1138.5,112.5,1014.5,0.9985259,0.66686517
310.5,1138.5,288.5,1046.5,0.99651635,1.0009371
1348.5,1138.5,1216.5,1210.5,0.99397135,0.76081276
772.5,1140.5,700.5,1120.5,0.9997147,0.4897181
188.5,1144.5,176.5,1032.5,0.99867696,1.0277212
1130.5,1144.5,1022.5,1180.5,0.99871784,1.722194
1718.5,1144.5,1548.5,1272.5,0.9966353,1.7113414
446.5,1146.5,406.5,1074.5,0.9994128,1.6285022
964.5,1150.5,872.5,1160.5,0.99952245,1.3519726
70.5,1152.5,70.5,1020.5,0.9988823,0.1648654
512.5,1152.5,464.5,1090.5,0.9930854,1.7649773
1436.5,1152.5,1292.5,1236.5,0.9982585,1.0225279
394.5,1154.5,360.5,1072.5,0.9989711,1.1120905
722.5,1156.5,654.5,1126.5,0.99941415,1.0858347
1482.5,1156.5,1334.5,1246.5,0.9991765,0.77979076
218.5,1160.5,202.5,1050.5,0.9989203,0.9861718
288.5,1160.5,262.5,1062.5,0.9957522,1.9761516
562.5,1160.5,508.5,1106.5,0.99909174,1.6201694
518.5,1162.5,470.5,1100.5,0.9990638,0.4740537
1400.5,1162.5,1260.5,1238.5,0.99965304,1.3369496
790.5,1164.5,714.5,1144.5,0.99979985,1.3637255
594.5,1168.5,536.5,1116.5,0.99455,1.3662617
672.5,1170.5,606.5,1132.5,0.99865496,0.7146999
1262.5,1170.5,1134.5,1226.5,0.9914691,1.6025506
1460.5,1170.5,1312.5,1254.5,0.998678,1.7363853
470.5,1174.5,424.5,1104.5,0.9990793,1.2159525
758.5,1176.5,682.5,1150.5,0.9996977,0.3310963
638.5,1178.5,574.5,1134.5,0.9977915,1.0128096
1890.5,1178.5,1694.5,1330.5,0.9969886,1.5451871
1840.5,1180.5,1648.5,1324.5,0.99924755,2.363534
428.5,1182.5,386.5,1104.5,0.99883324,0.5016327
608.5,1182.5,548.5,1132.5,0.9944087,1.0268544
808.5,1182.5,728.5,1164.5,0.9997786,2.0276177
108.5,1184.5,98.5,1054.5,0.9990236,1.298519
1932.5,1184.5,1732.5,1342.5,0.9986495,0.7450529
252.5,1188.5,228.5,1080.5,0.9994902,1.3149345
456.5,1192.5,408.5,1116.5,0.9981525,1.5939344
1338.5,1192.5,1198.5,1256.5,0.96271956,0.96005046
344.5,1194.5,308.5,1102.5,0.99945486,1.2255628
524.5,1194.5,470.5,1130.5,0.99956864,0.5850124
1162.5,1194.5,1040.5,1230.5,0.99875104,1.0748807
1240.5,1194.5,1112.5,1242.5,0.9941308,1.1939434
306.5,1196.5,274.5,1096.5,0.9865429,0.894372
874.5,1196.5,782.5,1186.5,0.99942666,1.0235807
1292.5,1196.5,1158.5,1252.5,0.9994652,0.977438
136.5,1198.5,122.5,1072.5,0.998542,0.27074334
394.5,1198.5,352.5,1112.5,0.9991194,0.98751736
570.5,1200.5,510.5,1140.5,0.99830633,2.06459
1466.5,1202.5,1312.5,1284.5,0.9988302,1.2969184
1670.5,1204.5,1494.5,1320.5,0.9991099,0.76562226
478.5,1206.5,426.5,1134.5,0.9976018,1.3518833
280.5,1208.5,248.5,1104.5,0.99332,1.3394489
1422.5,1208.5,1272.5,1284.5,0.9990799,0.46435648
1488.5,1208.5,1330.5,1294.5,0.99906445,0.7300524
1934.5,1208.5,1730.5,1364.5,0.9969509,0.547598
1960.5,1208.5,1754.5,1368.5,0.9984063,0.96508527
1392.5,1210.5,1244.5,1280.5,0.9972378,0.89971715
1902.5,1210.5,1702.5,1360.5,0.9973387,1.6013198
934.5,1212.5,834.5,1210.5,0.9992482,0.28473058
760.5,1216.5,676.5,1186.5,0.9996894,1.732026
1286.5,1216.5,1148.5,1268.5,0.9993194,1.5398694
620.5,1220.5,550.5,1168.5,0.9990428,1.7249713
714.5,1220.5,636.5,1182.5,0.9997068,0.7102076
986.5,1222.5,880.5,1228.5,0.9996648,1.0866641
312.5,1224.5,276.5,1122.5,0.99687105,1.0514485
378.5,1224.5,334.5,1132.5,0.999157,1.3112003
1262.5,1226.5,1126.5,1274.5,0.9989755,0.7387477
538.5,1228.5,476.5,1164.5,0.99192166,2.187164
130.5,1230.5,112.5,1100.5,0.993025,0.76785207
1164.5,1230.5,1038.5,1262.5,0.9988901,1.0771229
2014.5,1230.5,1798.5,1396.5,0.997907,0.8872233
840.5,1232.5,746.5,1214.5,0.997085,1.0311626
1030.5,1232.5,916.5,1244.5,0.9995774,1.115586
1350.5,1232.5,1204.5,1294.5,0.99940956,0.64044863
1964.5,1232.5,1752.5,1390.5,0.9974523,1.3270575
510.5,1234.5,452.5,1164.5,0.9951651,1.3734291
568.5,1234.5,504.5,1172.5,0.9985053,1.0616459
928.5,1234.5,826.5,1230.5,0.9845916,1.2342877
1248.5,1236.5,1108.5,1282.5,0.9228929,3.4955776
1368.5,1238.5,1220.5,1302.5,0.99899733,1.4542048
1904.5,1240.5,1698.5,1388.5,0.9988297,0.47155765
1670.5,1242.5,1488.5,1354.5,0.9991813,0.7471412
1088.5,1246.5,964.5,1266.5,0.9988238,2.7850764
1252.5,1246.5,1112.5,1292.5,0.9682128,1.8016337
1806.5,1246.5,1610.5,1378.5,0.9977205,0.6864022
612.5,1248.5,540.5,1192.5,0.9996408,0.36172155
1556.5,1248.5,1384.5,1340.5,0.9980063,1.4534376
414.5,1250.5,362.5,1162.5,0.97490644,0.5903708
286.5,1252.5,248.5,1146.5,0.9974785,2.2451644
424.5,1252.5,372.5,1166.5,0.97900736,0.9153826
836.5,1252.5,740.5,1230.5,0.9994582,0.60920614
648.5,1254.5,572.5,1202.5,0.99949604,0.9245617
52.5,1256.5,38.5,1112.5,0.9964482,1.6476107
1390.5,1256.5,1234.5,1322.5,0.9926955,1.446105
436.5,1258.5,382.5,1172.5,0.9816272,1.3107367
1748.5,1258.5,1554.5,1380.5,0.99949986,1.5968809
132.5,1262.5,106.5,1130.5,0.9986661,2.69941
1870.5,1270.5,1662.5,1410.5,0.9984943,0.9271707
166.5,1272.5,136.5,1142.5,0.9986392,1.2905197
508.5,1272.5,444.5,1198.5,0.99936223,1.4768625
666.5,1272.5,584.5,1222.5,0.9990722,0.76510453
466.5,1276.5,404.5,1194.5,0.9992582,1.054041
1660.5,1278.5,1474.5,1384.5,0.99937415,0.34779754
378.5,1280.5,324.5,1184.5,0.9996389,1.7085056
568.5,1280.5,496.5,1214.5,0.99379677,0.70247406
1568.5,1284.5,1390.5,1374.5,0.96768856,0.8800384
1130.5,1286.5,998.5,1306.5,0.9996827,1.4622892
290.5,1290.5,246.5,1180.5,0.9991824,1.7454109
1320.5,1292.5,1168.5,1344.5,0.99966174,1.5126486
100.5,1294.5,74.5,1152.5,0.9992149,0.49251276
1568.5,1294.5,1390.5,1384.5,0.98895776,1.2596035
420.5,1296.5,360.5,1204.5,0.99954784,0.74267054
1404.5,1296.5,1240.5,1360.5,0.9993999,1.655169
1812.5,1296.5,1606.5,1424.5,0.9982578,0.89811313
40.5,1298.5,20.5,1148.5,0.62263775,1.8734432
50.5,1300.5,30.5,1150.5,0.89255506,1.31726
672.5,1300.5,586.5,1248.5,0.9955909,0.47050107
1048.5,1300.5,924.5,1308.5,0.9992426,1.9748713
310.5,1304.5,260.5,1194.5,0.9979714,0.9307508
1298.5,1304.5,1146.5,1352.5,0.99914163,1.9813176
890.5,1308.5,780.5,1290.5,0.9995821,0.8580618
1098.5,1308.5,966.5,1322.5,0.99974465,0.2508953
236.5,1310.5,194.5,1188.5,0.9992548,0.33129582
278.5,1310.5,232.5,1196.5,0.99941444,1.6932722
1372.5,1310.5,1210.5,1366.5,0.9995916,1.3775777
1262.5,1312.5,1112.5,1352.5,0.9995468,0.4280321
1350.5,1312.5,1190.5,1364.5,0.9991431,1.646063
1584.5,1312.5,1398.5,1402.5,0.99877566,2.2818182
502.5,1314.5,432.5,1234.5,0.9997665,0.9774541
954.5,1314.5,836.5,1304.5,0.999592,0.74853176
1512.5,1314.5,1336.5,1392.5,0.99956924,0.9843801
536.5,1318.5,462.5,1244.5,0.9998714,1.9173189
1898.5,1322.5,1676.5,1460.5,0.991859,3.896487
880.5,1324.5,768.5,1302.5,0.999702,0.075543776
1826.5,1326.5,1614.5,1452.5,0.9990529,1.3354974
54.5,1328.5,30.5,1176.5,0.51330173,2.2079887
904.5,1328.5,790.5,1310.5,0.99969757,1.2353817
1090.5,1328.5,954.5,1338.5,0.9996918,1.6319436
268.5,1330.5,218.5,1212.5,0.99903435,1.7270521
628.5,1334.5,540.5,1270.5,0.9994046,1.4792019
924.5,1334.5,806.5,1318.5,0.9996705,0.14232
1114.5,1336.5,974.5,1350.5,0.99970245,1.7027584
1592.5,1338.5,1404.5,1426.5,0.9990807,1.1739174
1798.5,1338.5,1586.5,1458.5,0.99901193,2.2675288
1872.5,1338.5,1654.5,1470.5,0.99670285,1.1465065
68.5,1340.5,38.5,1188.5,0.9425584,0.60143936
554.5,1340.5,474.5,1264.5,0.9995081,0.9290759
1650.5,1344.5,1454.5,1442.5,0.9992674,0.598124
1264.5,1346.5,1108.5,1384.5,0.99973196,1.7160112
590.5,1348.5,504.5,1278.5,0.99975497,0.7118312
966.5,1348.5,840.5,1338.5,0.9996357,1.578267
1162.5,1348.5,1018.5,1368.5,0.999549,1.2456024
420.5,1352.5,350.5,1256.5,0.99942833,2.385274
1350.5,1354.5,1184.5,1402.5,0.99945575,1.0737426
816.5,1356.5,706.5,1320.5,0.99945194,0.6232293
100.5,1358.5,64.5,1210.5,0.98420596,0.78283316
566.5,1358.5,482.5,1284.5,0.99891627,1.1889349
792.5,1358.5,684.5,1318.5,0.9993804,0.56637305
872.5,1358.5,756.5,1330.5,0.99855185,1.27415
930.5,1360.5,806.5,1342.5,0.9997009,1.1633208
1670.5,1360.5,1470.5,1460.5,0.9986858,1.098738
272.5,1362.5,218.5,1240.5,0.99866605,0.26017272
338.5,1362.5,276.5,1250.5,0.99426806,0.95873076
894.5,1366.5,774.5,1342.5,0.99953115,0.17617264
1202.5,1368.5,1050.5,1394.5,0.998072,1.8593857
1406.5,1368.5,1232.5,1424.5,0.99910146,0.44337162
1822.5,1370.5,1604.5,1492.5,0.99644554,0.19271345
204.5,1372.5,156.5,1240.5,0.9987465,1.8689046
350.5,1372.5,284.5,1260.5,0.9865515,2.3952312
1234.5,1372.5,1078.5,1400.5,0.999711,1.0422755
1520.5,1372.5,1334.5,1446.5,0.9992384,0.5243762
378.5,1374.5,310.5,1268.5,0.9994022,0.88543206
1034.5,1374.5,898.5,1372.5,0.99932957,0.91348547
258.5,1376.5,204.5,1250.5,0.9994824,1.0675765
564.5,1376.5,478.5,1300.5,0.9994712,1.6795166
1096.5,1376.5,952.5,1382.5,0.9988437,1.4128641
1144.5,1376.5,996.5,1390.5,0.99960136,0.32779983
1654.5,1376.5,1452.5,1470.5,0.9992661,1.107452
638.5,1380.5,544.5,1316.5,0.9971875,2.498698
1488.5,1380.5,1304.5,1448.5,0.9996025,0.45464277
494.5,1384.5,412.5,1294.5,0.99956155,1.2972262
698.5,1388.5,594.5,1330.5,0.9991488,1.1825308
904.5,1388.5,780.5,1364.5,0.99956864,1.0506816
1768.5,1388.5,1552.5,1500.5,0.8462321,1.1030227
82.5,1390.5,44.5,1236.5,0.99012244,1.1685383
862.5,1390.5,742.5,1358.5,0.9995267,0.52822626
1324.5,1390.5,1156.5,1432.5,0.99632525,1.1654211
1350.5,1390.5,1178.5,1434.5,0.998085,1.3686029
1416.5,1394.5,1236.5,1450.5,0.9991508,1.1372368
818.5,1400.5,700.5,1360.5,0.9992806,0.62908995
1844.5,1400.5,1620.5,1520.5,0.99786854,2.3983793
796.5,1404.5,680.5,1360.5,0.9996397,0.44654995
316.5,1406.5,248.5,1286.5,0.9967486,2.2266936
398.5,1408.5,324.5,1302.5,0.98420876,1.125518
1208.5,1408.5,1048.5,1428.5,0.9995243,1.0991973
1678.5,1410.5,1470.5,1504.5,0.9975582,1.4508303
284.5,1412.5,220.5,1288.5,0.9992962,1.4188513
1702.5,1412.5,1490.5,1512.5,0.9983618,1.4430833
1000.5,1414.5,860.5,1402.5,0.9997353,1.3820134
1406.5,1414.5,1224.5,1466.5,0.99946994,0.86937547
952.5,1416.5,818.5,1394.5,0.99909765,1.745275
1762.5,1416.5,1544.5,1524.5,0.98378825,0.8995646
524.5,1418.5,436.5,1332.5,0.86339825,2.5140717
1284.5,1418.5,1114.5,1450.5,0.9995269,0.9297966
1530.5,1418.5,1336.5,1488.5,0.9992693,1.1411154
1866.5,1418.5,1636.5,1542.5,0.99577653,0.1793456
720.5,1420.5,610.5,1364.5,0.9995547,1.3378394
1260.5,1420.5,1094.5,1448.5,0.99909633,0.8757054
1608.5,1422.5,1404.5,1504.5,0.99829435,0.7680321
1788.5,1424.5,1566.5,1534.5,0.9964446,1.1879354
340.5,1426.5,268.5,1308.5,0.9979368,0.52847713
1378.5,1430.5,1198.5,1476.5,0.99946374,0.9369996
1456.5,1430.5,1266.5,1488.5,0.9994042,1.0342845
320.5,1432.5,250.5,1310.5,0.99897873,0.44764116
532.5,1432.5,440.5,1344.5,0.9839589,0.58060175
818.5,1432.5,696.5,1390.5,0.9990884,1.1862273
104.5,1434.5,56.5,1278.5,0.9988163,0.028378267
466.5,1434.5,380.5,1334.5,0.9994333,1.1410629
902.5,1434.5,770.5,1404.5,0.99976736,0.4070274
1218.5,1434.5,1054.5,1454.5,0.99968135,0.70179087
72.5,1436.5,24.5,1276.5,0.98491484,3.2640238
932.5,1436.5,798.5,1410.5,0.99941665,1.161684
258.5,1438.5,192.5,1306.5,0.99914396,1.219476
740.5,1438.5,624.5,1382.5,0.99978495,0.7393235
846.5,1438.5,718.5,1398.5,0.9980803,1.7849708
1120.5,1438.5,966.5,1442.5,0.9997721,1.0554838
372.5,1440.5,294.5,1326.5,0.9997374,1.014682
1410.5,1440.5,1224.5,1490.5,0.9984277,0.53504974
1990.5,1440.5,1744.5,1578.5,0.98842734,3.129247
648.5,1444.5,540.5,1374.5,0.9997811,1.8490219
884.5,1444.5,752.5,1410.5,0.9997814,0.71633595
1486.5,1444.5,1290.5,1506.5,0.9991555,1.8920908
1392.5,1446.5,1206.5,1492.5,0.9993273,1.2001339
1092.5,1448.5,938.5,1446.5,0.9997964,0.5780667
1256.5,1448.5,1084.5,1472.5,0.9972612,1.1884345
1846.5,1452.5,1612.5,1568.5,0.99581313,1.3114889
484.5,1454.5,390.5,1358.5,0.9972408,3.6873238
318.5,1460.5,244.5,1334.5,0.99939895,1.1844444
838.5,1460.5,710.5,1418.5,0.99974895,1.3155092
1466.5,1462.5,1270.5,1518.5,0.99909675,0.9258086
690.5,1464.5,576.5,1398.5,0.9997064,0.65418446
222.5,1468.5,156.5,1330.5,0.9951136,2.949908
1532.5,1468.5,1326.5,1532.5,0.9965156,3.5847259
210.5,1470.5,146.5,1328.5,0.9868561,1.3213336
1848.5,1470.5,1610.5,1586.5,0.9759831,1.721435
158.5,1472.5,100.5,1320.5,0.9987904,1.7653499
236.5,1472.5,168.5,1332.5,0.998568,0.86489516
1010.5,1472.5,862.5,1454.5,0.99933517,1.3748838
440.5,1476.5,350.5,1368.5,0.99948555,0.655603
1134.5,1478.5,972.5,1480.5,0.9995065,0.8354897
1508.5,1478.5,1306.5,1538.5,0.99754035,1.023804
1116.5,1480.5,954.5,1478.5,0.99943656,1.1866494
1422.5,1480.5,1228.5,1528.5,0.9993827,1.027405
508.5,1482.5,410.5,1384.5,0.9993231,0.74812233
354.5,1484.5,272.5,1362.5,0.999425,0.24448371
746.5,1484.5,622.5,1422.5,0.998116,2.2694957
966.5,1484.5,820.5,1458.5,0.9994749,0.855603
1158.5,1486.5,990.5,1492.5,0.99944234,1.7503033
300.5,1490.5,222.5,1358.5,0.9974262,1.2301255
792.5,1492.5,664.5,1438.5,0.99950975,1.3397523
1854.5,1492.5,1614.5,1606.5,0.99536806,0.47842854
116.5,1494.5,58.5,1334.5,0.99892116,0.85320675
680.5,1494.5,564.5,1422.5,0.9874608,1.9270471
1390.5,1494.5,1198.5,1534.5,0.99936,0.74026084
562.5,1500.5,454.5,1408.5,0.98330075,2.1082988
1560.5,1500.5,1348.5,1566.5,0.99317163,1.4250902
552.5,1502.5,444.5,1410.5,0.98348045,2.3582475
1000.5,1502.5,848.5,1480.5,0.99819136,0.6709172
322.5,1504.5,238.5,1376.5,0.9982602,2.2876427
1112.5,1504.5,948.5,1500.5,0.99909246,0.6704207
1472.5,1504.5,1270.5,1556.5,0.9977751,0.703092
718.5,1510.5,592.5,1442.5,0.999744,1.9329656
1054.5,1510.5,894.5,1496.5,0.99945235,0.49073455
904.5,1514.5,760.5,1474.5,0.99963075,1.9537989
190.5,1516.5,120.5,1364.5,0.9981156,0.9826638
282.5,1518.5,202.5,1380.5,0.99945813,1.2982529
436.5,1518.5,340.5,1404.5,0.99826986,1.6078784
586.5,1518.5,476.5,1430.5,0.99442464,1.9021128
1848.5,1518.5,1604.5,1628.5,0.9966239,0.51430976
516.5,1520.5,410.5,1420.5,0.98335344,1.2518061
1362.5,1520.5,1168.5,1554.5,0.99970096,0.7820627
1930.5,1520.5,1678.5,1642.5,0.99553454,1.4909344
112.5,1524.5,48.5,1360.5,0.99887747,0.9422807
1488.5,1526.5,1280.5,1578.5,0.99938416,0.9859216
1532.5,1526.5,1320.5,1586.5,0.9986336,0.23281586
1198.5,1528.5,1020.5,1536.5,0.99987024,1.2826358
1252.5,1528.5,1070.5,1542.5,0.9995352,1.7519978
1292.5,1528.5,1106.5,1548.5,0.9995523,2.1163404
1636.5,1528.5,1414.5,1604.5,0.9990339,1.2979863
1402.5,1530.5,1202.5,1568.5,0.9901036,1.2278485
2004.5,1530.5,1742.5,1662.5,0.9953203,1.883981
962.5,1532.5,810.5,1500.5,0.99971366,1.789025
508.5,1534.5,400.5,1432.5,0.9967046,2.0062594
758.5,1534.5,624.5,1470.5,0.99696136,1.8626381
1460.5,1536.5,1254.5,1584.5,0.99593514,0.6406735
1586.5,1536.5,1368.5,1602.5,0.99673826,1.8306929
156.5,1538.5,86.5,1380.5,0.98697084,0.6973443
628.5,1538.5,508.5,1454.5,0.99591666,0.70422584
986.5,1538.5,830.5,1510.5,0.9995712,0.87577
266.5,1544.5,184.5,1404.5,0.99860376,1.9846561
402.5,1544.5,306.5,1424.5,0.9995329,0.76951706
1332.5,1544.5,1138.5,1570.5,0.999623,0.32880512
98.5,1546.5,34.5,1378.5,0.992255,1.2773966
200.5,1546.5,124.5,1392.5,0.9045398,1.4393708
700.5,1546.5,572.5,1472.5,0.9998386,0.37075904
1198.5,1546.5,1018.5,1552.5,0.9987333,1.0694777
592.5,1548.5,476.5,1456.5,0.9992792,1.5693531
916.5,1550.5,764.5,1508.5,0.9990145,2.124487
1102.5,1550.5,932.5,1538.5,0.9990235,1.6311516
1158.5,1550.5,982.5,1548.5,0.99632657,0.75142956
1382.5,1550.5,1182.5,1582.5,0.99839103,1.6025317
1306.5,1552.5,1114.5,1574.5,0.9994901,0.81012976
214.5,1556.5,136.5,1404.5,0.71609527,0.9942993
474.5,1556.5,368.5,1446.5,0.9987738,0.37513223
1038.5,1560.5,872.5,1538.5,0.9995536,0.36471877
1364.5,1562.5,1162.5,1592.5,0.9944681,1.8873532
224.5,1566.5,142.5,1414.5,0.99742657,1.2503436
1080.5,1568.5,908.5,1552.5,0.99938273,0.61294645
352.5,1570.5,256.5,1438.5,0.9991821,1.0467464
374.5,1570.5,278.5,1442.5,0.9996025,1.8103596
462.5,1574.5,354.5,1460.5,0.9997313,0.4113882
278.5,1576.5,190.5,1432.5,0.998237,0.88993216
436.5,1576.5,332.5,1458.5,0.9997051,1.2979647
830.5,1576.5,682.5,1520.5,0.9996524,1.5526232
1208.5,1576.5,1022.5,1580.5,0.99901915,0.59982747
1366.5,1578.5,1164.5,1604.5,0.98167425,2.3237972
1742.5,1578.5,1500.5,1666.5,0.9979959,0.58616763
540.5,1580.5,424.5,1476.5,0.9989975,1.698399
770.5,1580.5,630.5,1514.5,0.99970114,0.8345323
852.5,1580.5,704.5,1526.5,0.99961644,1.6103077
1116.5,1580.5,940.5,1568.5,0.9990424,1.1486356
1434.5,1580.5,1224.5,1620.5,0.9987376,1.3853111
124.5,1582.5,50.5,1414.5,0.9419741,0.6211107
144.5,1582.5,68.5,1416.5,0.99745506,0.91172814
408.5,1582.5,304.5,1458.5,0.9818448,0.9131746
1482.5,1582.5,1266.5,1628.5,0.99859613,0.3056589
1882.5,1582.5,1624.5,1690.5,0.99680144,1.2449894
1148.5,1584.5,968.5,1578.5,0.9983076,1.3759769
1458.5,1590.5,1244.5,1630.5,0.9946241,1.4711174
362.5,1594.5,262.5,1462.5,0.9994894,0.30516618
1260.5,1594.5,1066.5,1604.5,0.9995984,0.4380758
134.5,1596.5,58.5,1430.5,0.9484111,2.3557715
1714.5,1596.5,1472.5,1676.5,0.9992331,1.2032752
674.5,1598.5,540.5,1516.5,0.99572366,1.2620542
928.5,1598.5,768.5,1556.5,0.99343777,1.1216848
1402.5,1598.5,1192.5,1630.5,0.99286455,0.3171001
1824.5,1602.5,1570.5,1700.5,0.9975227,0.67168164
116.5,1604.5,40.5,1434.5,0.95601106,1.9185989
444.5,1604.5,334.5,1484.5,0.9854461,0.48831114
782.5,1604.5,636.5,1538.5,0.9994218,0.790398
1008.5,1604.5,838.5,1572.5,0.9934901,1.0131806
1538.5,1604.5,1312.5,1658.5,0.9995825,1.7304801
396.5,1606.5,290.5,1478.5,0.99518454,0.25385857
1314.5,1606.5,1112.5,1624.5,0.99973565,1.0114669
1870.5,1606.5,1610.5,1710.5,0.9965576,0.7744419
132.5,1608.5,54.5,1440.5,0.8746423,1.8577691
608.5,1608.5,480.5,1512.5,0.9998411,1.3623124
634.5,1610.5,502.5,1520.5,0.9997303,1.0324028
1456.5,1610.5,1240.5,1650.5,0.99646366,1.71961
144.5,1612.5,64.5,1444.5,0.96425307,0.45851326
380.5,1612.5,276.5,1480.5,0.98878133,1.3829545
530.5,1612.5,410.5,1504.5,0.9980805,0.9524404
862.5,1612.5,706.5,1558.5,0.9997558,1.1045778
1290.5,1612.5,1088.5,1624.5,0.99805856,1.7715795
1584.5,1612.5,1352.5,1672.5,0.9988835,1.3450068
1676.5,1612.5,1436.5,1684.5,0.9989371,1.6867865
956.5,1614.5,790.5,1574.5,0.9993222,0.49066153
1356.5,1614.5,1148.5,1636.5,0.99873424,0.90521926
1848.5,1618.5,1588.5,1718.5,0.99802226,0.29590058
658.5,1620.5,522.5,1532.5,0.99061704,0.59580153
910.5,1622.5,750.5,1574.5,0.9990526,2.1591718
1480.5,1622.5,1258.5,1662.5,0.99951303,1.5370134
114.5,1624.5,34.5,1450.5,0.9873013,0.98651224
1750.5,1624.5,1496.5,1706.5,0.9926351,4.0961914
1608.5,1626.5,1372.5,1688.5,0.99925905,0.7077603
598.5,1628.5,466.5,1530.5,0.99948144,1.6505269
92.5,1630.5,16.5,1452.5,0.9432123,1.7641425
1640.5,1630.5,1400.5,1696.5,0.9990675,0.18958348
1818.5,1630.5,1560.5,1722.5,0.98712605,2.0944886
296.5,1634.5,198.5,1488.5,0.99593425,1.8228106
728.5,1634.5,584.5,1554.5,0.99957484,1.819869
324.5,1636.5,222.5,1494.5,0.99946713,1.0467873
1874.5,1636.5,1608.5,1738.5,0.99413604,0.77293956
1432.5,1638.5,1212.5,1670.5,0.9988999,0.750738
1270.5,1640.5,1068.5,1646.5,0.9996813,0.8135498
1810.5,1640.5,1552.5,1732.5,0.9967611,1.2290916
650.5,1642.5,512.5,1550.5,0.9991639,0.4061592
1694.5,1642.5,1446.5,1714.5,0.9848158,1.3668388
500.5,1644.5,378.5,1528.5,0.9995376,0.8278269
1306.5,1644.5,1098.5,1656.5,0.9988619,0.97949594
1558.5,1644.5,1324.5,1696.5,0.999492,0.7275074
354.5,1646.5,246.5,1508.5,0.99855703,0.81025916
686.5,1648.5,542.5,1562.5,0.9995138,1.3555474
800.5,1652.5,644.5,1584.5,0.9996323,1.1755964
848.5,1652.5,688.5,1590.5,0.9995143,0.708101
1406.5,1656.5,1186.5,1684.5,0.9994976,1.8140428
1530.5,1656.5,1296.5,1702.5,0.99899256,1.6023797
1628.5,1656.5,1384.5,1718.5,0.9995393,1.4936885
882.5,1658.5,716.5,1600.5,0.99345446,1.7683609
1172.5,1658.5,978.5,1648.5,0.99849147,1.5049382
1886.5,1660.5,1616.5,1760.5,0.9921456,1.6668092
1246.5,1662.5,1044.5,1662.5,0.9993288,1.6585361
906.5,1664.5,738.5,1610.5,0.9991,0.60535216
580.5,1666.5,446.5,1562.5,0.9996919,1.2620139
1068.5,1666.5,882.5,1638.5,0.9996504,0.41664115
1328.5,1666.5,1114.5,1680.5,0.9925003,1.5919758
108.5,1670.5,22.5,1490.5,0.9835765,0.3111796
934.5,1670.5,760.5,1620.5,0.99925005,1.8248109
220.5,1672.5,124.5,1510.5,0.9985419,1.8524604
556.5,1672.5,424.5,1562.5,0.99954635,1.0239755
1816.5,1672.5,1552.5,1762.5,0.9982077,1.1062582
642.5,1674.5,500.5,1578.5,0.99261224,0.32944155
1800.5,1674.5,1536.5,1762.5,0.99793816,1.4853296
262.5,1676.5,158.5,1520.5,0.99859923,1.2898774
796.5,1676.5,638.5,1604.5,0.99966305,0.70499665
204.5,1678.5,106.5,1512.5,0.99834603,1.0081135
390.5,1678.5,272.5,1542.5,0.9430037,1.558946
400.5,1678.5,282.5,1542.5,0.9355628,1.2548419
452.5,1678.5,326.5,1552.5,0.99865085,3.0751517
820.5,1678.5,660.5,1610.5,0.9977655,1.6148425
1152.5,1680.5,956.5,1664.5,0.99918735,0.6914153
1426.5,1680.5,1202.5,1706.5,0.99942577,1.597316
1496.5,1680.5,1264.5,1718.5,0.99929655,0.6327767
370.5,1682.5,254.5,1542.5,0.9995101,0.96715814
1088.5,1682.5,898.5,1656.5,0.9994809,0.6784767
1136.5,1682.5,940.5,1664.5,0.9996432,1.3023477
484.5,1684.5,356.5,1560.5,0.9997333,1.9368914
746.5,1684.5,592.5,1604.5,0.99942213,1.1081052
408.5,1688.5,288.5,1552.5,0.8825784,1.3849925
542.5,1688.5,408.5,1574.5,0.99416566,0.5380233
958.5,1688.5,780.5,1638.5,0.998701,2.2527635
918.5,1692.5,744.5,1638.5,0.99937135,0.5249053
1340.5,1692.5,1120.5,1704.5,0.9982234,1.812197
1022.5,1694.5,836.5,1656.5,0.9993103,0.8559403
1198.5,1694.5,994.5,1682.5,0.8458706,1.5116156
1274.5,1694.5,1062.5,1696.5,0.9991757,0.6718094
344.5,1696.5,228.5,1550.5,0.99892867,1.5447785
544.5,1698.5,408.5,1584.5,0.8780766,0.29303485
986.5,1698.5,804.5,1654.5,0.9994056,0.42380437
1816.5,1698.5,1546.5,1786.5,0.99841094,1.7241567
222.5,1700.5,120.5,1536.5,0.99691105,1.2905623
1458.5,1700.5,1226.5,1730.5,0.99538124,0.22307912
1518.5,1700.5,1280.5,1738.5,0.99893034,1.3577075
1390.5,1702.5,1166.5,1720.5,0.99939626,1.3751312
1446.5,1702.5,1216.5,1730.5,0.99158937,0.89681494
1416.5,1706.5,1188.5,1728.5,0.99921983,0.720137
1712.5,1706.5,1454.5,1774.5,0.9992032,1.9145947
122.5,1708.5,30.5,1528.5,0.8920397,2.1943855
1170.5,1708.5,966.5,1692.5,0.99939865,1.1645486
1302.5,1708.5,1086.5,1712.5,0.99949735,0.8471996
1576.5,1708.5,1330.5,1758.5,0.99789894,2.396073
1632.5,1708.5,1380.5,1764.5,0.99821883,0.87248397
892.5,1710.5,720.5,1650.5,0.9971183,2.1785471
962.5,1712.5,780.5,1662.5,0.94430995,0.40350685
952.5,1714.5,770.5,1662.5,0.8510956,1.1080213
1926.5,1714.5,1642.5,1816.5,0.9971871,1.0148718
146.5,1716.5,50.5,1538.5,0.9810987,1.3087353
752.5,1716.5,590.5,1632.5,0.9995159,1.7668636
580.5,1718.5,438.5,1608.5,0.99813145,0.9305943
1778.5,1718.5,1510.5,1796.5,0.9969145,0.5387612
696.5,1720.5,540.5,1628.5,0.99969244,0.9697643
392.5,1722.5,268.5,1580.5,0.9961754,1.3441288
926.5,1722.5,748.5,1666.5,0.99894154,1.6228186
844.5,1724.5,672.5,1654.5,0.9995277,0.82760394
1370.5,1724.5,1142.5,1736.5,0.99933475,2.1902509
1474.5,1726.5,1238.5,1756.5,0.9996913,1.6208116
314.5,1728.5,198.5,1574.5,0.9949766,0.55879974
1292.5,1728.5,1074.5,1728.5,0.99902,1.1281817
508.5,1730.5,370.5,1606.5,0.9989267,1.2152786
728.5,1730.5,568.5,1642.5,0.9996054,0.50801814
2006.5,1730.5,1712.5,1844.5,0.98856276,0.7533856
194.5,1732.5,90.5,1560.5,0.95852613,1.1211803
980.5,1734.5,792.5,1684.5,0.9980411,1.2327758
1104.5,1734.5,904.5,1704.5,0.99910516,0.45190945
1510.5,1734.5,1268.5,1768.5,0.996782,0.81869525
1048.5,1738.5,852.5,1700.5,0.99962896,1.393282
1628.5,1738.5,1370.5,1790.5,0.99081135,2.5006676
268.5,1740.5,154.5,1578.5,0.9994218,0.51843035
1750.5,1740.5,1480.5,1812.5,0.99370086,1.3140607
748.5,1742.5,584.5,1656.5,0.9968295,0.6039946
948.5,1742.5,764.5,1688.5,0.99819916,1.4551815
606.5,1744.5,456.5,1636.5,0.98544776,1.3088924
1618.5,1744.5,1360.5,1796.5,0.93756515,2.888809
772.5,1746.5,606.5,1664.5,0.9992811,1.7403665
1420.5,1746.5,1184.5,1766.5,0.9985615,1.3016952
224.5,1748.5,114.5,1578.5,0.99067193,0.17160587
482.5,1752.5,346.5,1624.5,0.5327363,2.4411507
540.5,1754.5,394.5,1632.5,0.9994618,2.2254791
656.5,1754.5,500.5,1652.5,0.99974394,0.5140645
740.5,1754.5,576.5,1666.5,0.9968262,1.5999221
244.5,1756.5,130.5,1588.5,0.982142,0.6086132
424.5,1756.5,292.5,1616.5,0.7121866,0.87156785
1066.5,1756.5,866.5,1718.5,0.9996864,0.42264566
1746.5,1758.5,1474.5,1828.5,0.98128617,1.1370318
1874.5,1760.5,1590.5,1848.5,0.998555,1.5257983
1454.5,1762.5,1212.5,1786.5,0.99937785,1.4884971
572.5,1764.5,422.5,1648.5,0.9999135,1.1063992
784.5,1764.5,614.5,1680.5,0.9993425,1.5443324
1312.5,1764.5,1084.5,1764.5,0.9399515,1.3822616
1812.5,1764.5,1534.5,1842.5,0.9985889,1.4494051
1116.5,1766.5,910.5,1736.5,0.9678106,1.09869
1142.5,1766.5,932.5,1740.5,0.99587977,1.2561138
1230.5,1766.5,1012.5,1752.5,0.9996514,1.0403767
1270.5,1766.5,1048.5,1760.5,0.9995464,0.8904531
378.5,1768.5,248.5,1620.5,0.99855846,0.6159636
1126.5,1768.5,920.5,1738.5,0.9763271,1.8119833
1352.5,1768.5,1120.5,1774.5,0.9963916,0.5563915
1774.5,1768.5,1498.5,1842.5,0.98977995,1.4017824
1186.5,1770.5,972.5,1748.5,0.9982116,1.657232
1032.5,1772.5,834.5,1726.5,0.9408624,1.2313118
176.5,1774.5,66.5,1594.5,0.9989143,0.7981928
400.5,1774.5,266.5,1628.5,0.9965933,1.714716
1380.5,1774.5,1144.5,1784.5,0.9991605,0.6997343
1166.5,1776.5,952.5,1752.5,0.9960252,0.7896897
744.5,1778.5,574.5,1686.5,0.9984742,1.1919284
944.5,1778.5,754.5,1718.5,0.994227,0.6458561
1576.5,1778.5,1320.5,1818.5,0.9990268,0.5898237
1338.5,1780.5,1104.5,1784.5,0.9952427,2.5678785
358.5,1782.5,228.5,1630.5,0.9980884,0.5617983
888.5,1782.5,702.5,1716.5,0.99934095,2.8439176
810.5,1786.5,634.5,1706.5,0.9945858,2.0839262
1056.5,1786.5,852.5,1744.5,0.9989246,0.92013586
480.5,1788.5,336.5,1654.5,0.9969008,0.766817
836.5,1788.5,654.5,1710.5,0.9982646,1.5114237
1808.5,1788.5,1524.5,1864.5,0.9977703,1.6478567
1466.5,1790.5,1218.5,1812.5,0.99894863,1.1780586
1120.5,1794.5,910.5,1762.5,0.9990749,1.8190922
1702.5,1794.5,1430.5,1852.5,0.99789643,0.5925983
1760.5,1796.5,1482.5,1862.5,0.97466695,1.615733
286.5,1798.5,162.5,1634.5,0.9993256,1.4980375
578.5,1798.5,422.5,1678.5,0.9996751,1.1202518
670.5,1800.5,504.5,1696.5,0.9995136,1.3496956
718.5,1800.5,548.5,1704.5,0.99938464,1.4108936
1010.5,1800.5,810.5,1750.5,0.9995626,1.4779459
1426.5,1800.5,1182.5,1814.5,0.99909294,0.43487614
142.5,1802.5,34.5,1614.5,0.89949405,2.1696873
420.5,1802.5,282.5,1658.5,0.9956386,1.3800182
538.5,1802.5,386.5,1676.5,0.9991973,0.43182302
604.5,1802.5,446.5,1686.5,0.9991689,0.6174826
1146.5,1802.5,932.5,1772.5,0.99736875,1.240328
492.5,1806.5,344.5,1674.5,0.97694063,1.819712
1752.5,1810.5,1472.5,1876.5,0.99289,1.2255449
1864.5,1810.5,1572.5,1894.5,0.9972255,1.5749859
146.5,1812.5,32.5,1624.5,0.8501751,2.13116
1938.5,1812.5,1638.5,1906.5,0.984594,0.25410855
414.5,1816.5,272.5,1668.5,0.9940272,1.521229
834.5,1816.5,648.5,1734.5,0.9997924,1.7343675
1322.5,1816.5,1086.5,1812.5,0.9973641,0.2917548
1572.5,1816.5,1310.5,1852.5,0.99756694,0.2752418
1526.5,1818.5,1268.5,1846.5,0.999001,0.5123312
198.5,1820.5,80.5,1638.5,0.9990546,0.9044136
904.5,1820.5,712.5,1750.5,0.99896705,0.75146204
1062.5,1820.5,852.5,1774.5,0.9996432,1.0757704
1812.5,1820.5,1524.5,1892.5,0.9881395,1.2123603
520.5,1822.5,366.5,1692.5,0.99836457,1.5093265
802.5,1824.5,618.5,1738.5,0.9994242,1.4682431
1084.5,1826.5,872.5,1784.5,0.9991755,0.64080775
258.5,1828.5,132.5,1656.5,0.99846363,1.0184907
1648.5,1828.5,1376.5,1876.5,0.9991037,1.5300446
724.5,1830.5,548.5,1730.5,0.999439,0.66508836
1172.5,1830.5,950.5,1802.5,0.99940675,0.9587874
302.5,1832.5,170.5,1666.5,0.9990921,0.5922664
1478.5,1832.5,1222.5,1852.5,0.9985364,1.4814891
578.5,1834.5,418.5,1710.5,0.99309474,1.2344563
394.5,1836.5,254.5,1684.5,0.9966309,1.8850613
490.5,1836.5,338.5,1698.5,0.99356186,0.83529675
970.5,1836.5,768.5,1774.5,0.9987321,0.629297
1838.5,1836.5,1544.5,1912.5,0.98672616,0.99870205
842.5,1838.5,652.5,1756.5,0.9996871,0.93189234
350.5,1842.5,212.5,1682.5,0.99947757,0.2210735
434.5,1842.5,286.5,1698.5,0.8769825,2.8237526
1440.5,1842.5,1188.5,1854.5,0.99650556,0.3819768
2022.5,1842.5,1708.5,1946.5,0.9905165,0.71283853
924.5,1844.5,724.5,1776.5,0.99894226,2.0337021
192.5,1846.5,70.5,1660.5,0.9987757,0.79228187
470.5,1846.5,320.5,1706.5,0.99375224,1.9575871
646.5,1846.5,476.5,1732.5,0.99944943,0.44542772
1098.5,1846.5,882.5,1804.5,0.9980066,1.1825602
892.5,1852.5,696.5,1776.5,0.99977666,0.8144813
302.5,1856.5,166.5,1688.5,0.99244255,1.1276764
438.5,1856.5,288.5,1708.5,0.9705719,0.6488919
678.5,1856.5,502.5,1746.5,0.9995884,1.3123146
754.5,1856.5,572.5,1758.5,0.99964786,0.8237206
796.5,1856.5,608.5,1766.5,0.9996723,1.3065188
706.5,1858.5,528.5,1754.5,0.99949473,1.3751246
1198.5,1860.5,968.5,1832.5,0.99811614,0.1798573
1406.5,1860.5,1156.5,1864.5,0.9991547,1.8645933
1702.5,1860.5,1418.5,1912.5,0.99856067,1.4248353
282.5,1862.5,148.5,1690.5,0.99854225,0.7637344
1152.5,1862.5,928.5,1826.5,0.99580103,1.4726765
1638.5,1862.5,1360.5,1904.5,0.9994159,1.8881927
1022.5,1864.5,808.5,1808.5,0.99803483,1.962292
398.5,1866.5,252.5,1710.5,0.9979983,1.5433723
1522.5,1866.5,1256.5,1886.5,0.9987777,2.9013672
1892.5,1868.5,1588.5,1948.5,0.9838721,0.83163303
626.5,1872.5,454.5,1752.5,0.99945664,0.55486023
168.5,1874.5,44.5,1684.5,0.9950221,1.9894619
658.5,1874.5,482.5,1760.5,0.99940443,0.80163664
1378.5,1874.5,1126.5,1874.5,0.9983168,1.4645879
1994.5,1874.5,1678.5,1970.5,0.9897141,0.6527869
526.5,1876.5,366.5,1742.5,0.97082734,2.6047387
1044.5,1876.5,828.5,1822.5,0.9993889,0.25851893
1732.5,1876.5,1444.5,1932.5,0.9966716,1.3253227
370.5,1878.5,224.5,1718.5,0.9989398,0.5117747
808.5,1878.5,616.5,1788.5,0.9996933,1.3767232
1892.5,1878.5,1584.5,1958.5,0.9734298,2.653204
190.5,1880.5,62.5,1692.5,0.9989988,1.2663238
848.5,1882.5,650.5,1796.5,0.9996526,1.438804
1588.5,1882.5,1314.5,1912.5,0.9988262,1.354683
1902.5,1882.5,1594.5,1964.5,0.98614043,1.4513197
494.5,1884.5,334.5,1742.5,0.99763185,0.44525796
1416.5,1884.5,1160.5,1888.5,0.9981578,0.45865288
986.5,1886.5,774.5,1822.5,0.9996657,0.2766493
912.5,1890.5,706.5,1812.5,0.99969876,2.2588673
1018.5,1890.5,802.5,1830.5,0.99206024,0.5933374
628.5,1892.5,452.5,1772.5,0.99855703,1.4822292
642.5,1892.5,466.5,1774.5,0.9838802,1.2350775
714.5,1894.5,530.5,1786.5,0.99744207,0.53652877
1320.5,1894.5,1072.5,1882.5,0.9260241,0.21836874
1356.5,1894.5,1102.5,1886.5,0.99328053,2.6818511
514.5,1896.5,350.5,1758.5,0.9757909,1.667363
1310.5,1898.5,1062.5,1884.5,0.896602,0.4825892
1688.5,1898.5,1400.5,1942.5,0.99909496,1.685136
198.5,1902.5,66.5,1712.5,0.9991044,0.30560246
534.5,1906.5,366.5,1768.5,0.94592124,0.6207831
1358.5,1906.5,1104.5,1898.5,0.9780473,0.5431511
342.5,1908.5,196.5,1740.5,0.99750066,1.7790354
522.5,1908.5,356.5,1768.5,0.88634926,0.7145177
266.5,1910.5,126.5,1730.5,0.99890333,0.3105677
652.5,1910.5,472.5,1790.5,0.99787337,0.85946745
454.5,1912.5,294.5,1760.5,0.9992422,1.1966691
1082.5,1912.5,856.5,1860.5,0.98840517,0.3404481
704.5,1914.5,518.5,1802.5,0.9925383,0.77394086
780.5,1916.5,586.5,1816.5,0.9994455,0.9372971
816.5,1916.5,616.5,1822.5,0.99883616,1.324816
1360.5,1916.5,1104.5,1908.5,0.8471074,0.41037077
1290.5,1918.5,1042.5,1898.5,0.97075105,0.8260224
1496.5,1918.5,1226.5,1930.5,0.9972705,1.0720781
388.5,1920.5,234.5,1758.5,0.99817187,0.4937331
506.5,1920.5,340.5,1778.5,0.9962541,1.670394
1096.5,1920.5,868.5,1872.5,0.99683285,2.386543
586.5,1922.5,410.5,1792.5,0.9996744,1.1198735
914.5,1922.5,704.5,1842.5,0.9993461,0.76621854
1834.5,1922.5,1528.5,1988.5,0.99693906,0.23040175
1278.5,1924.5,1028.5,1904.5,0.98736537,2.6030471
1920.5,1924.5,1604.5,2002.5,0.7504479,1.4297869
1182.5,1928.5,942.5,1890.5,0.99940443,1.1836988
464.5,1930.5,300.5,1778.5,0.99933714,0.8828401
622.5,1930.5,440.5,1804.5,0.9979564,1.4385306
648.5,1930.5,466.5,1808.5,0.9990644,1.2968626
906.5,1934.5,696.5,1852.5,0.9845164,0.9738759
1116.5,1936.5,882.5,1886.5,0.9981183,1.397601
1270.5,1936.5,1018.5,1912.5,0.92976886,2.6708903
422.5,1940.5,258.5,1782.5,0.99903315,2.9041579
620.5,1940.5,436.5,1814.5,0.92587817,2.5699258
392.5,1942.5,232.5,1778.5,0.9993113,1.6398115
902.5,1944.5,690.5,1862.5,0.9844031,1.4439316
1016.5,1944.5,792.5,1878.5,0.9997204,0.55761826
1334.5,1944.5,1076.5,1930.5,0.9972175,1.4065704
1496.5,1944.5,1222.5,1954.5,0.9901537,0.45118627
1972.5,1944.5,1648.5,2030.5,0.9918968,0.55014193
514.5,1946.5,342.5,1802.5,0.999282,0.9246079
634.5,1946.5,448.5,1820.5,0.9964266,1.6458986
984.5,1946.5,764.5,1876.5,0.9996142,1.2288779
1276.5,1946.5,1024.5,1922.5,0.9733781,0.73701864
1486.5,1946.5,1212.5,1954.5,0.87427473,0.687859
198.5,1950.5,58.5,1754.5,0.9989217,1.0421702
1634.5,1950.5,1344.5,1982.5,0.9970102,0.5915421
1302.5,1952.5,1046.5,1932.5,0.99158794,1.3562056
1556.5,1952.5,1276.5,1970.5,0.9984275,2.08953
1736.5,1954.5,1436.5,2002.5,0.99208057,1.3147563
596.5,1956.5,414.5,1822.5,0.9987511,0.99850047
666.5,1956.5,476.5,1834.5,0.9990406,0.71728796
1364.5,1956.5,1102.5,1944.5,0.5499944,0.44621778
1488.5,1956.5,1214.5,1964.5,0.97492754,1.3775041
612.5,1958.5,428.5,1826.5,0.98079693,1.3148661
1132.5,1960.5,894.5,1912.5,0.998603,1.0787716
946.5,1964.5,726.5,1886.5,0.9990651,0.6030599
1248.5,1964.5,996.5,1932.5,0.99901646,1.1976805
1308.5,1964.5,1048.5,1944.5,0.8323708,2.6495826
1536.5,1964.5,1256.5,1978.5,0.99691164,1.7428432
304.5,1966.5,152.5,1786.5,0.99920124,0.96520877
1116.5,1966.5,878.5,1914.5,0.9955231,0.040590398
1360.5,1966.5,1096.5,1954.5,0.7639706,1.5151311
828.5,1968.5,620.5,1872.5,0.999288,1.6414055
1074.5,1968.5,840.5,1908.5,0.9949259,1.2026519
1410.5,1968.5,1140.5,1962.5,0.99768454,0.94068146
784.5,1970.5,580.5,1866.5,0.99952817,0.8043878
1602.5,1970.5,1312.5,1994.5,0.99895835,0.5945535
1568.5,1972.5,1282.5,1990.5,0.9886462,0.80938864
768.5,1976.5,566.5,1868.5,0.99734676,1.1243465
262.5,1978.5,112.5,1792.5,0.9988249,2.0816338
242.5,1980.5,94.5,1790.5,0.9976363,1.5519029
652.5,1980.5,462.5,1854.5,0.99909765,1.7432014
674.5,1980.5,480.5,1858.5,0.999055,1.2059426
980.5,1980.5,754.5,1904.5,0.99919236,1.1040612
706.5,1982.5,510.5,1864.5,0.9977942,1.6181761
1712.5,1982.5,1408.5,2022.5,0.99390775,1.1639032
754.5,1986.5,550.5,1876.5,0.9960642,1.4245261
1124.5,1988.5,880.5,1934.5,0.975963,1.9729159
348.5,1990.5,188.5,1814.5,0.9987909,1.3807509
478.5,1990.5,302.5,1834.5,0.99462104,1.314391
304.5,1992.5,148.5,1808.5,0.9993382,1.5497228
384.5,1992.5,220.5,1822.5,0.9995564,1.4559957
172.5,1994.5,30.5,1790.5,0.9659556,1.5535592
602.5,1994.5,412.5,1860.5,0.99745166,2.4807503
1194.5,2000.5,944.5,1958.5,0.99731034,1.9439975
1558.5,2000.5,1268.5,2014.5,0.9988851,0.43942901
224.5,2002.5,74.5,1806.5,0.99627584,0.60305387
446.5,2002.5,272.5,1840.5,0.9981689,0.70251447
1664.5,2002.5,1362.5,2030.5,0.98160106,2.932758
262.5,2004.5,108.5,1812.5,0.9926998,1.3628598
412.5,2004.5,242.5,1838.5,0.9976055,1.107418
1466.5,2006.5,1184.5,2006.5,0.997822,1.3792514
1526.5,2008.5,1240.5,2016.5,0.99545825,1.5946299
1600.5,2008.5,1304.5,2028.5,0.9913219,0.6996034
666.5,2010.5,468.5,1882.5,0.99926317,0.43686643
518.5,2012.5,336.5,1860.5,0.99927723,1.0314837
1430.5,2012.5,1152.5,2004.5,0.99803734,0.80068284
376.5,2014.5,208.5,1842.5,0.99809873,1.8073189
584.5,2014.5,392.5,1874.5,0.95806646,2.3559995
1098.5,2014.5,854.5,1954.5,0.9880873,0.36309132
488.5,2018.5,306.5,1862.5,0.9629627,1.6602437
302.5,2020.5,140.5,1834.5,0.9774061,0.73989207
738.5,2020.5,530.5,1902.5,0.9939825,1.2873011
462.5,2022.5,284.5,1862.5,0.99895513,1.1205407
1450.5,2024.5,1166.5,2018.5,0.9709454,2.003162
694.5,2028.5,490.5,1902.5,0.99694115,1.0175627
1046.5,2028.5,806.5,1958.5,0.99696416,0.6652414
1106.5,2030.5,858.5,1968.5,0.90768164,2.001453
