source_x,source_y,raw_reference_x,raw_reference_y,geometric_reference_x,geometric_reference_y,refined_reference_x,refined_reference_y,phase_response,shift_x,shift_y,raw_gt_error_px,geometric_gt_error_px,refined_gt_error_px
232.55156,95.48697,264.09042,55.539818,264.08783,55.539787,264.11548,55.622746,0.9261306,0.027650075,0.08295955,0.039303202,0.03764011,0.074326746
232.55156,95.48697,264.09042,55.539818,264.08783,55.539787,264.11548,55.622746,0.9261306,0.027650075,0.08295955,0.039303202,0.03764011,0.074326746
197.91153,196.01286,220.80147,152.66673,220.81758,152.6644,220.85095,152.76364,0.9357932,0.033376765,0.09923814,0.027488042,0.037020255,0.09020472
255.09744,135.08258,283.08463,96.96533,283.09674,96.94984,283.08118,96.980835,0.9339578,-0.015566119,0.03100007,0.017774709,0.03743891,0.008183222
255.09744,135.08258,283.08463,96.96533,283.09674,96.94984,283.08118,96.980835,0.9339578,-0.015566119,0.03100007,0.017774709,0.03743891,0.008183222
432.43942,130.911,460.12662,108.24484,460.12762,108.250435,460.11307,108.192795,0.94969577,-0.014547669,-0.057636324,0.041514106,0.03758237,0.08730068
419.04962,110.27773,448.5814,86.531334,448.58722,86.52863,448.63434,86.532776,0.9604765,0.047123484,0.004142556,0.032073453,0.037725996,0.07526238
256.9551,150.8424,283.56583,112.81465,283.57367,112.81165,283.559,112.79257,0.95411825,-0.014676928,-0.019082036,0.030371308,0.037333913,0.04893173
446.44565,84.867676,478.10052,63.61221,478.0938,63.602898,477.904,63.726776,0.9355153,-0.18981479,0.12387692,0.036680974,0.03791569,0.19086133
364.8809,230.99762,384.11078,202.07845,384.10242,202.06842,384.01917,202.11655,0.9578055,-0.08324922,0.048130043,0.036667477,0.036963064,0.06316204
623.409,141.74759,649.42175,135.69559,649.42615,135.68985,649.4244,135.67722,0.96981895,-0.0017953072,-0.012633688,0.030477818,0.03770081,0.047313742
623.409,141.74759,649.42175,135.69559,649.42615,135.68985,649.4244,135.67722,0.96981895,-0.0017953072,-0.012633688,0.030477818,0.03770081,0.047313742
602.6017,115.232086,631.00024,107.4588,631.00916,107.46171,631.05554,107.451324,0.94409055,0.046387184,-0.0103849545,0.03555083,0.037857987,0.08078595
751.15656,146.8267,776.25415,151.88109,776.245,151.88358,776.07666,151.80098,0.9574192,-0.16831167,-0.0826031,0.04577886,0.037727557,0.18268703
531.1302,100.024155,561.1454,86.08501,561.13513,86.082466,561.1181,86.01432,0.9677953,-0.017011097,-0.06814331,0.043459572,0.037869792,0.097698346
960.75775,213.5654,979.2303,236.64355,979.23175,236.63638,979.2365,236.63815,0.9628458,0.004787339,0.0017707164,0.031214966,0.037517242,0.03944383
960.75775,213.5654,979.2303,236.64355,979.23175,236.63638,979.2365,236.63815,0.9628458,0.004787339,0.0017707164,0.031214966,0.037517242,0.03944383
782.8474,54.550343,815.865,62.711353,815.8583,62.720078,815.8208,62.709885,0.95911795,-0.03747428,-0.010194001,0.049368728,0.038365707,0.041810255
789.1956,78.20143,820.1147,86.845604,820.12085,86.834526,820.1906,86.8979,0.93277574,0.069776975,0.06337647,0.025814716,0.038181424,0.09998481
938.5215,250.41026,953.8572,271.39758,953.86865,271.40314,953.926,271.418,0.9650174,0.057399116,0.014851967,0.0365786,0.037318893,0.082096644
1147.9474,71.37298,1178.1046,111.30003,1178.103,111.2992,1178.0303,111.35304,0.89396787,-0.07277782,0.053842667,0.03901959,0.038599115,0.05375266
1147.9474,71.37298,1178.1046,111.30003,1178.103,111.2992,1178.0303,111.35304,0.89396787,-0.07277782,0.053842667,0.03901959,0.038599115,0.05375266
1080.8562,177.14006,1102.0464,210.8147,1102.0482,210.81677,1102.1407,210.93173,0.94912755,0.09247834,0.11495496,0.038334236,0.03778981,0.14459513
1094.1056,201.90756,1113.0818,236.64502,1113.0884,236.64487,1112.9888,236.7422,0.940448,-0.09955876,0.097333126,0.03372912,0.037641674,0.10195343
1272.1046,199.81107,1290.5922,250.05986,1290.593,250.06992,1290.5741,250.0171,0.9682689,-0.018930458,-0.052815534,0.04563928,0.037867215,0.08222177
1364.6398,98.28443,1391.6246,156.99117,1391.6254,156.99423,1391.5082,157.03368,0.94747585,-0.117127545,0.039447654,0.0405533,0.038593266,0.09293148
1481.6885,211.18819,1498.389,279.67383,1498.388,279.67014,1498.5842,279.72852,0.90641135,0.19633916,0.05837547,0.035973288,0.037980154,0.22236906
1337.4099,148.10553,1360.151,204.25641,1360.1566,204.25269,1360.0507,204.35953,0.9708066,-0.10592472,0.106841415,0.031850502,0.038241584,0.11243322
1352.2867,184.07832,1371.8462,241.3801,1371.8414,241.38528,1371.8469,241.48662,0.934339,0.0055301785,0.10132748,0.04512678,0.0380932,0.077909276
1352.5337,221.51212,1368.8304,278.69293,1368.8246,278.69827,1368.7081,278.86157,0.9297963,-0.11644867,0.16329186,0.045636434,0.037778,0.1628949
1639.1923,211.17757,1655.2909,293.3867,1655.2935,293.38687,1655.3108,293.4715,0.90959996,0.017388983,0.084638596,0.036743976,0.038182892,0.0692631
1770.3423,88.27767,1796.66,182.38899,1796.6566,182.3847,1796.8208,182.32689,0.92789894,0.16420405,-0.057817057,0.038258526,0.038945813,0.20859557
1707.9811,218.71779,1723.168,306.89777,1723.1633,306.89377,1723.0865,306.75372,0.91227305,-0.07678607,-0.14004166,0.038544126,0.038159434,0.17728364
1693.616,197.32104,1710.7266,284.32965,1710.7178,284.3264,1710.7732,284.38818,0.9425912,0.055470377,0.061802078,0.042247616,0.03820636,0.08616178
1635.7384,176.9495,1654.8444,258.98233,1654.836,258.98795,1654.7793,259.04306,0.96708775,-0.056708507,0.055116504,0.048017252,0.038307913,0.04121681
1920.5364,143.70726,1941.4557,250.69685,1941.448,250.69376,1941.4651,250.6404,0.96489257,0.017117605,-0.053358424,0.042132873,0.0387971,0.09308011
1920.5364,143.70726,1941.4557,250.69685,1941.448,250.69376,1941.4651,250.6404,0.96489257,0.017117605,-0.053358424,0.042132873,0.0387971,0.09308011
1830.8856,192.3427,1847.8875,291.34216,1847.8992,291.33072,1848.0006,291.3179,0.96708184,0.10142953,-0.012815813,0.022197358,0.038433008,0.1330035
129.92969,454.35098,130.57016,404.08777,130.57718,404.09525,130.62114,404.11398,0.9202918,0.043966755,0.01875014,0.038445357,0.035410967,0.06613159
129.92969,454.35098,130.57016,404.08777,130.57718,404.09525,130.62114,404.11398,0.9202918,0.043966755,0.01875014,0.038445357,0.035410967,0.06613159
62.537113,282.2913,78.43038,226.8237,78.438,226.81613,78.521126,226.94708,0.9468427,0.08312079,0.1309581,0.025777375,0.03640232,0.14702651
214.96468,258.92502,232.31334,216.81651,232.32233,216.82364,232.25569,216.91498,0.93304616,-0.066631936,0.09133217,0.038374882,0.036615565,0.07648924
66.84594,407.59503,71.81464,352.0325,71.80875,352.019,71.83278,352.0374,0.97604847,0.024033142,0.01838874,0.03129219,0.0356136,0.046789378
402.4247,473.09372,400.403,446.51733,400.40192,446.51614,400.38263,446.5535,0.93166804,-0.019280273,0.037363786,0.035296295,0.035531756,0.009526422
402.4247,473.09372,400.403,446.51733,400.40192,446.51614,400.38263,446.5535,0.93166804,-0.019280273,0.037363786,0.035296295,0.035531756,0.009526422
499.27994,322.55634,510.01343,304.98804,510.00977,304.9926,510.09305,305.00714,0.9576211,0.083280474,0.014522531,0.04238004,0.036517862,0.10689096
493.0455,290.75406,506.56213,272.7645,506.57098,272.76788,506.62534,272.84122,0.95143884,0.054364033,0.07332322,0.03502728,0.036703423,0.08917372
493.0455,290.75406,506.56213,272.7645,506.57098,272.76788,506.62534,272.84122,0.95143884,0.054364033,0.07332322,0.03502728,0.036703423,0.08917372
611.53595,401.1217,614.97986,393.04297,614.9908,393.04297,614.89825,393.01447,0.92448103,-0.09254587,-0.028508535,0.030624324,0.036128532,0.09043281
565.9474,373.5895,571.9836,361.6503,571.9754,361.64218,571.9854,361.68573,0.97551066,0.0099919075,0.043540735,0.03670015,0.03621422,0.035676196
601.75616,272.98828,616.4259,264.5375,616.4165,264.54437,616.49774,264.63452,0.922806,0.08123422,0.09013574,0.048180096,0.03685595,0.12088766
601.75616,272.98828,616.4259,264.5375,616.4165,264.54437,616.49774,264.63452,0.922806,0.08123422,0.09013574,0.048180096,0.03685595,0.12088766
570.9407,500.12106,565.9327,488.13037,565.92096,488.12784,565.8638,488.3165,0.9528581,-0.057183802,0.18867178,0.041988384,0.03542753,0.1644787
974.61237,505.00247,967.6382,528.1727,967.6315,528.1729,967.5157,528.1507,0.931633,-0.11575983,-0.022197895,0.04026734,0.035662606,0.1065246
804.83624,335.35217,813.2823,344.36703,813.28827,344.3707,813.4194,344.44287,0.957117,0.13113055,0.072184496,0.03644392,0.03662257,0.15989693
804.83624,335.35217,813.2823,344.36703,813.28827,344.3707,813.4194,344.44287,0.957117,0.13113055,0.072184496,0.03644392,0.03662257,0.15989693
804.83624,335.35217,813.2823,344.36703,813.28827,344.3707,813.4194,344.44287,0.957117,0.13113055,0.072184496,0.03644392,0.03662257,0.15989693
960.25336,482.76822,955.26764,504.76398,955.2651,504.7717,955.29663,504.8287,0.90787876,0.031558137,0.05702049,0.043618843,0.035871487,0.060866527
1083.9393,267.73642,1097.2247,301.33746,1097.2231,301.33737,1097.2081,301.45135,0.9642053,-0.015034137,0.11398973,0.038228784,0.037280492,0.0854078
1139.2911,343.92957,1145.7217,382.0589,1145.7231,382.06503,1145.7115,381.98853,0.9519579,-0.011602392,-0.07650236,0.041057203,0.036884442,0.10590908
1061.8881,451.99957,1059.2007,482.982,1059.1951,482.978,1059.2574,483.00998,0.9685393,0.06235156,0.03198734,0.037226453,0.03624173,0.084912695
1061.8881,451.99957,1059.2007,482.982,1059.1951,482.978,1059.2574,483.00998,0.9685393,0.06235156,0.03198734,0.037226453,0.03624173,0.084912695
1199.8567,260.54675,1213.3334,304.2883,1213.326,304.2779,1213.4156,304.4364,0.9367624,0.08954439,0.15850146,0.036060415,0.03738104,0.17196408
1484.3472,268.5139,1496.0364,337.00858,1496.0398,337.0096,1496.0652,336.97766,0.92593044,0.025346983,-0.031937677,0.03632797,0.037529077,0.078339666
1422.8704,448.98413,1419.0729,511.43732,1419.0668,511.43564,1419.0637,511.45258,0.96621656,-0.0030955423,0.016935326,0.039405473,0.03648902,0.022835163
1422.8704,448.98413,1419.0729,511.43732,1419.0668,511.43564,1419.0637,511.45258,0.96621656,-0.0030955423,0.016935326,0.039405473,0.03648902,0.022835163
1419.2982,383.59674,1421.2139,445.98007,1421.2076,445.98553,1421.2217,446.00067,0.9170677,0.014056566,0.015151556,0.045096844,0.036913417,0.039630868
1447.2388,313.35382,1455.1731,378.44446,1455.1643,378.44485,1455.2483,378.4488,0.9835098,0.0839717,0.003929394,0.04366383,0.037310008,0.110410124
1538.2551,364.62402,1541.3658,437.45856,1541.3656,437.4527,1541.5023,437.50827,0.89896315,0.13666181,0.055564497,0.032910813,0.037085086,0.1622517
1568.9728,263.36954,1580.7876,339.26642,1580.792,339.2604,1580.7822,339.17432,0.92337847,-0.009716069,-0.08609795,0.03035387,0.037784766,0.11611608
1745.9116,304.8869,1753.4314,396.03452,1753.439,396.04108,1753.532,396.00452,0.97006875,0.09297298,-0.036551483,0.03921859,0.03766004,0.1341074
1545.563,490.65,1537.6659,563.6453,1537.661,563.6364,1537.6035,563.82526,0.9640036,-0.057475068,0.18881555,0.033666905,0.036269728,0.16421548
1617.8392,294.43646,1626.7698,374.47803,1626.7646,374.46817,1626.8502,374.48767,0.97840744,0.085622415,0.019511644,0.034821413,0.037636478,0.10991292
1931.775,317.2302,1937.5183,424.53903,1937.5194,424.53644,1937.5095,424.53452,0.94843304,-0.00986636,-0.0019325991,0.03507086,0.037761234,0.034114026
1998.025,480.08704,1989.3253,592.5477,1989.3224,592.54816,1989.4713,592.41016,0.9048745,0.14891952,-0.13799447,0.03886176,0.036641434,0.23934263
1998.025,480.08704,1989.3253,592.5477,1989.3224,592.54816,1989.4713,592.41016,0.9048745,0.14891952,-0.13799447,0.03886176,0.036641434,0.23934263
1986.849,361.5472,1988.5167,473.4825,1988.5211,473.48495,1988.3816,473.52972,0.93889624,-0.13948697,0.044767044,0.03694261,0.037511803,0.11679326
1847.5371,384.56647,1847.727,484.276,1847.7328,484.27493,1847.5494,484.29254,0.9400863,-0.18335329,0.017609866,0.03302359,0.0372627,0.16018635
219.36568,533.7332,212.75038,490.9625,212.75383,490.9705,212.89647,490.9538,0.9342847,0.14264607,-0.016686326,0.039995942,0.034976505,0.16970384
108.1688,685.925,88.72366,632.8893,88.71469,632.8922,88.793495,632.84735,0.96049976,0.07880388,-0.044885825,0.04201871,0.03398781,0.12249493
117.16952,746.57434,92.39307,694.08167,92.39487,694.09546,92.35406,694.2412,0.91581213,-0.040809833,0.14575817,0.04466045,0.03353431,0.12050635
120.15101,592.7755,108.786606,541.1451,108.770386,541.14124,108.81495,541.1599,0.9936303,0.044563137,0.01865649,0.043901596,0.03452,0.06584547
460.04907,564.5154,449.84274,542.6117,449.83856,542.61255,449.803,542.6576,0.99800235,-0.03555429,0.045073215,0.03826885,0.034955524,0.022444014
504.7414,685.32056,483.83176,666.8491,483.8313,666.8536,483.73102,666.8434,0.9441645,-0.100290895,-0.010179149,0.03813971,0.034228534,0.08818904
455.2345,745.8137,429.24454,722.80286,429.24,722.80194,429.24368,722.8693,0.9629027,0.0036869545,0.06737832,0.036014363,0.03380864,0.04665438
455.2345,745.8137,429.24454,722.80286,429.24,722.80194,429.24368,722.8693,0.9629027,0.0036869545,0.06737832,0.036014363,0.03380864,0.04665438
455.2345,745.8137,429.24454,722.80286,429.24,722.80194,429.24368,722.8693,0.9629027,0.0036869545,0.06737832,0.036014363,0.03380864,0.04665438
665.0043,719.5944,640.4942,714.96954,640.4971,714.9649,640.31995,714.9804,0.94808424,-0.1771283,0.015479719,0.028676977,0.034106586,0.1571849
636.20264,700.03876,613.5083,692.9633,613.5095,692.9733,613.54803,693.0056,0.9462908,0.038506504,0.03230744,0.042201784,0.03432635,0.05921269
636.20264,700.03876,613.5083,692.9633,613.5095,692.9733,613.54803,693.0056,0.9462908,0.038506504,0.03230744,0.042201784,0.03432635,0.05921269
573.3395,529.3195,565.7764,517.42755,565.7657,517.4244,565.86597,517.4876,0.94166046,0.100289054,0.06324361,0.04060398,0.03521919,0.12671404
573.3395,529.3195,565.7764,517.42755,565.7657,517.4244,565.86597,517.4876,0.94166046,0.100289054,0.06324361,0.04060398,0.03521919,0.12671404
898.71136,747.9526,870.8352,763.588,870.8433,763.58405,870.825,763.70605,0.9410509,-0.01832126,0.122028194,0.026482506,0.034192,0.09462861
826.6142,739.6847,799.7459,749.05585,799.7411,749.0639,799.78076,749.04016,1.0236638,0.039652817,-0.023757597,0.04359295,0.03424094,0.07897265
826.6142,739.6847,799.7459,749.05585,799.7411,749.0639,799.78076,749.04016,1.0236638,0.039652817,-0.023757597,0.04359295,0.03424094,0.07897265
769.6014,685.25024,747.6894,689.8771,747.68976,689.8675,747.6945,689.9589,0.93021256,0.004786643,0.09140174,0.027153032,0.034484863,0.06872908
922.2497,590.257,908.04706,608.5364,908.0371,608.5396,908.0934,608.36816,0.89974874,0.056270514,-0.17142454,0.044108193,0.035085183,0.21386887
1054.2676,546.9023,1043.3317,576.8573,1043.3317,576.8558,1043.3075,576.89667,0.97053766,-0.02418621,0.040882986,0.03438555,0.03557695,0.013025537
1054.2676,546.9023,1043.3317,576.8573,1043.3317,576.8558,1043.3075,576.89667,0.97053766,-0.02418621,0.040882986,0.03438555,0.03557695,0.013025537
1154.5049,735.15784,1126.782,773.13025,1126.7789,773.1318,1126.722,772.97174,0.94446987,-0.056873817,-0.16005929,0.037511803,0.034424044,0.19094981
1154.5049,735.15784,1126.782,773.13025,1126.7789,773.1318,1126.722,772.97174,0.94446987,-0.056873817,-0.16005929,0.037511803,0.034424044,0.19094981
1232.0293,516.97485,1223.0349,562.53503,1223.0256,562.53503,1222.8855,562.55975,0.96264213,-0.14007623,0.02468873,0.04227318,0.035898842,0.117971234
1468.0659,538.52765,1456.2883,604.5736,1456.2858,604.5777,1456.2642,604.55615,0.98726344,-0.021563064,-0.021565275,0.04082353,0.03602238,0.049810074
1468.0659,538.52765,1456.2883,604.5736,1456.2858,604.5777,1456.2642,604.55615,0.98726344,-0.021563064,-0.021565275,0.04082353,0.03602238,0.049810074
1460.2969,670.43823,1437.0543,735.31116,1437.0487,735.3097,1437.1055,735.3175,0.94932395,0.056706116,0.0078054057,0.037767746,0.035111345,0.08075237
1460.2969,670.43823,1437.0543,735.31116,1437.0487,735.3097,1437.1055,735.3175,0.94932395,0.056706116,0.0078054057,0.037767746,0.035111345,0.08075237
1408.9569,757.6835,1378.3042,817.7445,1378.2996,817.7486,1378.3392,817.77563,0.9736986,0.03962352,0.027063021,0.040673647,0.034595035,0.060549367
1727.1653,513.22833,1716.5955,601.95844,1716.6045,601.95654,1716.6635,602.04834,0.9570353,0.059010956,0.09180469,0.02980941,0.036345858,0.10339588
1558.2108,599.2138,1540.7957,672.9042,1540.7981,672.8898,1540.7968,672.97754,0.92082894,-0.0012828406,0.08776656,0.023840928,0.035652056,0.06315673
1592.724,588.1017,1576.1621,664.82214,1576.1487,664.82794,1576.104,664.85406,0.9804234,-0.04467113,0.026108816,0.049173318,0.03580304,0.022545695
1770.5284,617.70337,1750.6897,709.82825,1750.6964,709.81366,1750.7639,709.982,0.9354462,0.06749891,0.16833271,0.020366088,0.035652056,0.16636935
1643.5221,626.069,1623.4327,707.08966,1623.4442,707.0782,1623.4388,707.0987,0.8968111,-0.0054000067,0.020512057,0.01953926,0.035556003,0.01819503
1821.7439,664.04224,1797.6808,760.43304,1797.6781,760.4401,1797.6328,760.5089,0.93739367,-0.045239005,0.06876165,0.04272169,0.03543263,0.047133844
1821.7439,664.04224,1797.6808,760.43304,1797.6781,760.4401,1797.6328,760.5089,0.93739367,-0.045239005,0.06876165,0.04272169,0.03543263,0.047133844
1991.9431,713.1118,1962.9624,824.1555,1962.9529,824.15686,1962.8708,824.1462,0.95561606,-0.0820884,-0.010700622,0.042793654,0.035357483,0.07158484
1991.9431,713.1118,1962.9624,824.1555,1962.9529,824.15686,1962.8708,824.1462,0.95561606,-0.0820884,-0.010700622,0.042793654,0.035357483,0.07158484
1898.3552,706.0587,1870.3248,808.9832,1870.3358,808.9739,1870.2932,809.10144,0.9483915,-0.04263421,0.12758873,0.021387141,0.035309352,0.10189252
142.2879,942.9861,100.303734,891.9493,100.29811,891.94965,100.1962,892.07776,0.95416766,-0.101913124,0.1281072,0.036166087,0.032367546,0.13140927
104.37265,803.53064,74.69108,749.7177,74.682274,749.71985,74.74357,749.75134,0.97284436,0.061296068,0.03149866,0.040530883,0.033225168,0.080814786
135.6053,826.436,103.79076,775.2649,103.79964,775.2602,103.68396,775.1893,0.9194332,-0.115679465,-0.070908986,0.024536503,0.033117745,0.1373392
232.81123,842.5707,199.23178,799.79297,199.22943,799.8056,199.22014,799.85364,0.9955017,-0.009294119,0.048045635,0.045028858,0.03306371,0.02341898
311.77686,878.5053,274.76715,842.487,274.7625,842.4859,274.7146,842.576,0.93899924,-0.047919244,0.090094455,0.03500627,0.03292524,0.06952869
272.89194,980.1468,227.16965,940.34814,227.16628,940.35187,227.22551,940.43427,0.95058703,0.059231814,0.082388476,0.037285887,0.03229755,0.09573421
296.57498,894.15155,258.255,856.75665,258.25473,856.74774,258.19763,856.7413,0.92372537,-0.05710539,-0.0064701857,0.0262418,0.032772698,0.05046398
380.68295,864.25775,344.66077,834.3015,344.64832,834.29803,344.64777,834.38464,0.9409695,-0.00054624554,0.08659901,0.03944256,0.03308152,0.06263162
380.68295,864.25775,344.66077,834.3015,344.64832,834.29803,344.64777,834.38464,0.9409695,-0.00054624554,0.08659901,0.03944256,0.03308152,0.06263162
678.50244,871.00385,640.74603,866.9753,640.7468,866.9751,640.8147,866.9601,0.95236874,0.067841664,-0.014998828,0.03264628,0.033256095,0.096940145
598.893,875.9732,561.0096,864.99097,561.0071,864.9871,561.14764,865.0568,0.91161764,0.14054063,0.06973035,0.03181829,0.03318455,0.16559595
699.1364,909.9621,657.9104,907.5871,657.9066,907.58356,657.9748,907.8867,0.9211105,0.06820138,0.30315754,0.032800816,0.03306371,0.2898188
621.95337,882.9299,583.3839,873.92206,583.3734,873.9272,583.4374,873.9601,0.9196368,0.06396508,0.03292776,0.043787185,0.033135064,0.0835927
621.95337,882.9299,583.3839,873.92206,583.3734,873.9272,583.4374,873.9601,0.9196368,0.06396508,0.03292776,0.043787185,0.033135064,0.0835927
952.859,873.0251,913.87976,892.9057,913.8834,892.90027,913.86066,892.9169,0.9401614,-0.022787426,0.016603932,0.026953224,0.033498514,0.010857055
874.89325,923.196,831.8365,936.0923,831.8413,936.0853,831.8426,936.1416,0.96760404,0.0012789269,0.056282587,0.024622675,0.033085614,0.03601643
999.41473,843.6832,962.8138,867.7209,962.8195,867.7276,962.8029,867.685,0.91829544,-0.016595447,-0.04261681,0.036682334,0.03365606,0.069782935
774.3658,1009.90405,724.13464,1013.71014,724.1387,1013.7022,724.2594,1013.68774,0.9700635,0.12072281,-0.014462853,0.023677943,0.03244666,0.14535424
903.50946,868.20276,865.1504,883.7996,865.14197,883.7952,865.2257,883.9295,0.94756913,0.083725736,0.13424878,0.036126625,0.03344927,0.14909303
1138.9844,952.09875,1092.4019,987.8967,1092.4086,987.8951,1092.4977,987.9479,0.9191741,0.089100234,0.052816037,0.028223926,0.033135064,0.11157769
1082.1367,902.0837,1040.1423,933.1213,1040.1366,933.11566,1040.2246,933.1619,0.94074166,0.08798626,0.046248116,0.033275302,0.03344927,0.109500065
1082.1367,902.0837,1040.1423,933.1213,1040.1366,933.11566,1040.2246,933.1619,0.94074166,0.08798626,0.046248116,0.033275302,0.03344927,0.109500065
1236.5674,963.91406,1188.586,1008.162,1188.5905,1008.1705,1188.5156,1008.3615,0.9488401,-0.074871555,0.19105326,0.03828442,0.033036206,0.17340139
1213.0863,1011.06055,1161.0834,1053.0829,1161.0894,1053.0911,1161.0253,1053.1221,0.9788291,-0.06411129,0.031010719,0.03743262,0.03299265,0.0451132
1383.417,789.4192,1350.0776,847.13007,1350.0907,847.13776,1350.0446,847.1653,0.9614121,-0.046131525,0.027538482,0.03590201,0.034301814,0.025512988
1400.0988,818.8623,1364.1575,877.9192,1364.1427,877.9228,1364.1511,877.85425,0.9087681,0.008387317,-0.0685566,0.046926986,0.034179688,0.100155644
1400.0988,818.8623,1364.1575,877.9192,1364.1427,877.9228,1364.1511,877.85425,0.9087681,0.008387317,-0.0685566,0.046926986,0.034179688,0.100155644
1420.0645,851.3805,1381.1829,912.03955,1381.1981,912.05743,1381.1766,912.1127,0.9971095,-0.021489467,0.05525494,0.045456074,0.034057673,0.027975682
1449.5958,861.2062,1409.7712,924.3966,1409.7606,924.4196,1409.8682,924.40247,0.98487985,0.10752864,-0.017157815,0.058966562,0.033935767,0.1352912
1688.1113,874.38855,1646.216,958.3363,1646.2198,958.3398,1646.3213,958.38495,0.91924185,0.1014993,0.04518328,0.034955617,0.03413088,0.12325253
1714.2161,889.76373,1670.8904,975.92957,1670.885,975.9317,1671.0267,975.9484,0.9479231,0.14172363,0.016707683,0.03897471,0.033935767,0.16232713
1652.0708,818.5106,1615.189,899.52405,1615.1868,899.5332,1615.1625,899.57916,0.8833227,-0.024269797,0.04594147,0.04316601,0.034375366,0.01888937
1572.062,981.8663,1521.254,1055.2969,1521.244,1055.2946,1521.3077,1055.2205,0.93531543,0.06374194,-0.07406257,0.03866759,0.03344927,0.13110147
1572.062,981.8663,1521.254,1055.2969,1521.244,1055.2946,1521.3077,1055.2205,0.93531543,0.06374194,-0.07406257,0.03866759,0.03344927,0.13110147
1838.9902,884.40826,1795.6478,981.4804,1795.6514,981.4714,1795.551,981.5499,0.94342524,-0.1003045,0.078540616,0.024957633,0.0341557,0.09480937
1901.5688,896.24194,1856.9607,998.70404,1856.9606,998.7142,1856.8591,998.7376,0.89692354,-0.1014781,0.023435358,0.04262422,0.034058493,0.08089348
2000.4208,995.4129,1946.782,1106.1289,1946.7925,1106.1234,1946.7212,1106.1648,0.9179602,-0.07126078,0.04143734,0.023660867,0.033764966,0.053104095
1929.7761,785.8309,1894.6898,891.1918,1894.684,891.1813,1894.8014,891.0385,0.929359,0.11744412,-0.14275615,0.031902477,0.034694448,0.2195315
1946.8888,940.41736,1898.2454,1046.6605,1898.2576,1046.6714,1898.2354,1046.5874,0.9208551,-0.022161424,-0.08395038,0.03892876,0.033935767,0.111223206
160.85349,1248.7494,92.14661,1198.1672,92.14221,1198.1685,92.22392,1198.2556,0.92611367,0.08171245,0.0871982,0.03421142,0.030649286,0.11614431
242.4572,1237.2478,174.44257,1193.8245,174.43797,1193.8228,174.4661,1193.8491,0.9508053,0.028129024,0.026427492,0.03228783,0.030835083,0.045078594
242.4572,1237.2478,174.44257,1193.8245,174.43797,1193.8228,174.4661,1193.8491,0.9508053,0.028129024,0.026427492,0.03228783,0.030835083,0.045078594
261.92038,1033.6305,211.57884,992.6818,211.57475,992.67596,211.51419,992.7142,0.952208,-0.060562883,0.038179077,0.030268673,0.03202334,0.04401165
261.92038,1033.6305,211.57884,992.6818,211.57475,992.67596,211.51419,992.7142,0.952208,-0.060562883,0.038179077,0.030268673,0.03202334,0.04401165
292.41302,1184.166,228.8225,1145.3074,228.83046,1145.2966,229.05779,1145.42,0.9022279,0.22732465,0.12343872,0.017897518,0.031240823,0.26332468
292.41302,1184.166,228.8225,1145.3074,228.83046,1145.2966,229.05779,1145.42,0.9022279,0.22732465,0.12343872,0.017897518,0.031240823,0.26332468
399.40112,1056.5668,346.52637,1027.4945,346.53333,1027.5072,346.6594,1027.5223,0.85857236,0.12605865,0.015141338,0.040653273,0.032049343,0.1447235
534.4153,1262.4451,463.0835,1244.3668,463.0891,1244.3699,463.1532,1244.4108,0.92182785,0.064073004,0.04083976,0.031111903,0.03099578,0.082523644
534.4153,1262.4451,463.0835,1244.3668,463.0891,1244.3699,463.1532,1244.4108,0.92182785,0.064073004,0.04083976,0.031111903,0.03099578,0.082523644
512.7285,1151.4966,451.16696,1131.9519,451.15533,1131.9532,451.23138,1131.9092,0.9366365,0.076040015,-0.044022635,0.040202715,0.03157201,0.11713873
512.7285,1151.4966,451.16696,1131.9519,451.15533,1131.9532,451.23138,1131.9092,0.9366365,0.076040015,-0.044022635,0.040202715,0.03157201,0.11713873
586.35925,1240.5309,516.7363,1227.0562,516.74554,1227.0663,516.711,1226.879,0.94252753,-0.034549285,-0.18726395,0.036887713,0.031080022,0.21383847
910.5457,1257.7465,838.1995,1272.4653,838.1982,1272.471,838.0368,1272.4979,0.8903042,-0.16134693,0.027004212,0.036678016,0.031215888,0.14392509
1019.0629,1045.9175,964.76624,1070.8961,964.7659,1070.9053,965.01996,1070.9885,0.9646351,0.25400978,0.08323038,0.040548895,0.03258157,0.2786446
924.5959,1234.5344,854.2279,1250.5717,854.2181,1250.5718,854.1476,1250.7443,0.897632,-0.070510074,0.17249423,0.037860744,0.031385366,0.15574957
848.82245,1079.4122,792.263,1089.4299,792.2536,1089.4353,792.2516,1089.3701,0.9482285,-0.001998669,-0.06519912,0.042264763,0.03223656,0.09312269
818.28143,1028.114,766.2986,1035.6823,766.3,1035.6703,766.3275,1035.8406,0.9379275,0.027501788,0.17029017,0.022601476,0.03247627,0.15090443
1078.9049,1119.9099,1017.9324,1149.8339,1017.9309,1149.832,1017.9867,1149.7649,0.95899445,0.05578233,-0.06712663,0.031495325,0.03207129,0.11928518
1094.6283,1188.2057,1027.6411,1219.2439,1027.6417,1219.2384,1027.5928,1219.2614,0.9308431,-0.048901867,0.022901168,0.027117474,0.03186222,0.031059159
1094.6283,1188.2057,1027.6411,1219.2439,1027.6417,1219.2384,1027.5928,1219.2614,0.9308431,-0.048901867,0.022901168,0.027117474,0.03186222,0.031059159
1064.9152,1035.1262,1011.3791,1064.147,1011.3843,1064.1512,1011.4574,1064.2921,0.942973,0.07311657,0.14089242,0.033861753,0.03268135,0.14654712
1262.7771,1126.669,1200.5164,1172.6006,1200.5145,1172.5907,1200.5325,1172.7,0.96358234,0.017945588,0.109265536,0.026290499,0.03234126,0.09045443
1281.7881,1031.1265,1227.7797,1079.0696,1227.7808,1079.0685,1227.5732,1079.2988,0.9445231,-0.20748036,0.23031577,0.03129122,0.03282239,0.27745593
1394.2185,1233.2842,1322.1594,1290.2617,1322.1631,1290.2563,1322.0669,1290.3784,0.94847447,-0.09613146,0.122053556,0.025361558,0.03186222,0.1236365
1291.3481,1253.7644,1217.9023,1301.7058,1217.8989,1301.693,1217.8674,1301.6909,0.98690724,-0.031451736,-0.0021131248,0.025128702,0.031724427,0.03144774
1291.3481,1253.7644,1217.9023,1301.7058,1217.8989,1301.693,1217.8674,1301.6909,0.98690724,-0.031451736,-0.0021131248,0.025128702,0.031724427,0.03144774
1361.771,1182.5447,1294.2701,1236.8711,1294.2615,1236.882,1294.222,1236.9508,0.9428176,-0.03938648,0.06885132,0.045807444,0.031931598,0.047603823
1689.8469,1159.9904,1623.0544,1243.0056,1623.0553,1243.0068,1623.1938,1242.998,0.972881,0.13859136,-0.008732997,0.03311527,0.03258157,0.16128168
1585.5342,1151.6075,1519.8685,1225.5674,1519.87,1225.5645,1519.8978,1225.5605,0.9524195,0.027850319,-0.003956512,0.029347694,0.03258157,0.05572934
1567.2139,1246.9413,1493.3109,1318.9357,1493.3099,1318.9391,1493.3087,1318.9075,0.96577615,-0.0011870104,-0.031623114,0.035213213,0.03183134,0.060180787
1567.2139,1246.9413,1493.3109,1318.9357,1493.3099,1318.9391,1493.3087,1318.9075,0.96577615,-0.0011870104,-0.031623114,0.035213213,0.03183134,0.060180787
1757.6046,1097.8134,1695.9834,1186.9763,1695.9746,1186.9718,1696.0308,1186.9324,0.9848329,0.05617696,-0.039394353,0.03572742,0.032865718,0.10026164
1808.9674,1271.2692,1732.014,1364.2473,1732.0232,1364.2446,1731.9419,1364.3123,0.91894454,-0.08133014,0.06758787,0.025118025,0.03183134,0.0755347
1795.2908,1120.8341,1731.5085,1213.1799,1731.5109,1213.1896,1731.3611,1213.3555,0.96700644,-0.1497616,0.16585097,0.039815325,0.032623846,0.19111724
1795.2908,1120.8341,1731.5085,1213.1799,1731.5109,1213.1896,1731.3611,1213.3555,0.96700644,-0.1497616,0.16585097,0.039815325,0.032623846,0.19111724
2041.681,1153.537,1974.1042,1267.2307,1974.1134,1267.2423,1974.3175,1267.4825,0.83018416,0.2041581,0.24027795,0.039497435,0.03279423,0.30900288
1944.5695,1272.4178,1866.9941,1377.2074,1867.0093,1377.2073,1866.9176,1377.238,0.98038006,-0.09163204,0.03074122,0.026315143,0.032001287,0.07350316
139.07333,1386.6808,58.41809,1333.6738,58.422577,1333.677,58.398434,1333.7128,0.9574367,-0.024144016,0.035784837,0.0307745,0.029978283,0.013228367
139.07333,1386.6808,58.41809,1333.6738,58.422577,1333.677,58.398434,1333.7128,0.9574367,-0.024144016,0.035784837,0.0307745,0.029978283,0.013228367
245.92891,1449.5875,159.38179,1405.6565,159.38858,1405.6577,159.41388,1405.7294,0.9675744,0.025298314,0.0716565,0.027706886,0.029526167,0.062072262
255.30571,1433.9556,170.08313,1390.9166,170.09221,1390.9023,170.05577,1390.989,0.9639978,-0.03643435,0.08672092,0.0128594935,0.02978172,0.06478897
184.68124,1323.6069,109.373146,1274.8176,109.35461,1274.818,109.36705,1274.757,0.9329649,0.0124446675,-0.061085552,0.04345159,0.030310271,0.09121659
385.162,1301.86,310.9656,1270.6289,310.96814,1270.6267,310.87888,1270.6106,0.9529438,-0.08926208,-0.016168917,0.02736719,0.030574227,0.083748735
385.162,1301.86,310.9656,1270.6289,310.96814,1270.6267,310.87888,1270.6106,0.9529438,-0.08926208,-0.016168917,0.02736719,0.030574227,0.083748735
385.162,1301.86,310.9656,1270.6289,310.96814,1270.6267,310.87888,1270.6106,0.9529438,-0.08926208,-0.016168917,0.02736719,0.030574227,0.083748735
385.162,1301.86,310.9656,1270.6289,310.96814,1270.6267,310.87888,1270.6106,0.9529438,-0.08926208,-0.016168917,0.02736719,0.030574227,0.083748735
427.86337,1434.144,341.98434,1406.1318,341.977,1406.1295,341.95468,1406.2158,0.9498446,-0.022308748,0.08625494,0.03271507,0.02988718,0.061364345
687.96155,1318.2096,611.19257,1313.3042,611.1907,1313.3048,611.1621,1313.496,0.8645616,-0.028553575,0.19120613,0.03231176,0.030743124,0.1658242
624.61945,1444.6228,537.0662,1433.7201,537.07117,1433.7168,537.1948,1433.8661,0.93895096,0.12368381,0.14933887,0.024593532,0.02990349,0.18677124
624.61945,1444.6228,537.0662,1433.7201,537.07117,1433.7168,537.1948,1433.8661,0.93895096,0.12368381,0.14933887,0.024593532,0.02990349,0.18677124
624.61945,1444.6228,537.0662,1433.7201,537.07117,1433.7168,537.1948,1433.8661,0.93895096,0.12368381,0.14933887,0.024593532,0.02990349,0.18677124
618.65155,1295.4563,544.1227,1284.5897,544.12756,1284.5973,544.17285,1284.7228,0.947064,0.045315113,0.12550996,0.035428002,0.03080994,0.117535345
804.7312,1396.008,720.7358,1400.9913,720.73505,1400.9846,720.75195,1401.0438,1.014537,0.016935622,0.05914348,0.025398253,0.030269746,0.047518328
804.7312,1396.008,720.7358,1400.9913,720.73505,1400.9846,720.75195,1401.0438,1.014537,0.016935622,0.05914348,0.025398253,0.030269746,0.047518328
804.7312,1396.008,720.7358,1400.9913,720.73505,1400.9846,720.75195,1401.0438,1.014537,0.016935622,0.05914348,0.025398253,0.030269746,0.047518328
859.1918,1500.6069,765.8744,1509.9396,765.87146,1509.9323,766.11487,1509.9146,0.8935113,0.24338801,-0.01767957,0.02603255,0.029870896,0.26287395
797.7824,1462.5132,708.0233,1466.6376,708.016,1466.6311,707.94464,1466.6533,0.9821067,-0.07137526,0.022262175,0.030074233,0.030039283,0.055388857
1272.8655,1322.9772,1193.4545,1369.0281,1193.4539,1369.0319,1193.7023,1368.9861,0.9713485,0.24838872,-0.045766,0.03456401,0.031046443,0.2752063
1272.8655,1322.9772,1193.4545,1369.0281,1193.4539,1369.0319,1193.7023,1368.9861,0.9713485,0.24838872,-0.045766,0.03456401,0.031046443,0.2752063
1191.0021,1344.4064,1110.0297,1383.2493,1110.034,1383.2446,1110.1249,1383.3024,0.9585789,0.09085564,0.057775013,0.024745071,0.031012587,0.11251526
1098.1533,1338.9629,1018.0075,1369.7356,1018.01306,1369.7297,1017.88556,1369.8772,1.0043778,-0.12749629,0.14748426,0.022924857,0.030843051,0.16437483
1098.1533,1338.9629,1018.0075,1369.7356,1018.01306,1369.7297,1017.88556,1369.8772,1.0043778,-0.12749629,0.14748426,0.022924857,0.030843051,0.16437483
1447.3063,1350.316,1364.8441,1411.4694,1364.8483,1411.4702,1364.868,1411.3208,0.9423509,0.019772803,-0.14937985,0.029861603,0.031215888,0.17920326
1447.3063,1350.316,1364.8441,1411.4694,1364.8483,1411.4702,1364.868,1411.3208,0.9423509,0.019772803,-0.14937985,0.029861603,0.031215888,0.17920326
1285.7389,1429.8839,1196.9506,1476.6508,1196.9602,1476.654,1196.9154,1476.7195,0.9944911,-0.044768356,0.06549029,0.029665848,0.030505368,0.048802026
1390.0848,1392.8175,1304.1515,1448.8263,1304.1399,1448.8229,1304.1638,1448.8713,0.95259225,0.023929726,0.04840764,0.036358517,0.030910797,0.046880722
1390.0848,1392.8175,1304.1515,1448.8263,1304.1399,1448.8229,1304.1638,1448.8713,0.95259225,0.023929726,0.04840764,0.036358517,0.030910797,0.046880722
1645.3956,1447.3641,1553.7294,1525.4197,1553.725,1525.4138,1553.7997,1525.5116,0.9557786,0.07476541,0.09783119,0.029110378,0.03074161,0.11665746
1767.9604,1374.0131,1682.2247,1463.0336,1682.2169,1463.0239,1682.1038,1463.036,0.96135265,-0.113133505,0.012097202,0.029968945,0.031114763,0.096674755
1761.6577,1427.2935,1671.2963,1515.5387,1671.2943,1515.5524,1671.2917,1515.6815,0.94617456,-0.0025333264,0.12916532,0.043783613,0.030945245,0.10456411
1767.8093,1513.9242,1669.8601,1602.3992,1669.8716,1602.3899,1669.998,1602.6107,0.9392298,0.12641764,0.22080632,0.016946683,0.030403351,0.2422759
1767.8093,1513.9242,1669.8601,1602.3992,1669.8716,1602.3899,1669.998,1602.6107,0.9392298,0.12641764,0.22080632,0.016946683,0.030403351,0.2422759
1820.5497,1506.1831,1723.0905,1599.2782,1723.0859,1599.2748,1723.0812,1599.3103,0.9004697,-0.004771804,0.03556294,0.030648401,0.030505368,0.015598274
1796.0145,1303.1326,1716.3448,1394.8646,1716.3424,1394.858,1716.1001,1395.0612,0.90180624,-0.24229369,0.2031261,0.028147731,0.03159193,0.2858543
1904.7869,1394.8878,1816.7007,1495.7532,1816.7034,1495.7445,1816.6951,1495.7656,0.94402224,-0.008334369,0.02114532,0.022668296,0.03118341,0.010372385
1792.7231,1403.9344,1704.2904,1494.9828,1704.2775,1494.9897,1704.3635,1495.0968,0.93681145,0.08600263,0.107033744,0.044483367,0.030945245,0.13160391
1991.526,1363.2849,1905.8561,1471.8313,1905.8671,1471.8214,1905.8699,1471.8793,0.96013206,0.0028607564,0.057919104,0.017503368,0.03152275,0.03795621
219.58223,1549.016,124.4823,1502.4169,124.475784,1502.4119,124.50127,1502.3966,0.9653958,0.025478901,-0.015248502,0.029273128,0.029001866,0.056986384
152.63379,1543.1953,58.28753,1490.7874,58.289368,1490.7783,58.446278,1490.8741,0.9610039,0.15690929,0.095828004,0.02053722,0.02897811,0.18603244
217.66348,1620.9335,116.28768,1573.8766,116.29588,1573.8887,116.20619,1573.7637,0.9696974,-0.089690246,-0.12498249,0.037182897,0.028572278,0.1673129
178.40482,1742.0616,66.64157,1691.1425,66.62883,1691.1346,66.5806,1691.208,0.9812242,-0.048235368,0.07341099,0.031230146,0.027863186,0.060011737
241.08842,1596.0553,141.81497,1551.1517,141.80014,1551.1467,141.65405,1551.2008,0.94587696,-0.14608327,0.054060623,0.035490263,0.028654706,0.13456912
324.6834,1700.5765,215.96962,1662.5497,215.96686,1662.5563,216.10965,1662.6383,0.95228434,0.14278528,0.08205428,0.035260025,0.028164022,0.16732146
319.19894,1577.4413,221.23016,1539.4059,221.23593,1539.4113,221.19049,1539.3733,0.9838394,-0.045436565,-0.037915695,0.031528484,0.028958352,0.06974545
319.19894,1577.4413,221.23016,1539.4059,221.23593,1539.4113,221.19049,1539.3733,0.9838394,-0.045436565,-0.037915695,0.031528484,0.028958352,0.06974545
341.8971,1544.1863,246.7483,1508.2709,246.74629,1508.261,246.71207,1508.3152,0.99001056,-0.034232333,0.054230403,0.022772009,0.029077442,0.035027813
495.49576,1676.9309,388.1921,1653.8982,388.19037,1653.8878,388.26236,1653.9011,0.9602761,0.07199459,0.013358932,0.02150907,0.02842445,0.08725782
554.12573,1704.9049,444.16385,1686.8671,444.159,1686.8654,444.11652,1686.8636,0.9933866,-0.042472877,-0.0017524466,0.02977141,0.02834661,0.038349513
599.88837,1773.1006,483.80923,1758.7892,483.80353,1758.7902,483.79465,1758.8174,0.99586236,-0.00888207,0.027248869,0.031990808,0.027966242,0.0060190074
599.88837,1773.1006,483.80923,1758.7892,483.80353,1758.7902,483.79465,1758.8174,0.99586236,-0.00888207,0.027248869,0.031990808,0.027966242,0.0060190074
599.88837,1773.1006,483.80923,1758.7892,483.80353,1758.7902,483.79465,1758.8174,0.99586236,-0.00888207,0.027248869,0.031990808,0.027966242,0.0060190074
599.88837,1773.1006,483.80923,1758.7892,483.80353,1758.7902,483.79465,1758.8174,0.99586236,-0.00888207,0.027248869,0.031990808,0.027966242,0.0060190074
969.3985,1757.3954,853.2792,1775.346,853.27673,1775.3496,853.3068,1775.3386,0.9419484,0.03009948,-0.010986627,0.032669093,0.02827272,0.05683104
969.3985,1757.3954,853.2792,1775.346,853.27673,1775.3496,853.3068,1775.3386,0.9419484,0.03009948,-0.010986627,0.032669093,0.02827272,0.05683104
846.4865,1565.1334,747.5837,1573.1005,747.5903,1573.1061,747.63135,1573.1671,0.92057025,0.04109109,0.06100712,0.031809155,0.02936603,0.067184374
846.4865,1565.1334,747.5837,1573.1005,747.5903,1573.1061,747.63135,1573.1671,0.92057025,0.04109109,0.06100712,0.031809155,0.02936603,0.067184374
795.5295,1693.9056,685.6041,1696.9365,685.60315,1696.9475,685.72235,1697.0709,0.8737455,0.11917309,0.123464674,0.038856342,0.028638955,0.16650884
1062.6355,1637.0674,956.6364,1663.6061,956.6471,1663.6052,956.67413,1663.5692,0.9461252,0.027041879,-0.036022972,0.024239872,0.028997546,0.07395802
1062.6355,1637.0674,956.6364,1663.6061,956.6471,1663.6052,956.67413,1663.5692,0.9461252,0.027041879,-0.036022972,0.024239872,0.028997546,0.07395802
1080.042,1643.2026,973.46265,1671.2394,973.4525,1671.234,973.4856,1671.1378,0.9100719,0.033100475,-0.09621161,0.031985275,0.029173592,0.1303631
1042.5289,1718.2578,929.5482,1742.7249,929.54034,1742.7345,929.4049,1742.7797,0.9308745,-0.1354389,0.045142602,0.04106759,0.028702103,0.12229698
1276.5709,1675.4908,1166.4349,1720.5247,1166.4196,1720.5282,1166.4486,1720.5768,0.9176142,0.029009514,0.048624307,0.04164047,0.028997546,0.05035826
1485.4199,1729.0133,1369.8105,1792.0453,1369.809,1792.0494,1369.7502,1792.0367,0.9496692,-0.058761988,-0.012726934,0.033372335,0.028997546,0.05730444
1485.4199,1729.0133,1369.8105,1792.0453,1369.809,1792.0494,1369.7502,1792.0367,0.9496692,-0.058761988,-0.012726934,0.033372335,0.028997546,0.05730444
1332.3113,1652.9283,1223.9092,1702.9164,1223.9144,1702.9094,1223.9146,1703.0148,0.9407181,0.00011978185,0.105324,0.02066741,0.029333727,0.08194774
1484.8497,1748.5281,1367.5299,1811.4426,1367.54,1811.4403,1367.544,1811.3701,0.9444625,0.0038684113,-0.0701958,0.022773558,0.028829535,0.096621715
1326.2684,1571.2588,1225.0149,1621.0352,1225.0131,1621.0238,1224.9674,1621.0526,0.9487209,-0.045684323,0.028830202,0.022462264,0.029697476,0.02990349
1660.1389,1563.5142,1558.2856,1642.406,1558.2885,1642.4072,1558.2743,1642.4125,0.9681198,-0.014145569,0.005195449,0.029753622,0.030100916,0.020139752
1660.1389,1563.5142,1558.2856,1642.406,1558.2885,1642.4072,1558.2743,1642.4125,0.9681198,-0.014145569,0.005195449,0.029753622,0.030100916,0.020139752
1700.7759,1633.4312,1592.6763,1715.5968,1592.6766,1715.6001,1592.704,1715.5428,0.9512373,0.02728925,-0.057253513,0.032285925,0.029631924,0.092933275
1634.5983,1641.8104,1526.0242,1718.1766,1526.0205,1718.1798,1525.8926,1718.2565,0.8964621,-0.127933,0.07672074,0.03420148,0.029528907,0.12343597
1578.2152,1603.8198,1473.1626,1675.4248,1473.1633,1675.4196,1473.2402,1675.4154,0.9419883,0.076915905,-0.00413048,0.024977924,0.029697476,0.09736911
1855.9275,1540.0999,1755.3754,1636.146,1755.3729,1636.146,1755.3491,1636.1053,0.9354169,-0.023791252,-0.040697124,0.03173828,0.030336376,0.066431604
1855.9275,1540.0999,1755.3754,1636.146,1755.3729,1636.146,1755.3491,1636.1053,0.9354169,-0.023791252,-0.040697124,0.03173828,0.030336376,0.066431604
1992.7372,1564.0642,1889.5748,1671.9458,1889.5734,1671.9429,1889.7238,1671.8792,0.9434756,0.15037118,-0.063771136,0.02874879,0.030269746,0.1891731
1893.7657,1784.8225,1771.743,1883.2428,1771.7369,1883.236,1771.7274,1883.3372,0.95127,-0.009491754,0.101174094,0.027820518,0.028997546,0.07675282
1893.7657,1784.8225,1771.743,1883.2428,1771.7369,1883.236,1771.7274,1883.3372,0.95127,-0.009491754,0.101174094,0.027820518,0.028997546,0.07675282
232.87593,1959.6177,101.928314,1912.6035,101.93016,1912.611,102.10924,1912.645,0.97431797,0.17907864,0.03409879,0.032821488,0.026722658,0.19197579
176.00002,1804.4795,58.80263,1753.112,58.79274,1753.1056,58.733734,1753.2826,0.9373676,-0.05900506,0.17696594,0.029184038,0.027469907,0.15969788
366.6358,1874.2805,242.62186,1839.2577,242.61931,1839.2562,242.6796,1839.3638,0.93495727,0.060285646,0.10751916,0.027366424,0.027247775,0.111452416
480.11298,1857.0634,357.15927,1831.9934,357.16547,1831.9946,357.22284,1832.0056,0.9295854,0.057387833,0.011024252,0.026191408,0.02748116,0.07206353
480.11298,1857.0634,357.15927,1831.9934,357.16547,1831.9946,357.22284,1832.0056,0.9295854,0.057387833,0.011024252,0.026191408,0.02748116,0.07206353
480.11298,1857.0634,357.15927,1831.9934,357.16547,1831.9946,357.22284,1832.0056,0.9295854,0.057387833,0.011024252,0.026191408,0.02748116,0.07206353
385.0803,2033.5624,247.10484,1999.544,247.11035,1999.54,247.22217,1999.5223,0.5985045,0.11182186,-0.017702818,0.020457622,0.026266683,0.13070726
599.7594,1850.8169,476.89963,1836.2068,476.90112,1836.1998,476.9863,1836.3759,0.9170115,0.085176826,0.17605497,0.020831505,0.027511237,0.18134724
538.0888,1880.3369,412.89877,1860.2296,412.89215,1860.2325,412.74008,1860.3138,0.9727301,-0.15207775,0.081321806,0.033594184,0.027527887,0.1500252
687.8731,1976.7362,553.71075,1969.3129,553.7043,1969.32,553.6983,1969.3251,0.9776225,-0.005987158,0.005122646,0.03626988,0.02687904,0.019702164
762.6572,1977.5566,628.1422,1976.6456,628.13245,1976.655,628.29865,1976.7461,0.9592703,0.16622089,0.09110147,0.04015784,0.027015418,0.19144922
520.4365,2000.0729,384.87442,1977.9885,384.8706,1977.9749,384.86282,1977.9866,0.97228545,-0.007787156,0.011696672,0.019129459,0.026625954,0.012683607
779.73914,1865.6824,654.9043,1866.6888,654.9005,1866.695,655.0337,1866.6626,0.96312046,0.13317801,-0.032331567,0.034734312,0.027556544,0.1572638
845.9211,1918.2806,716.2388,1924.8657,716.2461,1924.8612,716.29974,1924.8832,0.9636108,0.053665914,0.022004645,0.020462712,0.027542753,0.06710973
845.9211,1918.2806,716.2388,1924.8657,716.2461,1924.8612,716.29974,1924.8832,0.9636108,0.053665914,0.022004645,0.020462712,0.027542753,0.06710973
1011.2118,1914.0127,881.28955,1935.016,881.27997,1935.0155,881.2764,1935.0344,0.9572245,-0.0035321752,0.018875822,0.033060327,0.027632482,0.011300738
920.31647,1864.7205,795.01666,1877.9945,795.02686,1877.9888,795.1676,1877.9463,0.93691343,0.14075711,-0.042527817,0.018553482,0.027647847,0.16826047
1251.5366,1905.9647,1121.3911,1947.9484,1121.392,1947.9438,1121.249,1948.055,0.8472976,-0.14290674,0.111212164,0.023428597,0.027723134,0.15580878
1207.385,1956.8405,1072.9745,1994.787,1072.974,1994.7781,1072.8136,1994.8522,0.9513346,-0.16036883,0.07410546,0.020638548,0.027556544,0.15506893
1088.8533,1950.2866,955.4698,1977.9257,955.4644,1977.9185,955.36597,1977.8577,0.9352753,-0.098428406,-0.06079295,0.025171656,0.027390033,0.11985099
1158.3967,1935.3304,1026.0355,1969.0781,1026.047,1969.0802,1026.0206,1969.239,0.92724705,-0.026391521,0.15877073,0.026104216,0.027617313,0.13547242
1078.2349,1880.3328,950.97675,1907.3151,950.9837,1907.305,951.0318,1907.3168,0.94282746,0.048120853,0.011683438,0.015804334,0.027920298,0.06330923
1487.7074,1841.9686,1362.2395,1904.7792,1362.2423,1904.7745,1362.2135,1904.8473,0.9323221,-0.028848844,0.07281046,0.022986848,0.028408833,0.05040558
1351.1509,1809.8129,1229.008,1860.8467,1229.008,1860.8395,1229.0059,1860.892,0.98472625,-0.0021583862,0.052429717,0.022429403,0.028303998,0.030775763
1448.38,1935.8367,1314.8904,1994.8562,1314.8828,1994.8582,1315.0344,1994.9546,0.9643041,0.151623,0.09637589,0.033556905,0.027617313,0.18060058
1448.38,1935.8367,1314.8904,1994.8562,1314.8828,1994.8582,1315.0344,1994.9546,0.9643041,0.151623,0.09637589,0.033556905,0.027617313,0.18060058
1448.38,1935.8367,1314.8904,1994.8562,1314.8828,1994.8582,1315.0344,1994.9546,0.9643041,0.151623,0.09637589,0.033556905,0.027617313,0.18060058
1665.6909,1906.3357,1533.9395,1984.4114,1533.9385,1984.4092,1533.8733,1984.3722,0.939906,-0.06519421,-0.03704613,0.02675123,0.028074315,0.07956981
1703.971,1888.629,1573.6254,1970.11,1573.6162,1970.1062,1573.636,1970.0344,0.9602232,0.019818222,-0.071747765,0.031247377,0.028199298,0.1018945
1790.6967,1878.1577,1660.9347,1967.2334,1660.9247,1967.2333,1660.9529,1967.2573,0.9125213,0.028178392,0.024013182,0.034443084,0.028262375,0.042846855
2017.2177,1812.6522,1892.2997,1921.706,1892.2933,1921.7194,1892.2211,1921.805,0.90248,-0.072288744,0.08574858,0.043455146,0.02876563,0.08377279
2040.7955,1799.5325,1916.9384,1910.7188,1916.9252,1910.7045,1916.646,1911.0095,0.47316226,-0.27913058,0.30502778,0.030234281,0.028893813,0.38515162
2033.303,1859.1716,1904.2811,1969.448,1904.2628,1969.4639,1904.1311,1969.4547,0.7325378,-0.13169311,-0.009107518,0.052109156,0.02849368,0.121515155
2009.7119,1834.5979,1882.9171,1942.9075,1882.9034,1942.9275,1882.7919,1942.9534,1.0063907,-0.11151968,0.025891382,0.05288914,0.028661579,0.096568726
2009.7119,1834.5979,1882.9171,1942.9075,1882.9034,1942.9275,1882.7919,1942.9534,1.0063907,-0.11151968,0.025891382,0.05288914,0.028661579,0.096568726
