source_x,source_y,reference_x,reference_y,sub_pixel_residual,method
528.49462890625,3135.78369140625,1373.252685546875,3137.21337890625,0.39419126510620117,keypoint_fallback_sift_intensity
3594.91943359375,2090.800537109375,4446.6767578125,2088.378662109375,0.7946208119392395,keypoint_fallback_sift_intensity
6983.16650390625,4897.7099609375,7840.052734375,4902.4404296875,1.0605388879776,keypoint_fallback_sift_intensity
525.7589721679688,3413.32958984375,1370.2265625,3415.77099609375,0.4008452892303467,keypoint_fallback_sift_intensity
525.1809692382812,2979.99755859375,1370.387451171875,2981.94970703125,0.6684572696685791,keypoint_fallback_sift_intensity
752.6624755859375,1128.04931640625,1600.60302734375,1125.7401123046875,1.1556230783462524,keypoint_fallback_sift_intensity
1822.7132568359375,3726.720703125,2671.341552734375,3730.778076171875,2.0508058071136475,keypoint_fallback_sift_intensity
5742.89013671875,1388.54541015625,6599.7158203125,1385.0587158203125,0.4777674376964569,keypoint_fallback_sift_intensity
5276.5947265625,2162.994384765625,6131.37841796875,2161.341064453125,0.31991785764694214,keypoint_fallback_sift_intensity
380.9471740722656,1184.1229248046875,1227.285888671875,1181.3275146484375,0.17195482552051544,keypoint_fallback_sift_intensity
1525.421630859375,797.873779296875,2373.866455078125,793.209228515625,0.6994767785072327,keypoint_fallback_sift_intensity
653.1879272460938,1288.4840087890625,1500.1793212890625,1284.89453125,0.8305842280387878,keypoint_fallback_sift_intensity
1526.2362060546875,1299.8873291015625,2374.449951171875,1296.31884765625,0.6706212162971497,keypoint_fallback_sift_intensity
6652.68994140625,3963.675048828125,7508.95703125,3965.960693359375,0.29326847195625305,keypoint_fallback_sift_intensity
2460.681396484375,3023.279296875,3309.24658203125,3024.002685546875,0.3521168828010559,keypoint_fallback_sift_intensity
1800.8663330078125,3773.3037109375,2648.554443359375,3776.814453125,0.968412458896637,keypoint_fallback_sift_intensity
1733.364990234375,549.08837890625,2582.490478515625,544.321044921875,0.41499048471450806,keypoint_fallback_sift_intensity
755.3458251953125,3056.685302734375,1600.8385009765625,3057.968994140625,0.15207673609256744,keypoint_fallback_sift_intensity
3149.451171875,1485.8853759765625,4000.809326171875,1482.6180419921875,0.3364655673503876,keypoint_fallback_sift_intensity
756.1937866210938,1590.3470458984375,1602.4886474609375,1587.3074951171875,1.0853228569030762,keypoint_fallback_sift_intensity
1440.559814453125,1087.9725341796875,2289.800048828125,1084.9251708984375,0.817521333694458,keypoint_fallback_sift_intensity
6645.88623046875,4675.8330078125,7502.2236328125,4680.4521484375,1.2089104652404785,keypoint_fallback_sift_intensity
2137.903076171875,1293.041748046875,2987.826904296875,1289.6126708984375,0.3625640273094177,keypoint_fallback_sift_intensity
1292.548095703125,458.394287109375,2140.747314453125,453.8311767578125,0.6667238473892212,keypoint_fallback_sift_intensity
1631.9017333984375,514.7506103515625,2480.557373046875,510.0920104980469,0.7455912828445435,keypoint_fallback_sift_intensity
1143.5162353515625,3042.91162109375,1990.4154052734375,3045.28515625,1.2358717918395996,keypoint_fallback_sift_intensity
1409.490234375,1804.32373046875,2257.7373046875,1802.573974609375,0.37118658423423767,keypoint_fallback_sift_intensity
902.9791870117188,1408.90625,1750.988037109375,1407.04296875,1.0354158878326416,keypoint_fallback_sift_intensity
1290.17919921875,1179.9322509765625,2138.186767578125,1176.128173828125,0.6297511458396912,keypoint_fallback_sift_intensity
1289.546875,1791.720703125,2137.01904296875,1789.72021484375,0.31915801763534546,keypoint_fallback_sift_intensity
4880.04638671875,3212.153076171875,5733.40478515625,3213.650146484375,0.7973670363426208,keypoint_fallback_sift_intensity
3318.5986328125,3408.847900390625,4168.67333984375,3410.07470703125,0.37112587690353394,keypoint_fallback_sift_intensity
4358.880859375,2843.726806640625,5211.35302734375,2843.639404296875,0.2009732574224472,keypoint_fallback_sift_intensity
1735.9219970703125,3719.31396484375,2583.4013671875,3723.026611328125,1.1379954814910889,keypoint_fallback_sift_intensity
3488.62890625,3351.397216796875,4338.85400390625,3352.44677734375,0.4927309453487396,keypoint_fallback_sift_intensity
7503.6103515625,1710.74853515625,8363.025390625,1707.3511962890625,0.26933524012565613,keypoint_fallback_sift_intensity
1411.7120361328125,1906.3956298828125,2259.236572265625,1904.2757568359375,0.6771786212921143,keypoint_fallback_sift_intensity
3358.191650390625,3824.23828125,4207.6767578125,3826.809326171875,0.45110660791397095,keypoint_fallback_sift_intensity
4107.857421875,3388.84912109375,4959.3505859375,3389.837646484375,0.41079428791999817,keypoint_fallback_sift_intensity
4599.57568359375,2854.69287109375,5452.19140625,2854.59228515625,0.5044739246368408,keypoint_fallback_sift_intensity
6616.89697265625,1406.5921630859375,7475.162109375,1402.869140625,0.33101075887680054,keypoint_fallback_sift_intensity
3492.556640625,2146.77197265625,4344.625,2145.326904296875,0.48407766222953796,keypoint_fallback_sift_intensity
4541.798828125,3078.510498046875,5394.1171875,3078.913818359375,0.509327232837677,keypoint_fallback_sift_intensity
4698.4423828125,1707.2332763671875,5552.6064453125,1703.666259765625,0.7434378862380981,keypoint_fallback_sift_intensity
7831.3935546875,4723.20263671875,8688.7724609375,4726.5615234375,0.41771113872528076,keypoint_fallback_sift_intensity
2958.227783203125,1047.1019287109375,3809.36669921875,1042.883544921875,0.43148601055145264,keypoint_fallback_sift_intensity
1536.953369140625,3261.573486328125,2384.5966796875,3264.6552734375,1.5734295845031738,keypoint_fallback_sift_intensity
4548.291015625,3349.073486328125,5399.970703125,3349.275390625,1.3019157648086548,keypoint_fallback_sift_intensity
1805.531005859375,3769.0478515625,2652.16357421875,3771.4375,0.5734675526618958,keypoint_fallback_sift_intensity
1627.3875732421875,2011.4130859375,2475.376708984375,2009.8704833984375,0.2713035047054291,keypoint_fallback_sift_intensity
2124.361083984375,1868.964111328125,2973.79931640625,1867.0887451171875,0.26518508791923523,keypoint_fallback_sift_intensity
1876.749755859375,1864.72998046875,2724.8212890625,1861.987548828125,1.211864709854126,keypoint_fallback_sift_intensity
4505.56298828125,3001.762451171875,5358.09765625,3001.726806640625,0.43683165311813354,keypoint_fallback_sift_intensity
6604.81884765625,3274.437255859375,7460.91357421875,3274.389404296875,0.6849515438079834,keypoint_fallback_sift_intensity
5082.0947265625,1695.96923828125,5937.97021484375,1693.95947265625,1.2857309579849243,keypoint_fallback_sift_intensity
645.462158203125,444.7994384765625,1492.361572265625,439.6303405761719,0.7524315118789673,keypoint_fallback_sift_intensity
645.4100952148438,1168.841796875,1492.1715087890625,1165.3192138671875,0.5022122859954834,keypoint_fallback_sift_intensity
1730.243408203125,617.6835327148438,2578.91259765625,612.9242553710938,0.8141236305236816,keypoint_fallback_sift_intensity
1739.2076416015625,520.0780639648438,2589.11083984375,516.140869140625,0.9987017512321472,keypoint_fallback_sift_intensity
6310.42626953125,1375.3631591796875,7167.9775390625,1371.734619140625,0.4172646999359131,keypoint_fallback_sift_intensity
6595.68994140625,3838.3525390625,7451.53955078125,3839.60888671875,0.5598293542861938,keypoint_fallback_sift_intensity
505.093505859375,1735.9110107421875,1350.9334716796875,1733.880859375,0.5100488662719727,keypoint_fallback_sift_intensity
4280.94580078125,2951.330322265625,5133.01416015625,2951.30712890625,0.44393467903137207,keypoint_fallback_sift_intensity
3956.359130859375,2854.547119140625,4807.73193359375,2853.80322265625,0.9801557660102844,keypoint_fallback_sift_intensity
395.26019287109375,3294.936279296875,1239.612060546875,3296.9404296875,0.3492985963821411,keypoint_fallback_sift_intensity
778.8280029296875,382.3774719238281,1626.128173828125,377.4692687988281,0.5489072203636169,keypoint_fallback_sift_intensity
503.42205810546875,1019.1348876953125,1349.5230712890625,1015.4508666992188,0.7573276162147522,keypoint_fallback_sift_intensity
187.8347625732422,3619.608154296875,1031.54296875,3622.5244140625,0.32136327028274536,keypoint_fallback_sift_intensity
4546.8564453125,2978.32763671875,5399.33203125,2978.055419921875,0.6687018871307373,keypoint_fallback_sift_intensity
1542.602783203125,2146.5322265625,2389.080322265625,2144.956298828125,1.500788688659668,keypoint_fallback_sift_intensity
643.9258422851562,1116.7548828125,1490.905029296875,1113.0780029296875,0.500732421875,keypoint_fallback_sift_intensity
3892.41015625,1775.9691162109375,4745.05322265625,1773.0201416015625,0.4928171932697296,keypoint_fallback_sift_intensity
502.082275390625,3531.009033203125,1346.5181884765625,3533.393310546875,0.3440703749656677,keypoint_fallback_sift_intensity
4886.62939453125,1243.086669921875,5741.48974609375,1239.5389404296875,0.4585946202278137,keypoint_fallback_sift_intensity
4886.62939453125,1243.086669921875,5741.48974609375,1239.5389404296875,0.4585946202278137,keypoint_fallback_sift_intensity
1816.8564453125,3082.791015625,2664.28271484375,3083.82421875,0.2321799099445343,keypoint_fallback_sift_intensity
2012.333740234375,3792.953125,2859.0048828125,3795.0908203125,0.9910223484039307,keypoint_fallback_sift_intensity
4497.732421875,3033.9833984375,5350.2392578125,3033.915771484375,0.5185611844062805,keypoint_fallback_sift_intensity
2116.064208984375,2040.8135986328125,2964.967041015625,2039.00341796875,0.46551939845085144,keypoint_fallback_sift_intensity
7070.19921875,1425.016845703125,7928.7490234375,1420.941162109375,0.49315106868743896,keypoint_fallback_sift_intensity
1624.621826171875,716.3104858398438,2474.021484375,711.3804931640625,0.5847584009170532,keypoint_fallback_sift_intensity
7020.0966796875,4732.05029296875,7875.66796875,4734.64990234375,1.3158694505691528,keypoint_fallback_sift_intensity
782.7996215820312,1283.8201904296875,1631.2203369140625,1281.718017578125,1.4950623512268066,keypoint_fallback_sift_intensity
4368.9716796875,1919.994873046875,5222.970703125,1918.181884765625,0.6920109987258911,keypoint_fallback_sift_intensity
1156.208740234375,1765.0850830078125,2004.3609619140625,1763.714599609375,0.8306651711463928,keypoint_fallback_sift_intensity
1156.208740234375,1765.0850830078125,2004.3609619140625,1763.714599609375,0.8306651711463928,keypoint_fallback_sift_intensity
2014.155029296875,2929.875244140625,2862.292724609375,2931.121337890625,0.4711330235004425,keypoint_fallback_sift_intensity
6571.732421875,1424.4410400390625,7429.2607421875,1419.9847412109375,0.726803183555603,keypoint_fallback_sift_intensity
1431.8531494140625,357.9609069824219,2281.143798828125,353.7183837890625,0.9581683278083801,keypoint_fallback_sift_intensity
201.01611328125,2427.708740234375,1046.8447265625,2428.39892578125,1.0103169679641724,keypoint_fallback_sift_intensity
785.1463012695312,3015.013671875,1630.3502197265625,3016.19873046875,0.48478907346725464,keypoint_fallback_sift_intensity
4370.11962890625,1864.794677734375,5224.41455078125,1862.8736572265625,0.911980390548706,keypoint_fallback_sift_intensity
5252.123046875,3069.801513671875,6105.70947265625,3069.348388671875,0.9388507604598999,keypoint_fallback_sift_intensity
496.8274230957031,3470.0400390625,1341.3441162109375,3472.0078125,0.5387839078903198,keypoint_fallback_sift_intensity
495.8657531738281,3513.82568359375,1340.486572265625,3515.795166015625,0.5968135595321655,keypoint_fallback_sift_intensity
6559.91650390625,3751.898193359375,7415.80908203125,3753.527587890625,0.2547341585159302,keypoint_fallback_sift_intensity
4889.29248046875,1184.943359375,5743.88525390625,1180.610595703125,0.5129908323287964,keypoint_fallback_sift_intensity
4889.29248046875,1184.943359375,5743.88525390625,1180.610595703125,0.5129908323287964,keypoint_fallback_sift_intensity
495.16424560546875,2043.8394775390625,1341.6348876953125,2043.727783203125,0.9867072105407715,keypoint_fallback_sift_intensity
4371.9072265625,3162.9638671875,5223.8154296875,3163.082275390625,0.7910269498825073,keypoint_fallback_sift_intensity
4767.17333984375,2029.5623779296875,5621.0546875,2027.073974609375,0.47438451647758484,keypoint_fallback_sift_intensity
2270.41796875,3330.85595703125,3117.69775390625,3331.6640625,1.3001995086669922,keypoint_fallback_sift_intensity
1809.9554443359375,3089.2216796875,2658.212646484375,3091.4091796875,1.1918766498565674,keypoint_fallback_sift_intensity
7571.47900390625,4666.53857421875,8429.0888671875,4670.13134765625,0.3274591267108917,keypoint_fallback_sift_intensity
1869.6845703125,1879.1884765625,2719.072265625,1877.62841796875,0.7023342251777649,keypoint_fallback_sift_intensity
3610.90673828125,3092.296875,4462.68603515625,3093.72802734375,1.017385482788086,keypoint_fallback_sift_intensity
6551.55810546875,3272.80078125,7409.33154296875,3273.942626953125,1.4575215578079224,keypoint_fallback_sift_intensity
1429.5218505859375,497.9486083984375,2278.102783203125,493.1136474609375,0.41757503151893616,keypoint_fallback_sift_intensity
885.2660522460938,1112.4632568359375,1732.65283203125,1109.0948486328125,0.13282518088817596,keypoint_fallback_sift_intensity
6546.38037109375,3777.1796875,7403.193359375,3779.440185546875,0.9768086671829224,keypoint_fallback_sift_intensity
4174.6708984375,4357.68896484375,5026.595703125,4362.71728515625,1.6649473905563354,keypoint_fallback_sift_intensity
3343.990966796875,3586.57470703125,4193.87109375,3588.1865234375,0.44055554270744324,keypoint_fallback_sift_intensity
490.30670166015625,1020.776611328125,1337.191650390625,1017.22119140625,0.2261447161436081,keypoint_fallback_sift_intensity
6080.17529296875,4003.466552734375,6934.9384765625,4005.4716796875,0.35645943880081177,keypoint_fallback_sift_intensity
1553.0426025390625,754.9708251953125,2401.98486328125,750.9249267578125,0.2407691478729248,keypoint_fallback_sift_intensity
4426.416015625,3657.68212890625,5278.42919921875,3659.629638671875,0.12920552492141724,keypoint_fallback_sift_intensity
2103.931884765625,2910.783203125,2951.88623046875,2911.23876953125,0.41914102435112,keypoint_fallback_sift_intensity
883.5885009765625,1461.7197265625,1732.1278076171875,1459.993408203125,1.5502898693084717,keypoint_fallback_sift_intensity
1163.1375732421875,957.4669189453125,2010.8597412109375,953.6982421875,0.3922238349914551,keypoint_fallback_sift_intensity
1553.9710693359375,1547.5421142578125,2402.826416015625,1545.56689453125,0.641110897064209,keypoint_fallback_sift_intensity
6537.7236328125,4031.261962890625,7394.1640625,4034.21728515625,0.9420352578163147,keypoint_fallback_sift_intensity
2280.802001953125,3898.755126953125,3128.22216796875,3901.43798828125,0.5078703165054321,keypoint_fallback_sift_intensity
488.5685729980469,3520.516357421875,1334.2279052734375,3524.1650390625,1.446197509765625,keypoint_fallback_sift_intensity
1714.4334716796875,3235.806396484375,2561.686767578125,3237.28076171875,0.10898684710264206,keypoint_fallback_sift_intensity
4510.8193359375,1191.95849609375,5364.60595703125,1187.9105224609375,0.5436258912086487,keypoint_fallback_sift_intensity
2273.049560546875,3135.8603515625,3121.10205078125,3136.925537109375,0.3974457085132599,keypoint_fallback_sift_intensity
632.3482666015625,3225.40869140625,1477.201904296875,3227.377197265625,0.3769107460975647,keypoint_fallback_sift_intensity
1248.9573974609375,1656.3341064453125,2096.338623046875,1653.3883056640625,0.9466631412506104,keypoint_fallback_sift_intensity
1747.671630859375,2898.279052734375,2595.22607421875,2898.8544921875,0.20483630895614624,keypoint_fallback_sift_intensity
5685.2509765625,3054.9111328125,6539.9423828125,3054.37158203125,0.7399539947509766,keypoint_fallback_sift_intensity
3520.361328125,3875.2275390625,4370.43798828125,3878.005126953125,0.19485114514827728,keypoint_fallback_sift_intensity
1557.19189453125,751.437255859375,2405.734619140625,747.4356689453125,0.564849317073822,keypoint_fallback_sift_intensity
7041.19189453125,3623.55322265625,7898.962890625,3625.921875,1.3947960138320923,keypoint_fallback_sift_intensity
3948.994140625,2752.88232421875,4801.11328125,2753.691162109375,0.9713859558105469,keypoint_fallback_sift_intensity
409.3159484863281,3274.264404296875,1253.3226318359375,3275.45556640625,1.1015702486038208,keypoint_fallback_sift_intensity
484.22882080078125,3423.582275390625,1328.4549560546875,3425.464599609375,0.708434522151947,keypoint_fallback_sift_intensity
3948.711669921875,2825.422119140625,4800.29833984375,2825.015380859375,0.5299858450889587,keypoint_fallback_sift_intensity
1617.6658935546875,722.0431518554688,2468.013671875,718.211181640625,1.2914083003997803,keypoint_fallback_sift_intensity
3615.76220703125,3087.8134765625,4466.57958984375,3088.476806640625,0.23403358459472656,keypoint_fallback_sift_intensity
2096.379638671875,3253.42919921875,2944.19921875,3254.73583984375,0.2764400839805603,keypoint_fallback_sift_intensity
3906.025390625,3259.683837890625,4758.14404296875,3260.949951171875,0.6937693357467651,keypoint_fallback_sift_intensity
1243.33544921875,933.3441772460938,2091.16796875,928.8524169921875,0.850801408290863,keypoint_fallback_sift_intensity
4710.55712890625,1256.85595703125,5565.11328125,1253.4757080078125,0.5330796837806702,keypoint_fallback_sift_intensity
4380.5556640625,2915.6982421875,5233.05712890625,2915.701416015625,0.1915869414806366,keypoint_fallback_sift_intensity
3679.417724609375,2158.1865234375,4531.638671875,2156.7197265625,0.28871628642082214,keypoint_fallback_sift_intensity
2093.7607421875,3828.821533203125,2941.21240234375,3831.541748046875,0.1809673309326172,keypoint_fallback_sift_intensity
806.7664184570312,1467.708740234375,1654.0576171875,1464.8758544921875,0.5346307754516602,keypoint_fallback_sift_intensity
1616.380615234375,771.6417846679688,2465.566650390625,767.2730102539062,0.13158845901489258,keypoint_fallback_sift_intensity
4626.1630859375,3034.9658203125,5479.21923828125,3035.312255859375,0.03519776463508606,keypoint_fallback_sift_intensity
1006.7293090820312,1755.2264404296875,1853.8709716796875,1753.357666015625,0.1156475618481636,keypoint_fallback_sift_intensity
1237.81494140625,1167.49853515625,2085.79736328125,1164.1707763671875,0.14965660870075226,keypoint_fallback_sift_intensity
7623.64306640625,4921.4052734375,8480.3427734375,4924.14697265625,1.3983707427978516,keypoint_fallback_sift_intensity
3527.419677734375,1987.748291015625,4380.14794921875,1985.7261962890625,0.9590044021606445,keypoint_fallback_sift_intensity
3909.4228515625,3183.98828125,4761.35693359375,3185.30517578125,0.5952401161193848,keypoint_fallback_sift_intensity
2090.97900390625,3258.173583984375,2939.150390625,3259.745849609375,0.19858239591121674,keypoint_fallback_sift_intensity
5230.91552734375,3658.026611328125,6084.44091796875,3659.23291015625,0.4817666709423065,keypoint_fallback_sift_intensity
2026.0693359375,3272.68212890625,2875.223388671875,3276.855712890625,2.9005095958709717,keypoint_fallback_sift_intensity
3591.56787109375,1819.0030517578125,4444.52587890625,1817.0975341796875,0.9838901162147522,keypoint_fallback_sift_intensity
3591.56787109375,1819.0030517578125,4444.52587890625,1817.0975341796875,0.9838901162147522,keypoint_fallback_sift_intensity
1564.147216796875,434.97918701171875,2414.025634765625,430.9344177246094,1.1439523696899414,keypoint_fallback_sift_intensity
2634.435546875,3499.0087890625,3483.068359375,3500.976806640625,0.1855483204126358,keypoint_fallback_sift_intensity
3070.522216796875,3686.596435546875,3919.668212890625,3688.632568359375,0.44013816118240356,keypoint_fallback_sift_intensity
5136.93701171875,1423.9266357421875,5992.67333984375,1420.9560546875,0.7606927752494812,keypoint_fallback_sift_intensity
873.1856689453125,2758.197265625,1719.1378173828125,2760.170654296875,1.312048316001892,keypoint_fallback_sift_intensity
5460.478515625,1256.9703369140625,6316.4560546875,1252.9578857421875,0.14607574045658112,keypoint_fallback_sift_intensity
1916.3997802734375,3631.422119140625,2763.184326171875,3633.5498046875,0.6453930139541626,keypoint_fallback_sift_intensity
6496.29443359375,1446.81494140625,7353.70166015625,1442.458984375,0.6766955256462097,keypoint_fallback_sift_intensity
474.364501953125,997.5057983398438,1320.6407470703125,993.4539184570312,0.7953126430511475,keypoint_fallback_sift_intensity
474.364501953125,997.5057983398438,1320.6407470703125,993.4539184570312,0.7953126430511475,keypoint_fallback_sift_intensity
6098.50830078125,2923.666015625,6953.9326171875,2923.407958984375,0.5132649540901184,keypoint_fallback_sift_intensity
1565.9334716796875,574.5359497070312,2414.875,569.9667358398438,0.28897640109062195,keypoint_fallback_sift_intensity
1917.7010498046875,2951.404052734375,2765.834228515625,2952.652099609375,0.4598614573478699,keypoint_fallback_sift_intensity
4630.41748046875,3030.9013671875,5483.2529296875,3031.126708984375,0.2252042144536972,keypoint_fallback_sift_intensity
3912.97314453125,3180.62939453125,4764.22705078125,3181.47314453125,0.2812635600566864,keypoint_fallback_sift_intensity
3912.97314453125,3180.62939453125,4764.22705078125,3181.47314453125,0.2812635600566864,keypoint_fallback_sift_intensity
3589.384033203125,3012.627197265625,4441.78955078125,3013.823974609375,1.4945268630981445,keypoint_fallback_sift_intensity
2552.360595703125,1446.8465576171875,3402.68798828125,1443.865478515625,0.09876574575901031,keypoint_fallback_sift_intensity
6486.77783203125,2991.214111328125,7344.32666015625,2991.84033203125,1.2704806327819824,keypoint_fallback_sift_intensity
2849.467041015625,3216.94482421875,3698.59033203125,3218.16552734375,0.34140777587890625,keypoint_fallback_sift_intensity
4515.39404296875,1562.70849609375,5369.29345703125,1559.236083984375,0.37038281559944153,keypoint_fallback_sift_intensity
3588.622314453125,1500.5098876953125,4440.91796875,1497.63720703125,0.15960080921649933,keypoint_fallback_sift_intensity
1229.94189453125,1968.156005859375,2077.1552734375,1966.7857666015625,0.19382059574127197,keypoint_fallback_sift_intensity
1568.9095458984375,792.8619995117188,2418.548095703125,789.64599609375,1.1511027812957764,keypoint_fallback_sift_intensity
6485.03564453125,1477.854248046875,7342.5263671875,1473.753173828125,0.4643809497356415,keypoint_fallback_sift_intensity
4159.6455078125,3429.54931640625,5010.9970703125,3430.77783203125,0.4811117351055145,keypoint_fallback_sift_intensity
3587.75244140625,2097.123291015625,4440.3896484375,2096.13720703125,1.0393664836883545,keypoint_fallback_sift_intensity
6102.49365234375,2933.338623046875,6957.7783203125,2932.259033203125,1.029356598854065,keypoint_fallback_sift_intensity
419.8103332519531,3545.685791015625,1264.12744140625,3547.9287109375,0.4666447639465332,keypoint_fallback_sift_intensity
2557.557861328125,1411.66064453125,3407.74609375,1408.2247314453125,0.5090062618255615,keypoint_fallback_sift_intensity
2557.820068359375,1205.8135986328125,3408.710693359375,1202.04150390625,0.4421510696411133,keypoint_fallback_sift_intensity
1571.447021484375,429.7812805175781,2419.981201171875,424.47900390625,0.8316438794136047,keypoint_fallback_sift_intensity
1041.8050537109375,1571.74365234375,1889.2664794921875,1569.03466796875,0.5196403861045837,keypoint_fallback_sift_intensity
1698.09912109375,1605.2406005859375,2548.510498046875,1604.3699951171875,2.3055477142333984,keypoint_fallback_sift_intensity
5149.65625,3607.8994140625,6002.9375,3609.39111328125,0.2788185477256775,keypoint_fallback_sift_intensity
4127.130859375,3481.150390625,4978.30517578125,3482.614013671875,0.5249497890472412,keypoint_fallback_sift_intensity
4634.42529296875,1717.750732421875,5488.27685546875,1714.1968994140625,0.8145286440849304,keypoint_fallback_sift_intensity
2077.431640625,3166.889892578125,2925.350341796875,3168.25439453125,0.11493320018053055,keypoint_fallback_sift_intensity
7768.49072265625,2980.654052734375,8627.0947265625,2979.34130859375,0.858648955821991,keypoint_fallback_sift_intensity
866.520751953125,1562.5980224609375,1713.7001953125,1559.9949951171875,0.45199155807495117,keypoint_fallback_sift_intensity
1575.1424560546875,788.0234375,2423.494873046875,783.3417358398438,0.8366798162460327,keypoint_fallback_sift_intensity
1044.7568359375,444.46240234375,1892.4229736328125,438.90972900390625,0.9288617968559265,keypoint_fallback_sift_intensity
2076.136962890625,3784.354248046875,2923.152587890625,3786.678955078125,0.6806691884994507,keypoint_fallback_sift_intensity
3918.7587890625,3177.035400390625,4770.625,3178.2978515625,0.5083324313163757,keypoint_fallback_sift_intensity
1858.1158447265625,3181.75048828125,2706.86376953125,3184.174560546875,1.5330126285552979,keypoint_fallback_sift_intensity
1858.1158447265625,3181.75048828125,2706.86376953125,3184.174560546875,1.5330126285552979,keypoint_fallback_sift_intensity
8379.4306640625,2809.00927734375,9240.13671875,2808.09619140625,0.398539274930954,keypoint_fallback_sift_intensity
5399.6904296875,3226.065673828125,6253.60009765625,3226.161865234375,0.6638363003730774,keypoint_fallback_sift_intensity
992.7281494140625,1510.17578125,1840.08154296875,1507.43017578125,0.41493070125579834,keypoint_fallback_sift_intensity
1857.35986328125,3786.12255859375,2705.39013671875,3790.180908203125,1.5287708044052124,keypoint_fallback_sift_intensity
1047.8311767578125,630.9176025390625,1895.1669921875,625.4006958007812,1.3568347692489624,keypoint_fallback_sift_intensity
6141.4697265625,4282.65234375,6997.72412109375,4287.96923828125,2.761599540710449,keypoint_fallback_sift_intensity
1606.9935302734375,3179.8935546875,2453.8388671875,3181.22802734375,0.30339598655700684,keypoint_fallback_sift_intensity
4153.16650390625,1991.77734375,5005.97998046875,1989.18212890625,0.6068886518478394,keypoint_fallback_sift_intensity
2570.941650390625,3517.07568359375,3419.48291015625,3518.89404296875,0.2514875829219818,keypoint_fallback_sift_intensity
3047.558837890625,3613.60302734375,3896.552490234375,3615.287841796875,0.6870435476303101,keypoint_fallback_sift_intensity
4518.53857421875,2274.550537109375,5372.32568359375,2272.771240234375,0.48510614037513733,keypoint_fallback_sift_intensity
3921.580078125,2379.433837890625,4773.619140625,2377.960205078125,0.47743600606918335,keypoint_fallback_sift_intensity
6365.82958984375,4047.842529296875,7221.74169921875,4050.735595703125,0.714840292930603,keypoint_fallback_sift_intensity
8368.83203125,2470.959228515625,9228.845703125,2468.426513671875,0.8574565052986145,keypoint_fallback_sift_intensity
5609.19482421875,2807.2822265625,6463.77880859375,2806.444091796875,0.6393587589263916,keypoint_fallback_sift_intensity
456.17315673828125,2985.425048828125,1301.26904296875,2986.461181640625,0.27985599637031555,keypoint_fallback_sift_intensity
2038.74658203125,3384.328125,2886.358642578125,3386.861328125,0.7016998529434204,keypoint_fallback_sift_intensity
2618.42919921875,3036.546142578125,3467.0830078125,3037.0947265625,0.6099388003349304,keypoint_fallback_sift_intensity
833.533935546875,2979.551025390625,1679.9044189453125,2981.604736328125,1.0264625549316406,keypoint_fallback_sift_intensity
6433.04638671875,3159.853271484375,7291.43896484375,3161.34130859375,2.4048187732696533,keypoint_fallback_sift_intensity
6432.68701171875,3159.949462890625,7291.43896484375,3161.34130859375,2.667851209640503,keypoint_fallback_sift_intensity
986.1783447265625,1515.50146484375,1834.6717529296875,1513.8035888671875,1.340902328491211,keypoint_fallback_sift_intensity
2041.2333984375,4029.231201171875,2889.978759765625,4034.36083984375,2.305394172668457,keypoint_fallback_sift_intensity
1762.0592041015625,3705.744384765625,2608.954345703125,3708.59326171875,0.1809246689081192,keypoint_fallback_sift_intensity
5172.1201171875,1720.3291015625,6026.8134765625,1716.7430419921875,0.8100115656852722,keypoint_fallback_sift_intensity
3924.75048828125,3172.134765625,4775.8388671875,3172.622802734375,0.599172055721283,keypoint_fallback_sift_intensity
5385.16845703125,1961.6683349609375,6240.287109375,1958.1292724609375,1.1614552736282349,keypoint_fallback_sift_intensity
2614.369873046875,3040.35888671875,3463.2265625,3041.2958984375,0.30863866209983826,keypoint_fallback_sift_intensity
451.7283630371094,3128.608642578125,1296.074951171875,3129.934326171875,0.6807301044464111,keypoint_fallback_sift_intensity
451.6854248046875,925.11962890625,1298.365966796875,921.2890625,0.26454469561576843,keypoint_fallback_sift_intensity
4008.8505859375,3026.666015625,4860.7099609375,3027.17529296875,0.02743189036846161,keypoint_fallback_sift_intensity
7696.64697265625,1543.888671875,8557.1064453125,1540.3546142578125,0.5633196234703064,keypoint_fallback_sift_intensity
983.0532836914062,2765.220458984375,1829.1705322265625,2765.47265625,0.42678526043891907,keypoint_fallback_sift_intensity
4736.2880859375,1821.9212646484375,5590.34912109375,1818.999267578125,0.3966619074344635,keypoint_fallback_sift_intensity
1686.301025390625,511.81695556640625,2535.0380859375,506.77911376953125,0.7573671340942383,keypoint_fallback_sift_intensity
7702.5966796875,1539.3056640625,8561.611328125,1534.5927734375,1.3409554958343506,keypoint_fallback_sift_intensity
981.3385009765625,518.1723022460938,1828.97607421875,513.4830322265625,0.484869122505188,keypoint_fallback_sift_intensity
3032.197265625,2136.320068359375,3882.47607421875,2134.5751953125,0.568489670753479,keypoint_fallback_sift_intensity
4402.28564453125,3559.630126953125,5254.1123046875,3560.85791015625,0.5359351634979248,keypoint_fallback_sift_intensity
1601.0855712890625,3038.9853515625,2447.80126953125,3039.847900390625,0.5764172077178955,keypoint_fallback_sift_intensity
3012.981689453125,3764.27685546875,3861.800048828125,3766.6376953125,0.5241578817367554,keypoint_fallback_sift_intensity
1600.9818115234375,720.5349731445312,2449.23583984375,715.48876953125,1.1178187131881714,keypoint_fallback_sift_intensity
841.82275390625,3123.379150390625,1688.179931640625,3126.6923828125,1.8913748264312744,keypoint_fallback_sift_intensity
3575.065185546875,3355.26025390625,4425.4130859375,3356.62109375,0.3930516242980957,keypoint_fallback_sift_intensity
4725.05859375,1992.543701171875,5578.97607421875,1989.5201416015625,0.8791307806968689,keypoint_fallback_sift_intensity
7991.8251953125,4419.50634765625,8849.9169921875,4421.72900390625,0.5835083723068237,keypoint_fallback_sift_intensity
4058.47314453125,2907.8515625,4910.4384765625,2908.224365234375,0.19612258672714233,keypoint_fallback_sift_intensity
6410.63037109375,3072.201904296875,7266.38525390625,3071.1640625,1.2005354166030884,keypoint_fallback_sift_intensity
2591.22216796875,1405.082763671875,3441.293701171875,1401.2677001953125,0.9096256494522095,keypoint_fallback_sift_intensity
5491.0234375,2899.371337890625,6345.3359375,2898.922607421875,0.5379769802093506,keypoint_fallback_sift_intensity
2772.46240234375,1089.5804443359375,3623.231201171875,1085.32666015625,0.5545989871025085,keypoint_fallback_sift_intensity
845.7749633789062,3065.019287109375,1691.939697265625,3066.900390625,0.6335353255271912,keypoint_fallback_sift_intensity
2052.529541015625,1960.738525390625,2901.373046875,1958.662109375,0.5558905601501465,keypoint_fallback_sift_intensity
1193.603515625,1410.98583984375,2041.4632568359375,1407.9022216796875,0.46893271803855896,keypoint_fallback_sift_intensity
2771.201171875,726.8577880859375,3622.976318359375,723.1473388671875,1.0263673067092896,keypoint_fallback_sift_intensity
3017.858642578125,1360.4786376953125,3869.14697265625,1356.4610595703125,0.8026852011680603,keypoint_fallback_sift_intensity
1194.509033203125,2974.95263671875,2041.508544921875,2976.760009765625,0.872368335723877,keypoint_fallback_sift_intensity
441.33056640625,2999.7939453125,1286.1368408203125,3000.89599609375,0.335162490606308,keypoint_fallback_sift_intensity
1595.0875244140625,540.1634521484375,2444.708984375,536.383544921875,1.0704175233840942,keypoint_fallback_sift_intensity
4004.070068359375,3391.56689453125,4855.12548828125,3392.744140625,0.508999228477478,keypoint_fallback_sift_intensity
2047.8909912109375,1974.6041259765625,2896.932373046875,1973.0106201171875,0.12251408398151398,keypoint_fallback_sift_intensity
6132.07470703125,4441.234375,6986.97509765625,4445.2705078125,0.7581107020378113,keypoint_fallback_sift_intensity
5190.212890625,3256.24658203125,6044.0068359375,3256.78662109375,0.22183290123939514,keypoint_fallback_sift_intensity
3692.4404296875,3615.719482421875,4543.62548828125,3618.704833984375,1.105974555015564,keypoint_fallback_sift_intensity
7981.951171875,4924.3583984375,8839.931640625,4928.4033203125,0.12692025303840637,keypoint_fallback_sift_intensity
438.6012268066406,827.73828125,1285.015380859375,823.1454467773438,0.884662926197052,keypoint_fallback_sift_intensity
1947.6807861328125,2018.65185546875,2795.839111328125,2016.6622314453125,0.8412617444992065,keypoint_fallback_sift_intensity
3569.380859375,3361.16796875,4420.640625,3363.766845703125,1.3167771100997925,keypoint_fallback_sift_intensity
1596.9735107421875,1893.388427734375,2445.2490234375,1891.3145751953125,0.5080202221870422,keypoint_fallback_sift_intensity
1069.159912109375,3089.9697265625,1914.7403564453125,3091.104736328125,0.6361432075500488,keypoint_fallback_sift_intensity
438.8763732910156,3411.432861328125,1283.1845703125,3413.42236328125,0.5070189833641052,keypoint_fallback_sift_intensity
655.7417602539062,1279.9345703125,1503.585205078125,1277.3016357421875,0.9898149967193604,keypoint_fallback_sift_intensity
7118.24560546875,1577.2142333984375,7978.08984375,1574.136962890625,1.0868043899536133,keypoint_fallback_sift_intensity
2249.135986328125,1539.1796875,3098.64892578125,1536.2296142578125,0.4076291620731354,keypoint_fallback_sift_intensity
4576.06494140625,2858.522216796875,5428.94091796875,2858.41650390625,0.20072531700134277,keypoint_fallback_sift_intensity
4872.21142578125,3063.46875,5726.0751953125,3064.025634765625,0.4466665983200073,keypoint_fallback_sift_intensity
4300.2900390625,3595.95458984375,5151.71533203125,3597.344970703125,0.6285361647605896,keypoint_fallback_sift_intensity
6975.4921875,4451.6982421875,7831.2197265625,4454.17333984375,0.8811237812042236,keypoint_fallback_sift_intensity
298.8207702636719,3295.083740234375,1143.16748046875,3297.156982421875,0.16495981812477112,keypoint_fallback_sift_intensity
2308.7568359375,3936.70361328125,3155.9765625,3938.891357421875,1.091951608657837,keypoint_fallback_sift_intensity
3815.9375,3185.700439453125,4667.7744140625,3187.0693359375,0.6714364290237427,keypoint_fallback_sift_intensity
299.7943420410156,3261.618408203125,1144.9952392578125,3264.440673828125,1.045486330986023,keypoint_fallback_sift_intensity
1769.9556884765625,3696.597412109375,2616.310302734375,3698.32958984375,1.130483627319336,keypoint_fallback_sift_intensity
2244.420166015625,3804.432373046875,3091.930908203125,3806.801513671875,0.5245650410652161,keypoint_fallback_sift_intensity
7137.9716796875,1564.15087890625,7996.16943359375,1559.60986328125,1.1296167373657227,keypoint_fallback_sift_intensity
2242.760498046875,1545.771728515625,3093.371826171875,1543.4327392578125,0.9528282880783081,keypoint_fallback_sift_intensity
4657.86376953125,2905.75634765625,5511.02734375,2905.7392578125,0.053095392882823944,keypoint_fallback_sift_intensity
3819.4609375,2131.6220703125,4671.95751953125,2129.75,0.39070624113082886,keypoint_fallback_sift_intensity
304.83563232421875,3384.689208984375,1149.4932861328125,3387.7431640625,0.7797423601150513,keypoint_fallback_sift_intensity
3377.910888671875,3292.464599609375,4228.015625,3293.35400390625,0.5006371140480042,keypoint_fallback_sift_intensity
305.0198059082031,3290.68701171875,1149.94140625,3293.784423828125,1.0919654369354248,keypoint_fallback_sift_intensity
1451.904541015625,550.035400390625,2301.1650390625,546.2229614257812,0.9581621885299683,keypoint_fallback_sift_intensity
7150.01025390625,1586.884033203125,8008.60546875,1582.9561767578125,0.49581336975097656,keypoint_fallback_sift_intensity
667.2808837890625,1496.6702880859375,1513.70166015625,1493.81689453125,0.6423239707946777,keypoint_fallback_sift_intensity
2320.7880859375,3269.697509765625,3169.06884765625,3271.3505859375,0.19556334614753723,keypoint_fallback_sift_intensity
3380.127685546875,3819.646728515625,4229.84033203125,3821.85302734375,0.42451196908950806,keypoint_fallback_sift_intensity
1953.97314453125,2005.8958740234375,2802.376708984375,2003.9627685546875,0.6336592435836792,keypoint_fallback_sift_intensity
604.1832275390625,3496.750732421875,1448.866455078125,3499.06298828125,0.3038330674171448,keypoint_fallback_sift_intensity
4863.08349609375,3036.07470703125,5717.05224609375,3036.96484375,0.7810688614845276,keypoint_fallback_sift_intensity
3287.103271484375,3130.859375,4137.98095703125,3132.7412109375,1.0835102796554565,keypoint_fallback_sift_intensity
3639.40380859375,3089.002685546875,4490.43359375,3089.816162109375,0.09940331429243088,keypoint_fallback_sift_intensity
671.1696166992188,1463.6124267578125,1518.03955078125,1460.927978515625,0.34933122992515564,keypoint_fallback_sift_intensity
310.47528076171875,3284.381103515625,1154.66845703125,3286.667724609375,0.4141937494277954,keypoint_fallback_sift_intensity
1389.041015625,1866.5826416015625,2236.842529296875,1864.73974609375,0.2552853226661682,keypoint_fallback_sift_intensity
311.0251159667969,3378.363037109375,1155.1304931640625,3380.543212890625,0.37485575675964355,keypoint_fallback_sift_intensity
3285.20849609375,1372.412353515625,4138.07421875,1370.0592041015625,1.3750935792922974,keypoint_fallback_sift_intensity
4571.806640625,2859.49853515625,5424.423828125,2859.2236328125,0.495281845331192,keypoint_fallback_sift_intensity
4571.806640625,2859.49853515625,5424.423828125,2859.2236328125,0.495281845331192,keypoint_fallback_sift_intensity
4661.1474609375,3038.39892578125,5514.29248046875,3039.207763671875,0.4688873589038849,keypoint_fallback_sift_intensity
3283.619384765625,3163.60205078125,4134.341796875,3164.97509765625,0.5331284403800964,keypoint_fallback_sift_intensity
1457.01904296875,544.97607421875,2305.5283203125,540.5582275390625,0.6009669899940491,keypoint_fallback_sift_intensity
1387.409912109375,461.1193542480469,2235.83837890625,455.8531799316406,0.6197108626365662,keypoint_fallback_sift_intensity
3995.6005859375,2069.95556640625,4849.0078125,2069.20263671875,1.301961898803711,keypoint_fallback_sift_intensity
673.2955322265625,1602.5823974609375,1519.8551025390625,1600.2794189453125,0.28357210755348206,keypoint_fallback_sift_intensity
3825.237060546875,3151.34375,4676.49169921875,3152.0732421875,0.16791994869709015,keypoint_fallback_sift_intensity
674.2688598632812,1478.2850341796875,1521.0965576171875,1475.4112548828125,0.5565736889839172,keypoint_fallback_sift_intensity
314.3314208984375,3611.44580078125,1158.3172607421875,3613.7763671875,0.5866830945014954,keypoint_fallback_sift_intensity
1458.560791015625,568.7655029296875,2307.606201171875,564.5732421875,0.5012840032577515,keypoint_fallback_sift_intensity
4858.173828125,2899.74560546875,5711.3046875,2899.24560546875,0.6436724662780762,keypoint_fallback_sift_intensity
1384.7266845703125,2077.91259765625,2232.619140625,2077.513671875,0.7448874711990356,keypoint_fallback_sift_intensity
3388.950439453125,3547.2880859375,4238.60791015625,3548.012939453125,1.2914713621139526,keypoint_fallback_sift_intensity
675.7422485351562,3486.833251953125,1520.110107421875,3488.6826171875,0.926306962966919,keypoint_fallback_sift_intensity
959.4716186523438,1127.400146484375,1807.0313720703125,1123.9617919921875,0.20577582716941833,keypoint_fallback_sift_intensity
4257.7646484375,2949.341796875,5109.51513671875,2949.2626953125,0.7096903920173645,keypoint_fallback_sift_intensity
594.5940551757812,1469.263427734375,1441.4771728515625,1466.3240966796875,0.6794349551200867,keypoint_fallback_sift_intensity
2339.833740234375,3933.611328125,3187.262939453125,3936.071533203125,0.7717288732528687,keypoint_fallback_sift_intensity
4570.00732421875,2045.7586669921875,5423.22802734375,2043.01416015625,0.9109845757484436,keypoint_fallback_sift_intensity
3392.210693359375,3124.808837890625,4242.626953125,3125.876708984375,0.24946585297584534,keypoint_fallback_sift_intensity
1463.1888427734375,564.617919921875,2311.723876953125,560.02001953125,0.4837777018547058,keypoint_fallback_sift_intensity
2344.511962890625,3212.241943359375,3192.436767578125,3213.409423828125,0.6072129011154175,keypoint_fallback_sift_intensity
681.2457275390625,3350.540283203125,1526.5362548828125,3352.826904296875,0.18768750131130219,keypoint_fallback_sift_intensity
2346.149169921875,2989.151611328125,3194.54345703125,2989.802001953125,0.34518757462501526,keypoint_fallback_sift_intensity
2742.0732421875,3314.9287109375,3590.817626953125,3315.669921875,0.8750578165054321,keypoint_fallback_sift_intensity
2347.269287109375,3392.667724609375,3195.45263671875,3394.322509765625,0.21902897953987122,keypoint_fallback_sift_intensity
4851.18017578125,2949.282958984375,5704.2431640625,2948.962158203125,0.6117445230484009,keypoint_fallback_sift_intensity
589.7906494140625,949.0538940429688,1436.6016845703125,945.4152221679688,0.21795104444026947,keypoint_fallback_sift_intensity
1465.228515625,821.4529418945312,2314.5087890625,817.9634399414062,0.7717084884643555,keypoint_fallback_sift_intensity
5840.474609375,3217.864501953125,6696.03662109375,3218.7763671875,0.5787696838378906,keypoint_fallback_sift_intensity
4849.96923828125,2895.934814453125,5703.08544921875,2896.0166015625,0.4665485918521881,keypoint_fallback_sift_intensity
3398.61181640625,2622.660888671875,4250.04248046875,2622.6826171875,0.538601279258728,keypoint_fallback_sift_intensity
4456.42822265625,3203.162841796875,5308.78515625,3203.74609375,0.28626152873039246,keypoint_fallback_sift_intensity
1839.3690185546875,3161.90576171875,2687.331787109375,3163.68408203125,0.5615197420120239,keypoint_fallback_sift_intensity
3264.36767578125,1081.3487548828125,4115.95263671875,1077.039306640625,0.5770756006240845,keypoint_fallback_sift_intensity
1778.12158203125,1928.1043701171875,2627.091796875,1926.97998046875,0.644939661026001,keypoint_fallback_sift_intensity
6898.24658203125,3590.113037109375,7755.8330078125,3592.25634765625,1.264234185218811,keypoint_fallback_sift_intensity
1839.0997314453125,3640.084716796875,2685.770263671875,3642.2392578125,0.6184648871421814,keypoint_fallback_sift_intensity
1371.4652099609375,554.314208984375,2220.091796875,549.7691650390625,0.26549863815307617,keypoint_fallback_sift_intensity
1966.55029296875,3905.649169921875,2816.119384765625,3911.548828125,3.6610400676727295,keypoint_fallback_sift_intensity
1470.0848388671875,753.9461059570312,2319.369873046875,750.4005737304688,0.8243581056594849,keypoint_fallback_sift_intensity
3989.12890625,2891.825439453125,4840.88916015625,2891.417724609375,0.5996158123016357,keypoint_fallback_sift_intensity
1664.761962890625,643.6076049804688,2513.853515625,638.8890380859375,0.28119033575057983,keypoint_fallback_sift_intensity
6890.103515625,3367.025146484375,7747.71240234375,3367.906494140625,0.6233003735542297,keypoint_fallback_sift_intensity
7222.00341796875,4507.650390625,8079.3056640625,4511.18701171875,0.6431455612182617,keypoint_fallback_sift_intensity
582.4385375976562,3216.698486328125,1427.3262939453125,3218.03564453125,0.5457090735435486,keypoint_fallback_sift_intensity
2901.803955078125,718.5748901367188,3752.8720703125,713.9898681640625,0.5827093124389648,keypoint_fallback_sift_intensity
1662.8662109375,493.7764587402344,2511.8251953125,488.9162292480469,0.49393707513809204,keypoint_fallback_sift_intensity
6877.6298828125,4261.5654296875,7733.42431640625,4263.06640625,1.2843074798583984,keypoint_fallback_sift_intensity
4967.87109375,2854.1396484375,5823.263671875,2855.265869140625,2.035933494567871,keypoint_fallback_sift_intensity
1364.8453369140625,477.7841796875,2212.94091796875,472.7762756347656,0.8051816821098328,keypoint_fallback_sift_intensity
4244.716796875,2036.629638671875,5098.00732421875,2035.0367431640625,0.3773581087589264,keypoint_fallback_sift_intensity
6870.32958984375,4267.859375,7726.89306640625,4271.17724609375,0.6805920600891113,keypoint_fallback_sift_intensity
1661.96337890625,3075.108642578125,2509.14453125,3075.896484375,0.44344767928123474,keypoint_fallback_sift_intensity
1475.7347412109375,748.4542846679688,2324.089111328125,743.6460571289062,0.7527581453323364,keypoint_fallback_sift_intensity
4319.767578125,1473.7718505859375,5173.54345703125,1470.3624267578125,0.13207556307315826,keypoint_fallback_sift_intensity
578.818359375,1713.0638427734375,1424.9796142578125,1710.90771484375,0.45934557914733887,keypoint_fallback_sift_intensity
2205.646728515625,1907.1217041015625,3054.504150390625,1905.084228515625,0.5675131678581238,keypoint_fallback_sift_intensity
4077.153564453125,1809.40234375,4930.2880859375,1808.153564453125,1.1857211589813232,keypoint_fallback_sift_intensity
578.5667724609375,1600.5811767578125,1425.097412109375,1598.1634521484375,0.41609156131744385,keypoint_fallback_sift_intensity
4670.71484375,3046.427001953125,5523.81787109375,3046.890869140625,0.10346638411283493,keypoint_fallback_sift_intensity
3839.624267578125,2449.54931640625,4691.55029296875,2448.922119140625,0.22636562585830688,keypoint_fallback_sift_intensity
1836.9803466796875,2083.797119140625,2686.23291015625,2083.560546875,1.23626708984375,keypoint_fallback_sift_intensity
1477.3314208984375,2172.442626953125,2324.6787109375,2171.2548828125,0.4660618305206299,keypoint_fallback_sift_intensity
697.0170288085938,1449.368408203125,1543.9425048828125,1446.2763671875,0.7031482458114624,keypoint_fallback_sift_intensity
1096.857421875,1610.60302734375,1944.338134765625,1607.9476318359375,0.5367665886878967,keypoint_fallback_sift_intensity
334.3196716308594,3119.265625,1179.742431640625,3121.7734375,1.0948207378387451,keypoint_fallback_sift_intensity
1359.38232421875,494.0761413574219,2207.7333984375,489.3721618652344,0.5341982841491699,keypoint_fallback_sift_intensity
3239.169921875,1108.0926513671875,4090.77783203125,1104.410400390625,0.4015195369720459,keypoint_fallback_sift_intensity
4836.52294921875,1693.118408203125,5692.3818359375,1690.9288330078125,1.4999498128890991,keypoint_fallback_sift_intensity
1659.629150390625,649.2306518554688,2509.09228515625,645.0697021484375,0.4188525080680847,keypoint_fallback_sift_intensity
2375.2412109375,3494.35546875,3222.91845703125,3495.5546875,1.0486072301864624,keypoint_fallback_sift_intensity
5326.8515625,1543.274169921875,6182.22314453125,1539.78271484375,0.25403860211372375,keypoint_fallback_sift_intensity
1659.25048828125,497.7882385253906,2508.410400390625,493.3541564941406,0.5533671379089355,keypoint_fallback_sift_intensity
3415.845947265625,2840.5048828125,4267.18310546875,2841.913818359375,1.3005752563476562,keypoint_fallback_sift_intensity
4980.47216796875,2843.221923828125,5833.20703125,2841.5615234375,1.84050714969635,keypoint_fallback_sift_intensity
1479.9505615234375,643.7609252929688,2329.771240234375,640.0873413085938,1.1962215900421143,keypoint_fallback_sift_intensity
4835.46875,3080.544677734375,5689.48828125,3081.6025390625,0.9154590964317322,keypoint_fallback_sift_intensity
2377.4658203125,3370.45947265625,3225.632080078125,3372.100830078125,0.28025493025779724,keypoint_fallback_sift_intensity
4564.46044921875,2051.467529296875,5418.45556640625,2049.4462890625,0.27991634607315063,keypoint_fallback_sift_intensity
1973.4093017578125,2990.861083984375,2821.4033203125,2991.48583984375,0.3078624904155731,keypoint_fallback_sift_intensity
4982.9580078125,4329.59326171875,5836.27294921875,4333.42333984375,0.8479067087173462,keypoint_fallback_sift_intensity
339.30242919921875,3114.63134765625,1184.110595703125,3116.5576171875,0.2828059196472168,keypoint_fallback_sift_intensity
1353.869384765625,473.05426025390625,2202.263427734375,468.3318786621094,0.5085746645927429,keypoint_fallback_sift_intensity
5812.5078125,1398.4912109375,6668.79296875,1394.3426513671875,0.4705040752887726,keypoint_fallback_sift_intensity
4673.013671875,3056.07080078125,5526.3515625,3056.7275390625,0.367440402507782,keypoint_fallback_sift_intensity
1353.277587890625,499.55535888671875,2202.463623046875,495.52703857421875,0.8671518564224243,keypoint_fallback_sift_intensity
3763.78662109375,3066.93212890625,4615.50341796875,3067.87841796875,0.48095113039016724,keypoint_fallback_sift_intensity
6837.08251953125,4457.52490234375,7692.70068359375,4459.830078125,0.9616401195526123,keypoint_fallback_sift_intensity
7920.97509765625,4474.7060546875,8778.970703125,4477.755859375,0.20407643914222717,keypoint_fallback_sift_intensity
2910.36669921875,4055.5625,3758.970947265625,4058.1875,0.6564364433288574,keypoint_fallback_sift_intensity
1351.5782470703125,594.6629028320312,2199.701904296875,590.1185913085938,0.647560715675354,keypoint_fallback_sift_intensity
3226.630126953125,3532.58154296875,4076.404296875,3534.35302734375,0.19384458661079407,keypoint_fallback_sift_intensity
2193.099365234375,2009.645751953125,3042.109619140625,2007.697265625,0.5289790630340576,keypoint_fallback_sift_intensity
6832.24169921875,4483.728515625,7688.56982421875,4487.0830078125,0.3144489526748657,keypoint_fallback_sift_intensity
3762.219482421875,3096.08056640625,4614.17919921875,3097.71630859375,1.1242042779922485,keypoint_fallback_sift_intensity
6830.16162109375,4463.6181640625,7686.86572265625,4467.74658203125,1.1577482223510742,keypoint_fallback_sift_intensity
343.11688232421875,3221.148681640625,1187.6575927734375,3223.20263671875,0.18940486013889313,keypoint_fallback_sift_intensity
5808.1376953125,1402.23388671875,6664.43505859375,1398.239013671875,0.3753063976764679,keypoint_fallback_sift_intensity
6827.70849609375,4030.431884765625,7683.845703125,4032.454833984375,0.30031609535217285,keypoint_fallback_sift_intensity
6208.24169921875,1591.7034912109375,7065.482421875,1588.3668212890625,0.16194604337215424,keypoint_fallback_sift_intensity
4675.04833984375,2122.59619140625,5528.49072265625,2119.940673828125,0.9245125651359558,keypoint_fallback_sift_intensity
3427.394287109375,3330.8935546875,4277.52587890625,3331.465576171875,0.8614423274993896,keypoint_fallback_sift_intensity
1348.4112548828125,475.0717468261719,2197.0634765625,470.7394104003906,0.5910385847091675,keypoint_fallback_sift_intensity
2719.332763671875,3149.970703125,3568.993408203125,3151.839111328125,0.847891092300415,keypoint_fallback_sift_intensity
2718.90087890625,1335.52099609375,3569.39306640625,1331.6773681640625,0.7054870128631592,keypoint_fallback_sift_intensity
937.9199829101562,1581.0567626953125,1786.408447265625,1580.003173828125,1.7239502668380737,keypoint_fallback_sift_intensity
1487.052490234375,637.722412109375,2335.310791015625,632.7566528320312,0.8513756394386292,keypoint_fallback_sift_intensity
6206.42578125,2999.485595703125,7063.21923828125,3001.455322265625,2.238231658935547,keypoint_fallback_sift_intensity
3222.18408203125,3795.369873046875,4071.563720703125,3797.251953125,0.7119836211204529,keypoint_fallback_sift_intensity
4676.251953125,3041.754638671875,5528.7333984375,3041.713623046875,0.7402756214141846,keypoint_fallback_sift_intensity
1347.1219482421875,2045.673583984375,2194.24462890625,2043.872314453125,0.7810629606246948,keypoint_fallback_sift_intensity
3848.98291015625,1782.702880859375,4702.40966796875,1780.637451171875,0.930450439453125,keypoint_fallback_sift_intensity
2717.1123046875,3135.1015625,3566.7744140625,3136.791259765625,0.7197479009628296,keypoint_fallback_sift_intensity
2717.1123046875,3135.1015625,3566.7744140625,3136.791259765625,0.7197479009628296,keypoint_fallback_sift_intensity
4532.64794921875,1278.9039306640625,5387.31103515625,1276.0633544921875,1.0309150218963623,keypoint_fallback_sift_intensity
1978.8497314453125,1927.3094482421875,2827.553955078125,1925.32763671875,0.4166746735572815,keypoint_fallback_sift_intensity
3849.940673828125,1792.4361572265625,4702.29638671875,1789.675537109375,0.41101333498954773,keypoint_fallback_sift_intensity
712.046875,1584.0518798828125,1558.5335693359375,1581.1646728515625,0.8378128409385681,keypoint_fallback_sift_intensity
6813.8115234375,4178.09716796875,7669.4443359375,4179.7041015625,1.0880625247955322,keypoint_fallback_sift_intensity
1343.4573974609375,1840.873779296875,2191.18896484375,1838.8966064453125,0.3400629162788391,keypoint_fallback_sift_intensity
4448.20751953125,3210.7470703125,5300.73681640625,3211.184326171875,0.37185823917388916,keypoint_fallback_sift_intensity
1786.35693359375,2320.37158203125,2633.838623046875,2319.293701171875,0.830912709236145,keypoint_fallback_sift_intensity
2397.45263671875,2904.02880859375,3245.90380859375,2904.38818359375,0.48026078939437866,keypoint_fallback_sift_intensity
3214.452880859375,3189.869873046875,4064.674560546875,3190.689453125,0.2638601064682007,keypoint_fallback_sift_intensity
349.4038391113281,3283.58544921875,1194.6480712890625,3286.466796875,1.0405086278915405,keypoint_fallback_sift_intensity
2399.146240234375,4013.36328125,3246.514892578125,4015.58837890625,1.17457914352417,keypoint_fallback_sift_intensity
5537.951171875,3236.541259765625,6392.294921875,3236.767333984375,0.4423995316028595,keypoint_fallback_sift_intensity
6806.77294921875,4184.70947265625,7663.25341796875,4188.0966796875,0.9084246754646301,keypoint_fallback_sift_intensity
3757.923095703125,3072.6396484375,4609.55419921875,3073.92138671875,0.6920149922370911,keypoint_fallback_sift_intensity
3654.141357421875,1900.310546875,4506.84375,1898.4337158203125,0.6430251002311707,keypoint_fallback_sift_intensity
3209.190185546875,3195.319580078125,4059.934326171875,3196.7041015625,0.6409100890159607,keypoint_fallback_sift_intensity
4087.3408203125,3459.274658203125,4938.5302734375,3460.490478515625,0.5262474417686462,keypoint_fallback_sift_intensity
5793.5908203125,1274.0799560546875,6649.384765625,1269.3773193359375,1.0802628993988037,keypoint_fallback_sift_intensity
2181.151611328125,2060.658203125,3030.045654296875,2058.95703125,0.4436596632003784,keypoint_fallback_sift_intensity
1787.80615234375,3151.59521484375,2636.48779296875,3154.33544921875,1.8260784149169922,keypoint_fallback_sift_intensity
3854.419921875,3078.433349609375,4705.69091796875,3078.62255859375,0.5164497494697571,keypoint_fallback_sift_intensity
4446.7607421875,2918.047119140625,5299.43505859375,2917.94873046875,0.2343781739473343,keypoint_fallback_sift_intensity
4226.39013671875,3137.22412109375,5078.44677734375,3137.61376953125,0.32300615310668945,keypoint_fallback_sift_intensity
5007.455078125,1670.675537109375,5863.5791015625,1668.86572265625,1.7171567678451538,keypoint_fallback_sift_intensity
3855.670654296875,1776.87109375,4708.1015625,1774.04833984375,0.40936821699142456,keypoint_fallback_sift_intensity
354.8611145019531,3278.013916015625,1199.177734375,3280.00244140625,0.3191593289375305,keypoint_fallback_sift_intensity
720.583740234375,3101.217041015625,1566.0616455078125,3102.853759765625,0.11598125100135803,keypoint_fallback_sift_intensity
2176.27001953125,2064.9814453125,3025.8271484375,2064.0234375,0.5612888336181641,keypoint_fallback_sift_intensity
4817.21826171875,1413.16552734375,5672.5380859375,1410.030517578125,0.7249141335487366,keypoint_fallback_sift_intensity
5305.05615234375,1868.2733154296875,6159.86669921875,1864.55322265625,1.213383436203003,keypoint_fallback_sift_intensity
3444.337158203125,2623.41748046875,4294.83837890625,2622.98486328125,0.6053112149238586,keypoint_fallback_sift_intensity
1330.179443359375,496.349609375,2178.599853515625,491.30609130859375,0.4438263177871704,keypoint_fallback_sift_intensity
723.819580078125,1476.4046630859375,1570.5662841796875,1473.30712890625,0.7605180740356445,keypoint_fallback_sift_intensity
3859.022216796875,3132.74951171875,4710.39453125,3133.73828125,0.23248188197612762,keypoint_fallback_sift_intensity
4336.41357421875,3048.376220703125,5188.03369140625,3047.867919921875,1.272507905960083,keypoint_fallback_sift_intensity
725.1661376953125,3319.33740234375,1571.9075927734375,3323.223876953125,2.3392481803894043,keypoint_fallback_sift_intensity
5545.20068359375,3384.179443359375,6398.99267578125,3383.992431640625,1.3233411312103271,keypoint_fallback_sift_intensity
1118.8759765625,1554.9412841796875,1967.2760009765625,1553.3519287109375,1.100712537765503,keypoint_fallback_sift_intensity
5299.8759765625,1872.565673828125,6155.521484375,1870.1312255859375,0.40159881114959717,keypoint_fallback_sift_intensity
548.097900390625,1197.1123046875,1394.9375,1193.786865234375,0.3817994296550751,keypoint_fallback_sift_intensity
3860.964599609375,1935.3330078125,4713.9033203125,1932.697021484375,0.7375874519348145,keypoint_fallback_sift_intensity
2698.882080078125,3173.288330078125,3547.34423828125,3173.865966796875,0.959615170955658,keypoint_fallback_sift_intensity
546.6463623046875,3331.038330078125,1392.1292724609375,3333.450927734375,0.6066381931304932,keypoint_fallback_sift_intensity
922.04443359375,1518.1585693359375,1769.4644775390625,1515.2071533203125,0.6996225118637085,keypoint_fallback_sift_intensity
1504.8245849609375,1663.2320556640625,2352.767578125,1660.3907470703125,0.7754294276237488,keypoint_fallback_sift_intensity
1323.2586669921875,1889.586669921875,2171.109619140625,1887.9619140625,0.2369428426027298,keypoint_fallback_sift_intensity
2166.591796875,1527.6326904296875,3015.934326171875,1524.0458984375,1.013117790222168,keypoint_fallback_sift_intensity
3452.064208984375,3357.013427734375,4302.5771484375,3358.549560546875,0.1200268417596817,keypoint_fallback_sift_intensity
1827.6580810546875,1441.035888671875,2676.784423828125,1438.023193359375,0.3329041600227356,keypoint_fallback_sift_intensity
3189.7236328125,3115.231201171875,4040.155029296875,3115.347412109375,0.826651394367218,keypoint_fallback_sift_intensity
3189.489013671875,3886.21923828125,4038.60693359375,3888.678466796875,0.5259426236152649,keypoint_fallback_sift_intensity
1506.0052490234375,812.083251953125,2354.51220703125,807.568603515625,0.5423954129219055,keypoint_fallback_sift_intensity
364.104736328125,3116.246337890625,1210.025146484375,3118.97021484375,1.5638949871063232,keypoint_fallback_sift_intensity
1123.1744384765625,1550.078369140625,1971.22509765625,1547.698974609375,0.5237652063369751,keypoint_fallback_sift_intensity
543.6435546875,3199.326904296875,1388.0618896484375,3200.17041015625,1.1514530181884766,keypoint_fallback_sift_intensity
6739.8310546875,4473.50390625,7597.11181640625,4477.93896484375,1.8598099946975708,keypoint_fallback_sift_intensity
1508.3031005859375,1600.01416015625,2356.48583984375,1596.8944091796875,0.868516206741333,keypoint_fallback_sift_intensity
5768.7294921875,3063.648681640625,6623.58203125,3063.2998046875,0.5718782544136047,keypoint_fallback_sift_intensity
1318.1708984375,1658.91943359375,2165.27294921875,1656.228759765625,0.9548240900039673,keypoint_fallback_sift_intensity
4440.6669921875,2898.005126953125,5293.59130859375,2898.492431640625,0.4437963664531708,keypoint_fallback_sift_intensity
733.9195556640625,3094.399658203125,1579.191650390625,3096.091796875,0.30590391159057617,keypoint_fallback_sift_intensity
5551.97998046875,4128.70751953125,6405.5556640625,4131.22998046875,0.36138784885406494,keypoint_fallback_sift_intensity
7871.17431640625,4823.42724609375,8728.849609375,4827.4990234375,0.3325421214103699,keypoint_fallback_sift_intensity
735.7982788085938,1547.546875,1582.0518798828125,1544.468505859375,1.0536977052688599,keypoint_fallback_sift_intensity
3460.269775390625,1886.8773193359375,4311.95068359375,1884.6639404296875,0.14533202350139618,keypoint_fallback_sift_intensity
4687.64404296875,3008.649169921875,5541.11181640625,3009.3291015625,0.5148515105247498,keypoint_fallback_sift_intensity
6715.95166015625,3349.65771484375,7572.49560546875,3350.003173828125,0.300174355506897,keypoint_fallback_sift_intensity
537.5060424804688,882.0420532226562,1384.371826171875,878.353271484375,0.10545864701271057,keypoint_fallback_sift_intensity
2688.2021484375,1201.957275390625,3539.0,1197.80078125,0.6504185795783997,keypoint_fallback_sift_intensity
6703.9599609375,4411.74462890625,7559.80078125,4415.09619140625,0.2771635949611664,keypoint_fallback_sift_intensity
5038.646484375,1614.4766845703125,5894.14599609375,1611.3004150390625,0.5111234188079834,keypoint_fallback_sift_intensity
914.3934326171875,1525.3729248046875,1762.90625,1523.9356689453125,1.5925617218017578,keypoint_fallback_sift_intensity
4098.490234375,3470.41748046875,4949.94970703125,3471.605712890625,0.3794938027858734,keypoint_fallback_sift_intensity
1310.138916015625,1737.1473388671875,2157.98681640625,1735.066650390625,0.23138275742530823,keypoint_fallback_sift_intensity
1131.3050537109375,567.9422607421875,1979.21826171875,563.0881958007812,0.5177168846130371,keypoint_fallback_sift_intensity
3170.66064453125,3307.539794921875,4020.137939453125,3308.55029296875,0.6397343873977661,keypoint_fallback_sift_intensity
5558.2431640625,3633.619873046875,6412.9365234375,3635.762451171875,0.7266339063644409,keypoint_fallback_sift_intensity
1303.8519287109375,1743.1630859375,2152.029541015625,1741.861083984375,0.7184763550758362,keypoint_fallback_sift_intensity
1134.9678955078125,2995.644775390625,1981.1416015625,2996.8310546875,0.1895669847726822,keypoint_fallback_sift_intensity
4350.20263671875,1482.254150390625,5204.08056640625,1478.8927001953125,0.13113835453987122,keypoint_fallback_sift_intensity
2148.673583984375,3283.77294921875,2997.486328125,3286.322265625,1.2219992876052856,keypoint_fallback_sift_intensity
376.85321044921875,1187.7510986328125,1223.7808837890625,1185.701904296875,1.0291208028793335,keypoint_fallback_sift_intensity
376.85321044921875,1187.7510986328125,1223.7808837890625,1185.701904296875,1.0291208028793335,keypoint_fallback_sift_intensity
2681.869873046875,1207.5626220703125,3533.218017578125,1204.330078125,0.5970219969749451,keypoint_fallback_sift_intensity
3621.683349609375,3221.769775390625,4473.369140625,3223.2216796875,0.8462265133857727,keypoint_fallback_sift_intensity
4819.23583984375,3051.723388671875,5672.86083984375,3052.22900390625,0.30149737000465393,keypoint_fallback_sift_intensity
481.5067443847656,2115.13720703125,1327.935791015625,2115.28564453125,1.0833501815795898,keypoint_fallback_sift_intensity
1642.39892578125,542.3901977539062,2491.863037109375,538.1797485351562,0.5988480448722839,keypoint_fallback_sift_intensity
6544.3681640625,4025.786865234375,7399.88330078125,4027.404296875,0.6848107576370239,keypoint_fallback_sift_intensity
308.4622497558594,3618.01220703125,1153.07080078125,3620.993896484375,0.36921560764312744,keypoint_fallback_sift_intensity
1347.0423583984375,599.051025390625,2195.76318359375,595.1180419921875,0.657996416091919,keypoint_fallback_sift_intensity
2504.0732421875,1368.98828125,3354.404541015625,1365.45654296875,0.47011110186576843,keypoint_fallback_sift_intensity
7127.111328125,4549.9697265625,7982.86865234375,4552.23974609375,1.299490213394165,keypoint_fallback_sift_intensity
2747.969482421875,3227.13720703125,3596.962890625,3228.3837890625,0.2718043029308319,keypoint_fallback_sift_intensity
679.2584838867188,1702.506591796875,1525.779296875,1699.9395751953125,0.7750890254974365,keypoint_fallback_sift_intensity
5042.45849609375,1709.36962890625,5897.50048828125,1706.6707763671875,0.2486751675605774,keypoint_fallback_sift_intensity
5464.4267578125,1690.8349609375,6320.89892578125,1688.1573486328125,0.8277248740196228,keypoint_fallback_sift_intensity
4853.99365234375,2858.760986328125,5707.0234375,2858.49658203125,0.5889408588409424,keypoint_fallback_sift_intensity
4758.41455078125,2964.576171875,5612.20849609375,2964.753662109375,0.462708055973053,keypoint_fallback_sift_intensity
7115.396484375,1581.820556640625,7974.0126953125,1577.7427978515625,0.49784746766090393,keypoint_fallback_sift_intensity
7997.13916015625,4414.68505859375,8855.03125,4416.896484375,0.6950753331184387,keypoint_fallback_sift_intensity
446.8409729003906,928.84033203125,1294.6068115234375,925.546142578125,1.0460530519485474,keypoint_fallback_sift_intensity
3047.862548828125,1041.148193359375,3899.93115234375,1037.697998046875,0.6775250434875488,keypoint_fallback_sift_intensity
8088.8232421875,2357.0361328125,8949.7041015625,2355.339111328125,0.8117755055427551,keypoint_fallback_sift_intensity
2134.15625,1296.8690185546875,2984.654052734375,1293.8759765625,0.824363112449646,keypoint_fallback_sift_intensity
4073.183349609375,2829.72900390625,4924.87255859375,2830.131591796875,0.5969642996788025,keypoint_fallback_sift_intensity
1358.1551513671875,481.2615661621094,2207.847900390625,477.7971496582031,1.6285427808761597,keypoint_fallback_sift_intensity
5379.67529296875,1966.87109375,6236.1630859375,1965.2811279296875,1.39031982421875,keypoint_fallback_sift_intensity
3290.996826171875,3715.420654296875,4140.7421875,3717.2177734375,0.5354139804840088,keypoint_fallback_sift_intensity
2457.635009765625,2961.252685546875,3306.287353515625,2961.9951171875,0.27329152822494507,keypoint_fallback_sift_intensity
1887.0924072265625,1766.3873291015625,2735.880126953125,1763.6754150390625,0.7565659284591675,keypoint_fallback_sift_intensity
4554.9658203125,3578.651611328125,5406.953125,3580.20751953125,0.4572701156139374,keypoint_fallback_sift_intensity
7249.56591796875,4369.61669921875,8106.5341796875,4372.17236328125,0.27859431505203247,keypoint_fallback_sift_intensity
2630.6318359375,3209.362548828125,3480.060791015625,3211.076171875,0.5752058029174805,keypoint_fallback_sift_intensity
1280.8876953125,708.8262329101562,2129.14404296875,703.9682006835938,0.6148090958595276,keypoint_fallback_sift_intensity
4670.23193359375,2125.94873046875,5524.86083984375,2124.4365234375,0.8315770030021667,keypoint_fallback_sift_intensity
5895.1171875,2971.951904296875,6751.18017578125,2972.3251953125,0.7548218369483948,keypoint_fallback_sift_intensity
6021.89111328125,2944.831787109375,6878.44873046875,2945.676513671875,1.3345884084701538,keypoint_fallback_sift_intensity
3337.948486328125,3592.583740234375,4189.1201171875,3595.644775390625,1.5115320682525635,keypoint_fallback_sift_intensity
6526.5966796875,3713.174560546875,7383.34423828125,3715.12158203125,0.8086917996406555,keypoint_fallback_sift_intensity
4842.55810546875,2899.02294921875,5696.216796875,2899.1376953125,0.18565429747104645,keypoint_fallback_sift_intensity
2941.56982421875,1533.515869140625,3793.56201171875,1531.5087890625,1.2315913438796997,keypoint_fallback_sift_intensity
4014.049560546875,2904.82861328125,4865.693359375,2905.029296875,0.31206223368644714,keypoint_fallback_sift_intensity
382.1891174316406,3281.365234375,1226.502685546875,3283.27685546875,0.3890416622161865,keypoint_fallback_sift_intensity
6774.40576171875,4811.84423828125,7629.69287109375,4814.9130859375,1.0124397277832031,keypoint_fallback_sift_intensity
5177.3681640625,2158.90673828125,6032.12744140625,2156.885009765625,0.14762575924396515,keypoint_fallback_sift_intensity
4970.0498046875,1674.1907958984375,5825.48193359375,1671.249755859375,0.6242247819900513,keypoint_fallback_sift_intensity
413.088134765625,3552.562255859375,1258.2772216796875,3555.872802734375,0.9265357851982117,keypoint_fallback_sift_intensity
4774.1591796875,2848.478271484375,5627.98974609375,2848.312744140625,0.37217283248901367,keypoint_fallback_sift_intensity
396.8612060546875,3283.326904296875,1241.758544921875,3285.767578125,0.4447818100452423,keypoint_fallback_sift_intensity
1435.858642578125,749.6427001953125,2284.88623046875,746.0104370117188,0.6626800298690796,keypoint_fallback_sift_intensity
4404.84326171875,1324.7060546875,5258.921875,1321.91943359375,0.8782734274864197,keypoint_fallback_sift_intensity
478.6286315917969,3430.026611328125,1324.5133056640625,3433.435302734375,1.5462825298309326,keypoint_fallback_sift_intensity
1845.391845703125,3156.632568359375,2692.742919921875,3157.51806640625,0.5305238962173462,keypoint_fallback_sift_intensity
2161.02734375,2083.410888671875,3010.24267578125,2082.234619140625,0.16289065778255463,keypoint_fallback_sift_intensity
