source_x,source_y,reference_x,reference_y,dx_px,dy_px,displacement_px
761.125,276.625,776.0624389648438,275.5625,14.93743896484375,-1.0625,14.975179100045258
740.875,278.875,750.6874389648438,278.1875,9.81243896484375,-0.6875,9.836494024233629
734.875,279.625,739.3124389648438,279.0625,4.43743896484375,-0.5625,4.47294878315341
719.125,281.125,725.3124389648438,280.8125,6.18743896484375,-0.3125,6.195325430812065
700.375,282.625,705.1874389648438,282.5625,4.81243896484375,-0.0625,4.812844797034949
694.375,283.375,699.0624389648438,283.4375,4.68743896484375,0.0625,4.687855618418238
684.625,284.125,689.4374389648438,284.3125,4.81243896484375,0.1875,4.816090223443326
690.625,284.125,694.6874389648438,283.4375,4.06243896484375,-0.6875,4.1202022514775605
679.375,284.875,685.0624389648438,284.3125,5.68743896484375,-0.5625,5.715187506007388
671.125,285.625,674.5625,285.1875,3.4375,-0.4375,3.465229068907278
665.125,286.375,667.5625,286.0625,2.4375,-0.3125,2.4574504064171876
656.875,287.875,663.1875,286.9375,6.3125,-0.9375,6.381736636684407
641.125,288.625,646.5625,288.6875,5.4375,0.0625,5.437859183539052
627.625,290.125,631.6875,290.4375,4.0625,0.3125,4.074501503251655
631.375,290.125,636.0625,289.5625,4.6875,-0.5625,4.7211293670053145
617.125,291.625,617.6875,291.3125,0.5625,-0.3125,0.6434768838116876
682.375,291.625,685.0624389648438,293.0625,2.68743896484375,1.4375,3.047742515331708
749.875,291.625,750.6874389648438,293.9375,0.81243896484375,2.3125,2.4510637122678767
601.375,293.125,606.3125,292.1875,4.9375,-0.9375,5.025715123243656
704.875,293.125,706.0624389648438,293.9375,1.18743896484375,0.8125,1.4388076818078213
592.375,293.875,596.6875,293.9375,4.3125,0.0625,4.312952874771529
596.875,293.875,601.0625,293.9375,4.1875,0.0625,4.187966391937739
586.375,294.625,586.1875,294.8125,-0.1875,0.1875,0.2651650429449553
722.875,294.625,731.4374389648438,296.5625,8.56243896484375,1.9375,8.77891036955467
577.375,295.375,580.0625,294.8125,2.6875,-0.5625,2.7457353295610996
566.125,296.125,566.0625,296.5625,-0.0625,0.4375,0.4419417382415922
569.875,296.125,570.4375,296.5625,0.5625,0.4375,0.7126096406869612
555.625,297.625,555.5625,296.5625,-0.0625,-1.0625,1.0643366478704002
536.875,299.125,539.8125,299.1875,2.9375,0.0625,2.93816481838579
528.625,300.625,531.0625,300.9375,2.4375,0.3125,2.4574504064171876
593.125,304.375,595.8125,306.1875,2.6875,1.8125,3.241575619972485
473.125,305.875,473.3124694824219,306.1875,0.187469482421875,0.3125,0.3644187932029929
460.375,307.375,461.9374694824219,307.9375,1.562469482421875,0.5625,1.660637568375376
451.375,308.125,451.4374694824219,307.9375,0.062469482421875,-0.1875,0.19763270537554495
547.375,308.125,547.6875,307.9375,0.3125,-0.1875,0.3644344934278313
567.625,308.875,567.8125,308.8125,0.1875,-0.0625,0.19764235376052372
662.875,309.625,663.1875,307.9375,0.3125,-1.6875,1.7161912772182477
436.375,310.375,436.5624694824219,309.6875,0.187469482421875,-0.6875,0.7126016115892004
440.875,310.375,440.9374694824219,309.6875,0.062469482421875,-0.6875,0.6903323013115183
483.625,311.125,483.8124694824219,311.4375,0.187469482421875,0.3125,0.3644187932029929
650.875,312.625,650.9375,314.0625,0.0625,1.4375,1.4388580541526672
677.125,313.375,677.1875,314.0625,0.0625,0.6875,0.6903350635742038
523.375,314.875,523.1875,315.8125,-0.1875,0.9375,0.9560661587986472
435.625,318.625,435.6874694824219,319.3125,0.062469482421875,0.6875,0.6903323013115183
443.125,319.375,442.6874694824219,319.3125,-0.437530517578125,-0.0625,0.4419719491236768
620.875,320.125,626.4375,319.3125,5.5625,-0.8125,5.621526705442214
315.625,322.375,314.9375,321.9375,-0.6875,-0.4375,0.8149003006503311
683.875,323.125,687.6874389648438,320.1875,3.81243896484375,-2.9375,4.812857478739516
290.125,324.625,290.4375,324.5625,0.3125,-0.0625,0.31868871959954903
295.375,324.625,295.6875,323.6875,0.3125,-0.9375,0.9882117688026185
486.625,324.625,487.3124694824219,324.5625,0.687469482421875,-0.0625,0.6903046713310006
496.375,324.625,496.0624694824219,324.5625,-0.312530517578125,-0.0625,0.3187186446031212
282.625,326.125,280.8125,326.3125,-1.8125,0.1875,1.8221724671391564
578.875,326.125,580.0625,323.6875,1.1875,-2.4375,2.711376495435483
269.875,326.875,269.4375,327.1875,-0.4375,0.3125,0.5376453291901642
451.375,326.875,451.4374694824219,324.5625,0.062469482421875,-2.3125,2.3133436161180327
257.125,328.375,256.3125,328.0625,-0.8125,-0.3125,0.8705242673240075
248.125,329.125,248.43748474121094,328.9375,0.3124847412109375,-0.1875,0.3644214092087162
584.875,331.375,588.8125,329.8125,3.9375,-1.5625,4.236190800707636
298.375,332.125,295.6875,333.3125,-2.6875,1.1875,2.93816481838579
567.625,332.875,568.6875,331.5625,1.0625,-1.3125,1.688657010763287
486.625,334.375,488.1874694824219,334.1875,1.562469482421875,-0.1875,1.573679488809485
279.625,335.875,280.8125,335.0625,1.1875,-0.8125,1.4388580541526672
500.875,338.125,500.4374694824219,337.6875,-0.437530517578125,-0.4375,0.6187400131009647
508.375,338.125,509.1874694824219,337.6875,0.812469482421875,-0.4375,0.9227745715324353
519.625,338.125,518.8125,338.5625,-0.8125,0.4375,0.9228014412645875
443.125,338.875,443.5624694824219,336.8125,0.437469482421875,-2.0625,2.1083846418645873
325.375,340.375,323.6875,342.0624694824219,-1.6875,1.687469482421875,2.386463807415723
337.375,341.875,338.5625,342.0624694824219,1.1875,0.187469482421875,1.2022067446323554
560.125,341.875,559.0625,342.0624694824219,-1.0625,0.187469482421875,1.0789119782630674
346.375,344.125,346.4374694824219,343.8124694824219,0.062469482421875,-0.312530517578125,0.31871266158047074
395.125,345.625,394.5624694824219,345.5624694824219,-0.562530517578125,-0.062530517578125,0.5659952728029638
563.875,345.625,564.3125,348.1874694824219,0.4375,2.562469482421875,2.599549210602375
247.375,347.875,247.56248474121094,348.1874694824219,0.1874847412109375,0.312469482421875,0.3644004742476698
257.125,347.875,257.1875,348.1874694824219,0.0625,0.312469482421875,0.31865879470837527
443.125,347.875,443.5624694824219,345.5624694824219,0.437469482421875,-2.312530517578125,2.353545610941206
509.125,347.875,509.1874694824219,344.6874694824219,0.062469482421875,-3.187530517578125,3.1881425998104174
689.125,347.875,692.9374389648438,343.8124694824219,3.81243896484375,-4.062530517578125,5.571251660705381
264.625,354.625,264.1875,355.1874694824219,-0.4375,0.562469482421875,0.7125855518153115
395.875,354.625,393.6874694824219,356.0624694824219,-2.187530517578125,1.437469482421875,2.6175576933908893
443.125,354.625,442.6874694824219,355.1874694824219,-0.437530517578125,0.562469482421875,0.7126042888364579
345.625,355.375,346.4374694824219,355.1874694824219,0.812469482421875,-0.187530517578125,0.8338311309191981
326.875,356.125,329.8125,358.6874694824219,2.9375,2.562469482421875,3.89809647114376
520.375,356.125,522.3125,356.9374694824219,1.9375,0.812469482421875,2.10095523747339
453.625,359.875,453.1874694824219,357.8124694824219,-0.437530517578125,-2.062530517578125,2.1084271601725466
494.875,359.875,496.0624694824219,360.4374694824219,1.187469482421875,0.562469482421875,1.313946608633398
530.125,359.875,530.1875,359.5624694824219,0.0625,-0.312530517578125,0.3187186446031212
359.875,360.625,360.4374694824219,362.1874694824219,0.562469482421875,1.562469482421875,1.6606272315470483
371.125,360.625,372.6874694824219,362.1874694824219,1.562469482421875,1.562469482421875,2.209665532835086
394.375,362.125,394.5624694824219,361.3124694824219,0.187469482421875,-0.812530517578125,0.8338768787029063
353.875,362.875,353.4374694824219,364.8124694824219,-0.437530517578125,1.937469482421875,1.9862580268253847
405.625,362.875,408.5624694824219,363.0624694824219,2.937469482421875,0.187469482421875,2.943445560393357
418.375,363.625,419.0624694824219,363.0624694824219,0.687469482421875,-0.562530517578125,0.8882876068414519
427.375,363.625,426.0624694824219,363.0624694824219,-1.312530517578125,-0.562530517578125,1.427997528982671
436.375,363.625,434.8124694824219,363.0624694824219,-1.562530517578125,-0.562530517578125,1.6607053325529115
571.375,364.375,571.3125,363.9374694824219,-0.0625,-0.437530517578125,0.4419719491236768
581.875,365.125,581.8125,365.6874694824219,-0.0625,0.562469482421875,0.5659312402191029
299.125,367.375,300.0625,368.3124694824219,0.9375,0.937469482421875,1.3258036357139538
459.625,368.125,460.1874694824219,365.6874694824219,0.562469482421875,-2.437530517578125,2.50158488618328
529.375,368.125,525.8125,367.4374694824219,-3.5625,-0.687530517578125,3.6282371012106203
326.875,368.875,327.1875,370.0624694824219,0.3125,1.187469482421875,1.2279006562760995
503.125,368.875,503.0624694824219,368.3124694824219,-0.062530517578125,-0.562530517578125,0.5659952728029638
602.875,368.875,603.6875,367.4374694824219,0.8125,-1.437530517578125,1.6512571692405855
408.625,369.625,408.5624694824219,370.0624694824219,-0.062530517578125,0.437469482421875,0.4419158445666453
418.375,370.375,418.1874694824219,370.0624694824219,-0.187530517578125,-0.312530517578125,0.3644763633499025
691.375,370.375,693.8124389648438,370.9374694824219,2.43743896484375,0.562469482421875,2.5014956777884914
361.375,371.875,359.5624694824219,371.8124694824219,-1.812530517578125,-0.062530517578125,1.8136088174632958
581.875,375.625,581.8125,376.1874694824219,-0.0625,0.562469482421875,0.5659312402191029
339.625,376.375,339.4375,375.3124694824219,-0.1875,-1.062530517578125,1.0789473345742313
398.125,376.375,399.8124694824219,377.9374694824219,1.687469482421875,1.562469482421875,2.2997530601359863
722.875,376.375,712.1874389648438,387.5624694824219,-10.68756103515625,11.187469482421875,15.472021015378402
389.125,377.125,389.3124694824219,377.9374694824219,0.187469482421875,0.812469482421875,0.8338174060946408
450.625,377.125,450.5624694824219,377.0624694824219,-0.062530517578125,-0.062530517578125,0.0884315060211936
467.125,377.125,467.1874694824219,377.0624694824219,0.062469482421875,-0.062530517578125,0.08838835818502994
526.375,377.125,526.6875,377.0624694824219,0.3125,-0.062530517578125,0.3186947059939782
470.875,377.875,471.5624694824219,377.9374694824219,0.687469482421875,0.062469482421875,0.6903019089466996
629.875,380.125,627.3125,382.3124694824219,-2.5625,2.187469482421875,3.3691881791504352
480.625,381.625,480.3124694824219,381.4374694824219,-0.312530517578125,-0.187530517578125,0.3644763633499025
498.625,382.375,498.6874694824219,382.3124694824219,0.062469482421875,-0.062530517578125,0.08838835818502994
260.125,383.125,261.5625,384.9374694824219,1.4375,1.812469482421875,2.3133205300413127
362.875,383.875,363.9374694824219,384.0624694824219,1.062469482421875,0.187469482421875,1.078881924919188
386.875,384.625,387.5624694824219,384.9374694824219,0.687469482421875,0.312469482421875,0.7551499630579314
586.375,384.625,586.1875,381.4374694824219,-0.1875,-3.187530517578125,3.1930404085278767
599.875,386.125,600.1875,387.5624694824219,0.3125,1.437469482421875,1.4710454659507344
527.125,389.125,526.6875,389.3124694824219,-0.4375,0.187469482421875,0.4759737984800484
650.125,389.875,650.0625,391.9374694824219,-0.0625,2.062469482421875,2.0634162488265804
260.125,390.625,259.8125,391.9374694824219,-0.3125,1.312469482421875,1.3491598838865408
499.375,391.375,498.6874694824219,391.0624694824219,-0.687530517578125,-0.312530517578125,0.7552307839454739
508.375,391.375,509.1874694824219,391.9374694824219,0.812469482421875,0.562469482421875,0.9881693066083369
266.875,392.125,267.6875,394.5624694824219,0.8125,2.437469482421875,2.569321647388268
608.875,392.125,607.1875,393.6874694824219,-1.6875,1.562469482421875,2.2997754528430994
298.375,393.625,299.1875,391.0624694824219,0.8125,-2.562530517578125,2.688255736257102
345.625,395.875,342.9374694824219,397.1874694824219,-2.687530517578125,1.312469482421875,2.990885558693694
334.375,396.625,333.3125,398.0624694824219,-1.0625,1.437469482421875,1.7875191643432002
353.125,396.625,351.6874694824219,396.3124694824219,-1.437530517578125,-0.312530517578125,1.471111591071895
330.625,397.375,328.9375,398.0624694824219,-1.6875,0.687469482421875,1.822160953171097
361.375,398.875,361.3124694824219,398.0624694824219,-0.062530517578125,-0.812530517578125,0.8149330694139022
273.625,399.625,272.9375,399.8124694824219,-0.6875,0.187469482421875,0.7126016115892004
656.125,401.125,657.0625,402.4374694824219,0.9375,1.312469482421875,1.6129111544932486
303.625,402.625,303.5625,402.4374694824219,-0.0625,-0.187530517578125,0.19767130551276138
314.875,403.375,316.6875,403.3124694824219,1.8125,-0.062530517578125,1.8135783180300178
325.375,403.375,322.8125,403.3124694824219,-2.5625,-0.062530517578125,2.5632628260926715
401.875,406.375,401.5624694824219,405.9374694824219,-0.312530517578125,-0.437530517578125,0.5376879003937439
589.375,407.875,589.6875,407.6874694824219,0.3125,-0.187530517578125,0.3644501955317344
600.625,407.875,600.1875,405.0624694824219,-0.4375,-2.812530517578125,2.846354539109328
333.625,408.625,334.1875,407.6874694824219,0.5625,-0.937530517578125,1.093329649003587
434.875,409.375,434.8124694824219,409.4374694824219,-0.062530517578125,0.062469482421875,0.08838835818502994
592.375,413.125,591.4375,413.8124694824219,-0.9375,0.687469482421875,1.1625491556323115
671.125,413.125,668.4375,412.0624694824219,-2.6875,-1.062530517578125,2.8899182256224547
273.625,415.375,272.9375,414.6874694824219,-0.6875,-0.687530517578125,0.9722934035574058
412.375,415.375,412.0624694824219,414.6874694824219,-0.312530517578125,-0.687530517578125,0.7552307839454739
423.625,415.375,422.5624694824219,415.5624694824219,-1.062530517578125,0.187469482421875,1.0789420316330085
304.375,417.625,306.1875,419.9374694824219,1.8125,2.312469482421875,2.938140799405722
402.625,418.375,401.5624694824219,418.1874694824219,-1.062530517578125,-0.187530517578125,1.0789526383525634
334.375,419.875,334.1875,418.1874694824219,-0.1875,-1.687530517578125,1.6979150443286302
604.375,421.375,604.5625,420.8124694824219,0.1875,-0.562530517578125,0.5929560128767675
341.875,422.125,340.3125,422.5624694824219,-1.5625,0.437469482421875,1.6225861450322023
273.625,425.125,273.8125,425.1874694824219,0.1875,0.062469482421875,0.19763270537554495
274.375,429.625,273.8125,429.5624694824219,-0.5625,-0.062530517578125,0.5659649420490532
607.375,429.625,608.0625,430.4374694824219,0.6875,0.812469482421875,1.0643133513523493
320.875,431.875,321.0625,434.8124694824219,0.1875,2.937469482421875,2.9434475042303436
428.125,432.625,427.8124694824219,432.1874694824219,-0.312530517578125,-0.437530517578125,0.5376879003937439
647.125,432.625,650.0625,433.0624694824219,2.9375,0.437469482421875,2.969896597198371
283.375,433.375,282.5625,433.9374694824219,-0.8125,0.562469482421875,0.9881943982111677
367.375,435.625,369.1874694824219,435.6874694824219,1.812469482421875,0.062469482421875,1.8135457151515857
685.375,436.375,684.1874389648438,435.6874694824219,-1.18756103515625,-0.687530517578125,1.3722242618546825
716.875,439.375,710.4374389648438,441.8124694824219,-6.43756103515625,2.437469482421875,6.883563725215303
353.875,441.625,354.3124694824219,440.0624694824219,0.437469482421875,-1.562530517578125,1.6226155325317906
284.875,443.875,285.1875,443.5624694824219,0.3125,-0.312530517578125,0.4419633179548397
292.375,445.375,292.1875,445.3124694824219,-0.1875,-0.062530517578125,0.19765200638644728
428.125,445.375,428.6874694824219,445.3124694824219,0.562469482421875,-0.062530517578125,0.5659346113152297
368.875,446.125,369.1874694824219,445.3124694824219,0.312469482421875,-0.812530517578125,0.8705417964927188
385.375,446.875,384.9374694824219,447.0624694824219,-0.437530517578125,0.187469482421875,0.47600184942046986
377.125,447.625,377.0624694824219,449.6874694824219,-0.062530517578125,2.062469482421875,2.0634171734165014
640.375,450.625,643.9375,447.9374694824219,3.5625,-2.687530517578125,4.4625358858964645
632.125,452.125,632.5625,454.9374694824219,0.4375,2.812469482421875,2.8462942292662525
662.125,453.625,662.3125,453.1874694824219,0.1875,-0.437530517578125,0.4760138693485537
368.875,457.375,371.8124694824219,457.5624694824219,2.937469482421875,0.187469482421875,2.943445560393357
622.375,458.125,622.0625,457.5624694824219,-0.3125,-0.562530517578125,0.6435035611453236
634.375,459.625,634.3125,460.1874694824219,-0.0625,0.562469482421875,0.5659312402191029
385.375,461.125,385.8124694824219,460.1874694824219,0.437469482421875,-0.937530517578125,1.0345738346975386
398.875,461.125,398.9374694824219,461.0624694824219,0.062469482421875,-0.062530517578125,0.08838835818502994
731.125,464.875,730.5624389648438,463.6874694824219,-0.56256103515625,-1.187530517578125,1.3140409614831041
299.125,467.125,299.1875,467.1874694824219,0.0625,0.062469482421875,0.08836677109670213
397.375,470.125,398.0624694824219,471.5624694824219,0.687469482421875,1.437469482421875,1.593402900134054
734.125,470.125,728.8124389648438,469.8124694824219,-5.31256103515625,-0.312530517578125,5.321745961306129
367.375,470.875,368.3124694824219,470.6874694824219,0.937469482421875,-0.187530517578125,0.9560422195151518
397.375,473.875,398.0624694824219,475.9374694824219,0.687469482421875,2.062469482421875,2.174027289429219
347.125,475.375,347.3124694824219,476.8124694824219,0.187469482421875,1.437469482421875,1.4496424799700576
302.875,478.375,302.6875,478.5624694824219,-0.1875,0.187469482421875,0.26514346463664856
341.125,478.375,342.9374694824219,477.6874694824219,1.812469482421875,-0.687530517578125,1.9384900921366257
651.625,482.875,650.9375,482.0624694824219,-0.6875,-0.812530517578125,1.064359944753548
695.875,482.875,690.3124389648438,482.9374694824219,-5.56256103515625,0.062469482421875,5.562911801033037
722.125,482.875,721.8124389648438,481.1874694824219,-0.31256103515625,-1.687530517578125,1.7162323993141024
383.125,485.125,383.1874694824219,485.5624694824219,0.062469482421875,0.437469482421875,0.44190721230199465
386.875,485.875,390.1874694824219,485.5624694824219,3.312469482421875,-0.312530517578125,3.3271803973325365
515.125,485.875,516.1875,485.5624694824219,1.0625,-0.312530517578125,1.1075114330866525
644.125,485.875,643.9375,486.4374694824219,-0.1875,0.562469482421875,0.5928981098434468
358.375,486.625,360.4374694824219,487.3124694824219,2.062469482421875,0.687469482421875,2.174027289429219
362.125,486.625,365.6874694824219,487.3124694824219,3.562469482421875,0.687469482421875,3.628195571141195
371.125,486.625,370.0624694824219,487.3124694824219,-1.062530517578125,0.687469482421875,1.2655375893454286
354.625,487.375,356.0624694824219,487.3124694824219,1.437469482421875,-0.062530517578125,1.4388288913289173
321.625,494.125,318.4375,494.3124694824219,-3.1875,0.187469482421875,3.1930081517026427
330.625,494.875,329.8125,495.1874694824219,-0.8125,0.312469482421875,0.8705133126179028
308.875,495.625,308.8125,496.0624694824219,-0.0625,0.437469482421875,0.44191152740165446
401.125,495.625,400.6874694824219,496.0624694824219,-0.437530517578125,0.437469482421875,0.6187184350434737
343.375,497.125,343.8124694824219,497.8124694824219,0.437469482421875,0.687469482421875,0.8148581700589765
641.125,499.375,640.4375,498.6874694824219,-0.6875,-0.687530517578125,0.9722934035574058
652.375,500.125,650.0625,501.3124694824219,-2.3125,1.187469482421875,2.599565352454767
662.875,500.875,662.3125,501.3124694824219,-0.5625,0.437469482421875,0.7125909051134902
521.125,511.375,521.4375,511.8125,0.3125,0.4375,0.5376453291901642
343.375,521.125,342.9374694824219,520.5625,-0.437530517578125,-0.5625,0.7126283770747429
640.375,521.875,640.4375,521.4375,0.0625,-0.4375,0.4419417382415922
662.875,523.375,662.3125,523.1875,-0.5625,-0.1875,0.5929270612815711
620.875,524.125,621.1875,522.3125,0.3125,-1.8125,1.8392423711952701
638.875,527.125,636.9375,525.8125,-1.9375,-1.3125,2.340205653356132
653.125,530.875,653.5625,531.0625,0.4375,0.1875,0.4759858191164943
529.375,531.625,529.3125,531.9375,-0.0625,0.3125,0.31868871959954903
668.125,536.125,666.6875,537.1875,-1.4375,1.0625,1.7875437057593864
683.875,536.875,684.1874389648438,537.1875,0.31243896484375,0.3125,0.4418985819762653
660.625,537.625,661.4375,538.0625,0.8125,0.4375,0.9228014412645875
342.625,539.875,342.9374694824219,539.8125,0.312469482421875,-0.0625,0.31865879470837527
338.875,540.625,338.5625,540.6875,-0.3125,0.0625,0.31868871959954903
356.875,542.125,357.8124694824219,542.4375,0.937469482421875,0.3125,0.9881828173330774
569.875,542.125,571.3125,542.4375,1.4375,0.3125,1.4710752869924775
387.625,544.375,388.4374694824219,543.3125,0.812469482421875,-1.0625,1.3375398722531113
376.375,545.875,377.9374694824219,545.0625,1.562469482421875,-0.8125,1.7610982747989057
695.875,545.875,692.9374389648438,547.6875,-2.93756103515625,1.8125,3.4517272611358303
704.875,545.875,706.0624389648438,546.8125,1.18743896484375,0.9375,1.5129168996442588
575.875,548.125,575.6875,547.6875,-0.1875,-0.4375,0.4759858191164943
684.625,552.625,684.1874389648438,552.0625,-0.43756103515625,-0.5625,0.712647114276771
338.875,553.375,338.5625,553.8125,-0.3125,0.4375,0.5376453291901642
352.375,553.375,351.6874694824219,553.8125,-0.687530517578125,0.4375,0.8149260473203961
582.625,556.375,582.6875,556.4375,0.0625,0.0625,0.08838834764831845
698.125,556.375,701.6874389648438,554.6875,3.56243896484375,-1.6875,3.9419065981117574
358.375,558.625,358.6874694824219,559.0625,0.312469482421875,0.4375,0.5376275917817039
632.125,560.125,631.6875,561.6875,-0.4375,1.5625,1.6225943732183963
594.625,560.875,594.0625,560.8125,-0.5625,-0.0625,0.5659615711335886
715.375,560.875,713.9374389648438,562.5625,-1.43756103515625,1.6875,2.2168080611093757
638.125,561.625,638.6875,561.6875,0.5625,0.0625,0.5659615711335886
643.375,561.625,643.0625,561.6875,-0.3125,0.0625,0.31868871959954903
734.125,561.625,734.0624389648438,559.9375,-0.06256103515625,-1.6875,1.6886592708772903
616.375,564.625,615.0625,564.3125,-1.3125,-0.3125,1.3491895715576814
647.875,566.875,648.3125,566.9375,0.4375,0.0625,0.4419417382415922
527.875,567.625,527.5625,567.8125,-0.3125,0.1875,0.3644344934278313
373.375,569.125,372.6874694824219,568.6875,-0.687530517578125,-0.4375,0.8149260473203961
419.125,575.125,419.0624694824219,574.8125,-0.062530517578125,-0.3125,0.3186947059939782
530.125,575.125,530.1875,574.8125,0.0625,-0.3125,0.31868871959954903
425.875,575.875,426.0624694824219,575.6875,0.187469482421875,-0.1875,0.26514346463664856
686.875,576.625,686.8124389648438,576.5625,-0.06256103515625,-0.0625,0.08843151655276273
697.375,576.625,697.3124389648438,578.3125,-0.06256103515625,1.6875,1.6886592708772903
719.125,576.625,715.6874389648438,577.4375,-3.43756103515625,0.8125,3.5322771862390003
405.625,577.375,404.1874694824219,577.4375,-1.437530517578125,0.0625,1.4388885429276417
392.875,578.125,391.9374694824219,578.3125,-0.937530517578125,0.1875,0.9560960837647579
647.875,578.875,648.3125,578.3125,0.4375,-0.5625,0.7126096406869612
385.375,579.625,387.5624694824219,580.0625,2.187469482421875,0.4375,2.2307911122574935
593.875,579.625,594.0625,579.1875,0.1875,-0.4375,0.4759858191164943
658.375,580.375,659.6875,580.9375,1.3125,0.5625,1.4279574573494829
668.875,581.125,669.3125,580.9375,0.4375,-0.1875,0.4759858191164943
389.875,584.125,388.4374694824219,584.4375,-1.437530517578125,0.3125,1.4711051080627897
539.125,584.125,538.9375,583.5625,-0.1875,-0.5625,0.5929270612815711
618.625,584.125,617.6875,585.3125,-0.9375,1.1875,1.5129648046137756
623.125,584.125,622.9375,585.3125,-0.1875,1.1875,1.202211503854459
425.875,585.625,426.9374694824219,585.3125,1.062469482421875,-0.3125,1.1074735441886667
599.125,585.625,600.1875,586.1875,1.0625,0.5625,1.202211503854459
630.625,586.375,631.6875,587.9375,1.0625,1.5625,1.8895270572288718
709.375,586.375,706.0624389648438,586.1875,-3.31256103515625,-0.1875,3.317863297611197
697.375,587.125,697.3124389648438,587.0625,-0.06256103515625,-0.0625,0.08843151655276273
645.625,587.875,645.6875,587.9375,0.0625,0.0625,0.08838834764831845
716.875,587.875,716.5624389648438,587.9375,-0.31256103515625,0.0625,0.3187485697190601
539.125,588.625,538.9375,587.9375,-0.1875,-0.6875,0.7126096406869612
389.125,589.375,389.3124694824219,588.8125,0.187469482421875,-0.5625,0.592917411482852
529.375,590.875,529.3125,587.9375,-0.0625,-2.9375,2.93816481838579
432.625,592.375,433.0624694824219,590.5625,0.437469482421875,-1.8125,1.864547075847232
718.375,596.125,720.9374389648438,595.8125,2.56243896484375,-0.3125,2.5814239672222596
440.875,597.625,443.5624694824219,597.5625,2.687469482421875,-0.0625,2.6881961366218983
458.875,597.625,459.3124694824219,598.4375,0.437469482421875,0.8125,0.922786973277399
467.875,597.625,468.0624694824219,597.5625,0.187469482421875,-0.0625,0.19761340247950213
570.625,597.625,570.4375,597.5625,-0.1875,-0.0625,0.19764235376052372
549.625,598.375,551.1875,598.4375,1.5625,0.0625,1.5637495003996005
527.125,599.125,526.6875,600.1875,-0.4375,1.0625,1.1490485194281397
734.125,599.125,734.0624389648438,599.3125,-0.06256103515625,0.1875,0.19766166325269438
449.875,599.875,447.9374694824219,597.5625,-1.937530517578125,-2.3125,3.0168991956223126
538.375,599.875,537.1875,599.3125,-1.1875,-0.5625,1.31398725260179
434.125,601.375,433.9374694824219,601.9375,-0.187530517578125,0.5625,0.5929367124939384
649.375,601.375,649.1875,601.9375,-0.1875,0.5625,0.5929270612815711
671.125,601.375,672.8125,601.9375,1.6875,0.5625,1.7787811838447134
474.625,607.375,473.3124694824219,606.3125,-1.312530517578125,-1.0625,1.6886807305035196
612.625,608.875,613.3125,608.9375,0.6875,0.0625,0.6903350635742038
618.625,608.875,617.6875,608.9375,-0.9375,0.0625,0.9395810236483068
660.625,608.875,662.3125,607.1875,1.6875,-1.6875,2.386485386504598
746.125,610.375,746.3124389648438,610.6875,0.18743896484375,0.3125,0.36440309485746214
734.125,611.125,734.0624389648438,610.6875,-0.06256103515625,-0.4375,0.4419503740464777
450.625,612.625,450.5624694824219,612.4375,-0.062530517578125,-0.1875,0.19765200638644728
624.625,612.625,624.6875,612.4375,0.0625,-0.1875,0.19764235376052372
497.125,614.875,496.0624694824219,613.3125,-1.062530517578125,-1.5625,1.8895442177373987
578.875,615.625,580.0625,615.9375,1.1875,0.3125,1.2279301690242812
600.625,616.375,600.1875,615.9375,-0.4375,-0.4375,0.6187184335382291
614.875,616.375,614.1875,615.9375,-0.6875,-0.4375,0.8149003006503311
626.125,616.375,626.4375,616.8125,0.3125,0.4375,0.5376453291901642
608.875,617.125,609.8125,616.8125,0.9375,-0.3125,0.9882117688026185
497.125,619.375,496.9374694824219,620.3125,-0.187530517578125,0.9375,0.9560721442564465
465.625,621.625,464.5624694824219,622.0625,-1.062530517578125,0.4375,1.1490767384229994
607.375,622.375,608.0625,622.0625,0.6875,-0.3125,0.7551903733496608
575.125,623.125,577.4375,622.9375,2.3125,-0.1875,2.320088899158823
592.375,623.875,592.3125,623.8125,-0.0625,-0.0625,0.08838834764831845
755.125,624.625,754.1874389648438,624.6875,-0.93756103515625,0.0625,0.9396419236300917
544.375,625.375,548.5625,625.5625,4.1875,0.1875,4.191695659276804
571.375,626.125,573.0625,624.6875,1.6875,-1.4375,2.216768481371025
559.375,626.875,559.0625,627.3125,-0.3125,0.4375,0.5376453291901642
471.625,629.875,471.5624694824219,630.8125,-0.062530517578125,0.9375,0.9395830541408184
488.875,630.625,489.0624694824219,630.8125,0.187469482421875,0.1875,0.26514346463664856
561.625,637.375,561.6875,638.6875,0.0625,1.3125,1.31398725260179
570.625,637.375,571.3125,636.9375,0.6875,-0.4375,0.8149003006503311
563.875,647.125,562.5625,644.8125,-1.3125,-2.3125,2.659005923272831
560.125,659.875,559.9375,661.4375,-0.1875,1.5625,1.5737097890017715
508.375,662.875,509.1874694824219,663.1875,0.812469482421875,0.3125,0.8704957839454879
517.375,671.125,517.9375,671.0625,0.5625,-0.0625,0.5659615711335886
560.125,671.875,559.9375,671.0625,-0.1875,-0.8125,0.8338540040078959
540.625,672.625,540.6875,673.6875,0.0625,1.0625,1.0643366478704002
548.875,680.875,548.5625,682.4374389648438,-0.3125,1.56243896484375,1.5933837481479498
560.125,680.875,560.8125,680.6875,0.6875,-0.1875,0.7126096406869612
548.875,693.625,549.4375,693.8124389648438,0.5625,0.18743896484375,0.5929077630978503
539.125,703.375,540.6875,703.4374389648438,1.5625,0.06243896484375,1.5637470621333742
545.875,703.375,545.9375,702.5624389648438,0.0625,-0.81256103515625,0.8149611560400879
540.625,713.125,540.6875,712.1874389648438,0.0625,-0.93756103515625,0.9396419236300917
545.875,719.125,545.0625,720.0624389648438,-0.8125,0.93743896484375,1.2405434546227398
557.125,719.875,556.4375,720.0624389648438,-0.6875,0.18743896484375,0.7125935837079201
541.375,725.875,541.5625,727.0624389648438,0.1875,1.18743896484375,1.202151215625221
555.625,730.375,555.5625,734.0624389648438,-0.0625,3.68743896484375,3.687968596591889
546.625,741.625,545.9375,740.1874389648438,-0.6875,-1.43756103515625,1.593498660118517
559.375,743.875,559.9375,744.5624389648438,0.5625,0.68743896484375,0.8882446624581802
548.125,752.875,548.5625,753.3124389648438,0.4375,0.43743896484375,0.6186752766707035
559.375,752.875,559.0625,755.9374389648438,-0.3125,3.06243896484375,3.078341869155091
560.125,757.375,559.0625,760.3124389648438,-1.0625,2.93743896484375,3.1236923539590644
560.125,761.125,559.0625,764.6874389648438,-1.0625,3.56243896484375,3.717509600288479
1177.875,246.625,1234.0,243.0,56.125,-3.625,56.241943867544265
1117.125,252.625,1142.0,254.0,24.875,1.375,24.91297352786295
948.375,258.625,982.0,256.0,33.625,-2.625,33.72730718572119
942.375,259.375,969.0,257.0,26.625,-2.375,26.730717349147216
1088.625,262.375,1134.0,256.0,45.375,-6.375,45.82064218231778
1200.375,263.875,1236.0,257.0,35.625,-6.875,36.28231318424998
886.125,264.625,916.0,262.0,29.875,-2.625,29.99010253400278
845.625,268.375,873.0,266.0,27.375,-2.375,27.477831974156913
841.125,269.125,868.0,266.0,26.875,-3.125,27.056076027391704
829.875,269.875,855.0,268.0,25.125,-1.875,25.19486554836124
834.375,269.875,861.0,267.0,26.625,-2.875,26.77977315064487
823.875,270.625,847.0,268.0,23.125,-2.625,23.27350961930753
814.875,271.375,837.0,269.0,22.125,-2.375,22.252106641844048
818.625,271.375,842.0,269.0,23.375,-2.375,23.49534528369396
805.875,272.125,826.0,271.0,20.125,-1.125,20.15641957293011
775.125,275.875,794.0,274.0,18.875,-1.875,18.96790051639875
763.875,276.625,784.0,275.0,20.125,-1.625,20.190499003244074
754.875,277.375,769.0,276.0,14.125,-1.375,14.191766979484973
760.125,277.375,776.0,276.0,15.875,-1.375,15.934435979977453
901.125,278.125,927.0,275.0,25.875,-3.125,26.063024575056517
946.875,281.125,994.0,272.0,47.125,-9.125,48.00032551972955
697.875,283.375,705.0,283.0,7.125,-0.375,7.134861596415168
690.375,284.125,696.0,283.0,5.625,-1.125,5.736396952791883
684.375,284.875,689.0,284.0,4.625,-0.875,4.707042595940683
670.875,285.625,674.0,285.0,3.125,-0.625,3.1868871959954905
674.625,285.625,684.0,284.0,9.375,-1.625,9.514791116992532
661.125,287.125,667.0,287.0,5.875,-0.125,5.87632963677158
656.625,287.875,661.0,287.0,4.375,-0.875,4.461642074393687
644.625,288.625,651.0,288.0,6.375,-0.625,6.4055639876594785
640.125,289.375,646.0,289.0,5.875,-0.375,5.886955919658308
627.375,290.125,632.0,290.0,4.625,-0.125,4.626688880830437
616.875,291.625,618.0,292.0,1.125,0.375,1.1858541225631423
761.625,291.625,782.0,288.0,20.375,-3.625,20.694957115200793
609.375,292.375,611.0,292.0,1.625,-0.375,1.6677080080157918
601.125,293.125,606.0,292.0,4.875,-1.125,5.003124024047375
705.375,293.125,706.0,294.0,0.625,0.875,1.0752906583803283
592.875,293.875,597.0,293.0,4.125,-0.875,4.21678194835825
589.125,294.625,592.0,294.0,2.875,-0.625,2.942150573984955
723.375,294.625,740.0,291.0,16.625,-3.625,17.015617825985633
577.125,295.375,577.0,296.0,-0.125,0.625,0.6373774391990981
580.875,295.375,586.0,295.0,5.125,-0.375,5.138701197773616
873.375,296.875,896.0,287.0,22.625,-9.875,24.68615502665411
556.125,297.625,556.0,297.0,-0.125,-0.625,0.6373774391990981
546.375,298.375,545.0,299.0,-1.375,0.625,1.5103807466993215
937.125,299.125,967.0,291.0,29.875,-8.125,30.96015584586098
1099.875,305.875,1156.0,299.0,56.125,-6.875,56.54450680658555
813.375,306.625,842.0,298.0,28.625,-8.625,29.8961745044412
547.125,308.125,547.0,308.0,-0.125,-0.125,0.1767766952966369
612.375,308.125,618.0,304.0,5.625,-4.125,6.975403214151853
567.375,308.875,568.0,308.0,0.625,-0.875,1.0752906583803283
623.625,308.875,632.0,306.0,8.375,-2.875,8.85473037421242
969.375,309.625,1006.0,303.0,36.625,-6.625,37.21936659858682
662.625,310.375,670.0,306.0,7.375,-4.375,8.575036443071248
705.375,312.625,708.0,305.0,2.625,-7.625,8.064195558144656
523.125,314.875,523.0,315.0,-0.125,0.125,0.1767766952966369
891.375,317.125,933.0,309.0,41.625,-8.125,42.4105676689195
606.375,320.875,605.0,321.0,-1.375,0.125,1.3806701271484076
852.375,320.875,878.0,298.0,25.625,-22.875,34.349763463523296
568.125,322.375,568.0,326.0,-0.125,3.625,3.627154532136727
782.625,323.875,802.0,307.0,19.375,-16.875,25.693505988868083
578.625,325.375,582.0,325.0,3.375,-0.375,3.395769426801531
523.125,328.375,523.0,325.0,-0.125,-3.375,3.377314021526574
706.875,329.125,723.0,323.0,16.125,-6.125,17.24909417911561
585.375,331.375,588.0,330.0,2.625,-1.375,2.9633173977824243
922.875,332.125,955.0,316.0,32.125,-16.125,35.944836207722524
568.125,332.875,568.0,331.0,-0.125,-1.875,1.8791620472966135
988.125,335.125,1017.0,331.0,28.875,-4.125,29.168154723945086
520.125,338.125,519.0,338.0,-1.125,-0.125,1.1319231422671772
571.125,339.625,569.0,337.0,-2.125,-2.625,3.377314021526574
559.125,342.625,559.0,343.0,-0.125,0.375,0.39528470752104744
614.625,343.375,613.0,336.0,-1.625,-7.375,7.551903733496608
563.625,346.375,564.0,349.0,0.375,2.625,2.6516504294495533
668.625,346.375,673.0,336.0,4.375,-10.375,11.259718024888546
688.125,348.625,693.0,344.0,4.875,-4.625,6.719840027857806
652.875,353.875,662.0,349.0,9.125,-4.875,10.345590848279281
520.875,356.125,522.0,357.0,1.125,0.875,1.4252192813739224
619.125,356.125,617.0,352.0,-2.125,-4.125,4.640177798317646
529.875,359.875,530.0,360.0,0.125,0.125,0.1767766952966369
957.375,361.375,1008.0,342.0,50.625,-19.375,54.20591526761632
571.125,364.375,571.0,364.0,-0.125,-0.375,0.39528470752104744
582.375,365.125,582.0,365.0,-0.375,-0.125,0.39528470752104744
667.875,365.125,671.0,361.0,3.125,-4.125,5.175060386121113
529.875,368.125,526.0,367.0,-3.875,-1.125,4.035003097892243
602.625,368.875,604.0,367.0,1.375,-1.875,2.3251344047172844
582.375,375.625,582.0,376.0,-0.375,0.375,0.5303300858899106
526.875,377.125,526.0,377.0,-0.875,-0.125,0.8838834764831844
642.375,378.625,647.0,372.0,4.625,-6.625,8.079681305596155
618.375,380.125,618.0,382.0,-0.375,1.875,1.9121323175972944
586.125,384.625,586.0,382.0,-0.125,-2.625,2.62797450520358
600.375,386.125,600.0,388.0,-0.375,1.875,1.9121323175972944
943.125,386.875,988.0,361.0,44.875,-25.875,51.800398164492904
526.875,389.125,527.0,389.0,0.125,-0.125,0.1767766952966369
608.625,392.125,607.0,394.0,-1.625,1.875,2.481179155159901
616.125,392.875,620.0,395.0,3.875,2.125,4.419417382415922
763.125,395.125,774.0,390.0,10.875,-5.125,12.022115038544591
941.625,398.125,986.0,374.0,44.375,-24.125,50.50897197528376
655.875,401.125,659.0,394.0,3.125,-7.125,7.780183159797717
871.875,404.125,898.0,385.0,26.125,-19.125,32.37717174183069
805.875,404.875,828.0,386.0,22.125,-18.875,29.08231851142546
600.375,407.125,600.0,411.0,-0.375,3.875,3.893102875599359
816.375,407.125,844.0,386.0,27.625,-21.125,34.77651865842813
589.125,407.875,590.0,408.0,0.875,0.125,0.8838834764831844
682.875,409.375,686.0,404.0,3.125,-5.375,6.217415057722944
688.125,410.875,700.0,406.0,11.875,-4.875,12.836714922440242
820.125,415.375,849.0,396.0,28.875,-19.375,34.772924093322956
808.125,416.125,832.0,396.0,23.875,-20.125,31.225490388463076
604.125,421.375,604.0,421.0,-0.125,-0.375,0.39528470752104744
873.375,423.625,910.0,408.0,36.625,-15.625,39.818729889337256
958.125,425.125,997.0,405.0,38.875,-20.125,43.775349798716626
741.375,428.875,756.0,419.0,14.625,-9.875,17.6467064915808
607.125,430.375,608.0,430.0,0.875,-0.375,0.9519716382329886
646.875,432.625,650.0,432.0,3.125,-0.625,3.1868871959954905
864.375,434.875,894.0,419.0,29.625,-15.875,33.61035926615483
679.875,445.375,684.0,436.0,4.125,-9.375,10.242375212810748
993.375,446.125,1036.0,435.0,42.625,-11.125,44.052880155558505
685.875,448.375,692.0,441.0,6.125,-7.375,9.586774744407005
832.125,449.125,854.0,431.0,21.875,-18.125,28.40829544340878
818.625,456.625,837.0,445.0,18.375,-11.625,21.743533521486338
622.125,458.125,622.0,457.0,-0.125,-1.125,1.1319231422671772
634.875,460.375,634.0,460.0,-0.875,-0.375,0.9519716382329886
754.875,461.125,765.0,456.0,10.125,-5.125,11.348182673891005
1087.125,463.375,1162.0,451.0,74.875,-12.375,75.89075207164572
643.125,470.125,643.0,470.0,-0.125,-0.125,0.1767766952966369
718.875,472.375,729.0,470.0,10.125,-2.375,10.399819709975745
653.625,473.875,659.0,475.0,5.375,1.125,5.491470659122199
705.375,490.375,713.0,487.0,7.625,-3.375,8.338540040078959
895.125,491.875,907.0,479.0,11.875,-12.875,17.515171994588005
640.875,499.375,640.0,499.0,-0.875,-0.375,0.9519716382329886
662.625,500.875,663.0,502.0,0.375,1.125,1.1858541225631423
517.875,502.375,517.0,501.0,-0.875,-1.375,1.6298006013006623
520.875,511.375,521.0,511.0,0.125,-0.375,0.39528470752104744
679.125,512.125,687.0,510.0,7.875,-2.125,8.156669050537726
640.125,513.625,640.0,513.0,-0.125,-0.625,0.6373774391990981
522.375,515.875,522.0,519.0,-0.375,3.125,3.147419578003543
730.875,515.875,742.0,507.0,11.125,-8.875,14.231347441475807
776.625,515.875,761.0,523.0,-15.625,7.125,17.172834652438716
640.875,521.875,640.0,521.0,-0.875,-0.875,1.2374368670764582
663.375,522.625,663.0,521.0,-0.375,-1.625,1.6677080080157918
673.875,522.625,675.0,521.0,1.125,-1.625,1.976423537605237
620.625,523.375,621.0,522.0,0.375,-1.375,1.4252192813739224
628.875,527.125,631.0,525.0,2.125,-2.125,3.005203820042827
637.875,527.125,638.0,526.0,0.125,-1.125,1.1319231422671772
806.625,528.625,815.0,518.0,8.375,-10.625,13.528904242398939
652.875,530.875,654.0,531.0,1.125,0.125,1.1319231422671772
529.875,531.625,529.0,532.0,-0.875,0.375,0.9519716382329886
709.125,531.625,714.0,534.0,4.875,2.375,5.422752990870966
842.625,531.625,851.0,520.0,8.375,-11.625,14.327639372904386
653.625,536.125,654.0,536.0,0.375,-0.125,0.39528470752104744
670.875,536.125,671.0,537.0,0.125,0.875,0.8838834764831844
683.625,536.875,684.0,537.0,0.375,0.125,0.39528470752104744
661.125,537.625,661.0,538.0,-0.125,0.375,0.39528470752104744
569.625,542.125,570.0,543.0,0.375,0.875,0.9519716382329886
719.625,545.125,723.0,547.0,3.375,1.875,3.8608613028701253
705.375,545.875,711.0,543.0,5.625,-2.875,6.317139384246639
685.125,552.625,684.0,552.0,-1.125,-0.625,1.286953767623375
698.625,556.375,703.0,556.0,4.375,-0.375,4.391042017562574
745.875,556.375,756.0,550.0,10.125,-6.375,11.964792100157863
583.875,557.125,583.0,557.0,-0.875,-0.125,0.8838834764831844
631.875,559.375,632.0,561.0,0.125,1.625,1.6298006013006623
978.375,559.375,974.0,546.0,-4.375,-13.375,14.072357656057495
706.875,560.125,713.0,555.0,6.125,-5.125,7.986316422481644
637.125,560.875,638.0,561.0,0.875,0.125,0.8838834764831844
608.625,563.875,606.0,563.0,-2.625,-0.875,2.766992952647332
613.125,564.625,615.0,564.0,1.875,-0.625,1.976423537605237
687.375,565.375,687.0,568.0,-0.375,2.625,2.6516504294495533
648.375,566.875,648.0,567.0,-0.375,0.125,0.39528470752104744
528.375,567.625,527.0,568.0,-1.375,0.375,1.4252192813739224
529.875,575.125,532.0,576.0,2.125,0.875,2.2980970388562794
686.625,576.625,687.0,576.0,0.375,-0.625,0.7288689868556626
697.125,576.625,696.0,576.0,-1.125,-0.625,1.286953767623375
647.625,578.875,648.0,579.0,0.375,0.125,0.39528470752104744
580.125,579.625,579.0,581.0,-1.125,1.375,1.776583800443987
593.625,579.625,595.0,579.0,1.375,-0.625,1.5103807466993215
658.875,581.125,659.0,580.0,0.125,-1.125,1.1319231422671772
668.625,581.875,669.0,581.0,0.375,-0.875,0.9519716382329886
530.625,583.375,530.0,587.0,-0.625,3.625,3.6784847423905402
538.875,584.125,539.0,584.0,0.125,-0.125,0.1767766952966369
618.375,584.125,618.0,585.0,-0.375,0.875,0.9519716382329886
622.125,584.125,624.0,585.0,1.875,0.875,2.069118169655856
607.125,585.625,605.0,586.0,-2.125,0.375,2.1578345627040085
708.375,586.375,709.0,587.0,0.625,0.625,0.8838834764831844
697.125,587.125,699.0,587.0,1.875,-0.125,1.8791620472966135
645.375,587.875,646.0,588.0,0.625,0.125,0.6373774391990981
717.375,587.875,717.0,588.0,-0.375,0.125,0.39528470752104744
549.375,590.125,549.0,590.0,-0.375,-0.125,0.39528470752104744
668.625,591.625,669.0,594.0,0.375,2.375,2.404423007708918
587.625,592.375,591.0,594.0,3.375,1.625,3.7458310159429242
579.375,594.625,579.0,595.0,-0.375,0.375,0.5303300858899106
968.625,594.625,969.0,588.0,0.375,-6.625,6.635604719993498
718.125,596.125,720.0,596.0,1.875,-0.125,1.8791620472966135
570.375,597.625,570.0,598.0,-0.375,0.375,0.5303300858899106
549.375,598.375,551.0,598.0,1.625,-0.375,1.6677080080157918
733.875,599.125,734.0,599.0,0.125,-0.125,0.1767766952966369
526.875,599.875,527.0,600.0,0.125,0.125,0.1767766952966369
538.125,599.875,537.0,600.0,-1.125,0.125,1.1319231422671772
649.125,601.375,649.0,602.0,-0.125,0.625,0.6373774391990981
672.375,601.375,673.0,602.0,0.625,0.625,0.8838834764831844
766.875,608.125,776.0,608.0,9.125,-0.125,9.12585612422199
609.375,608.875,611.0,613.0,1.625,4.125,4.43353696274205
886.125,608.875,890.0,606.0,3.875,-2.875,4.8250647664046955
733.875,611.125,734.0,611.0,0.125,-0.125,0.1767766952966369
745.875,611.125,746.0,611.0,0.125,-0.125,0.1767766952966369
620.625,611.875,620.0,613.0,-0.625,1.125,1.286953767623375
624.375,612.625,625.0,613.0,0.625,0.375,0.7288689868556626
553.125,614.125,556.0,614.0,2.875,-0.125,2.8777161083053344
560.625,615.625,563.0,617.0,2.375,1.375,2.7443123000125187
578.625,615.625,580.0,616.0,1.375,0.375,1.4252192813739224
745.875,617.125,746.0,617.0,0.125,-0.125,0.1767766952966369
564.375,617.875,568.0,618.0,3.625,0.125,3.627154532136727
577.125,620.875,575.0,621.0,-2.125,0.125,2.1286732957408003
607.875,622.375,608.0,622.0,0.125,-0.375,0.39528470752104744
592.125,623.875,592.0,624.0,-0.125,0.125,0.1767766952966369
754.125,624.625,755.0,625.0,0.875,0.375,0.9519716382329886
550.125,625.375,549.0,626.0,-1.125,0.625,1.286953767623375
571.875,625.375,572.0,626.0,0.125,0.625,0.6373774391990981
767.625,625.375,768.0,625.0,0.375,-0.375,0.5303300858899106
785.625,625.375,792.0,627.0,6.375,1.625,6.578848683470383
559.875,626.875,559.0,627.0,-0.875,0.125,0.8838834764831844
571.125,637.375,571.0,637.0,-0.125,-0.375,0.39528470752104744
768.375,639.625,768.0,644.0,-0.375,4.375,4.391042017562574
880.875,640.375,889.0,640.0,8.125,-0.375,8.13364924249872
562.875,642.625,562.0,639.0,-0.875,-3.625,3.7291084725440746
562.875,652.375,563.0,649.0,0.125,-3.375,3.377314021526574
784.875,652.375,785.0,652.0,0.125,-0.375,0.39528470752104744
766.875,653.125,771.0,652.0,4.125,-1.125,4.275657844121768
898.875,653.125,911.0,652.0,12.125,-1.125,12.177078877957554
785.625,658.375,786.0,658.0,0.375,-0.375,0.5303300858899106
793.125,658.375,793.0,659.0,-0.125,0.625,0.6373774391990981
517.875,670.375,518.0,671.0,0.125,0.625,0.6373774391990981
541.125,672.625,541.0,673.0,-0.125,0.375,0.39528470752104744
793.125,677.125,793.0,677.0,-0.125,-0.125,0.1767766952966369
561.375,683.875,561.0,681.0,-0.375,-2.875,2.8993533761858004
807.375,686.875,809.0,687.0,1.625,0.125,1.6298006013006623
556.125,692.875,559.0,693.0,2.875,0.125,2.8777161083053344
549.375,693.625,549.0,694.0,-0.375,0.375,0.5303300858899106
814.125,696.625,823.0,701.0,8.875,4.375,9.89475871358165
546.375,702.625,546.0,703.0,-0.375,0.375,0.5303300858899106
538.875,703.375,540.0,703.0,1.125,-0.375,1.1858541225631423
814.125,704.125,818.0,705.0,3.875,0.875,3.972562145517676
817.875,716.125,819.0,719.0,1.125,2.875,3.087272258807117
545.625,719.125,545.0,719.0,-0.625,-0.125,0.6373774391990981
556.875,719.875,556.0,720.0,-0.875,0.125,0.8838834764831844
541.125,725.875,541.0,725.0,-0.125,-0.875,0.8838834764831844
919.125,727.375,927.0,726.0,7.875,-1.375,7.994138477659741
815.625,728.125,815.0,728.0,-0.625,-0.125,0.6373774391990981
823.125,728.125,829.0,729.0,5.875,0.875,5.939802185258361
831.375,728.875,834.0,730.0,2.625,1.125,2.8559149146989657
556.125,729.625,555.0,730.0,-1.125,0.375,1.1858541225631423
545.625,738.625,546.0,740.0,0.375,1.375,1.4252192813739224
831.375,739.375,831.0,738.0,-0.375,-1.375,1.4252192813739224
831.375,743.125,831.0,743.0,-0.375,-0.125,0.39528470752104744
559.875,744.625,560.0,744.0,0.125,-0.625,0.6373774391990981
923.625,744.625,932.0,739.0,8.375,-5.625,10.088669386990537
919.875,752.125,944.0,753.0,24.125,0.875,24.140862660642433
548.625,752.875,549.0,753.0,0.375,0.125,0.39528470752104744
559.125,757.375,559.0,756.0,-0.125,-1.375,1.3806701271484076
883.125,757.375,882.0,755.0,-1.125,-2.375,2.62797450520358
559.875,761.125,559.0,762.0,-0.875,0.875,1.2374368670764582
865.125,761.125,876.0,765.0,10.875,3.875,11.544749889018817
2278.375,377.125,2299.0,401.0,20.625,23.875,31.550059429421047
2088.375,293.125,2059.0,288.0,-29.375,-5.125,29.818723145030877
2087.625,308.875,2056.0,302.0,-31.625,-6.875,32.363656313834504
2177.625,312.625,2177.0,312.0,-0.625,-0.625,0.8838834764831844
2170.875,317.875,2158.0,308.0,-12.875,-9.875,16.22594373218396
2145.375,325.375,2135.0,338.0,-10.375,12.625,16.341090844861
2240.625,331.375,2281.0,333.0,40.375,1.625,40.407688006120814
2286.375,335.125,2327.0,339.0,40.625,3.875,40.80938923826231
2215.125,341.875,2213.0,349.0,-2.125,7.125,7.435136178981526
2178.375,344.125,2178.0,346.0,-0.375,1.875,1.9121323175972944
2059.125,344.875,2002.0,343.0,-57.125,-1.875,57.15576305150689
2238.375,347.875,2238.0,348.0,-0.375,0.125,0.39528470752104744
2206.875,355.375,2201.0,355.0,-5.875,-0.375,5.886955919658308
2247.375,355.375,2249.0,351.0,1.625,-4.375,4.667038675648618
2095.875,356.125,2061.0,344.0,-34.875,-12.125,36.92263871935482
2069.625,360.625,2036.0,372.0,-33.625,11.375,35.496918880376086
2083.875,365.875,2050.0,371.0,-33.875,5.125,34.26049109397003
2197.875,365.875,2197.0,367.0,-0.875,1.125,1.4252192813739224
2187.375,366.625,2178.0,366.0,-9.375,-0.625,9.395810236483067
2236.875,367.375,2232.0,370.0,-4.875,2.625,5.5368086475875256
2248.125,368.125,2247.0,364.0,-1.125,-4.125,4.275657844121768
2345.625,371.125,2404.0,382.0,58.375,10.875,59.37934194650527
2314.875,373.375,2323.0,365.0,8.125,-8.375,11.668601030114964
2257.875,376.375,2258.0,375.0,0.125,-1.375,1.3806701271484076
2236.125,377.875,2232.0,380.0,-4.125,2.125,4.640177798317646
2232.375,386.125,2230.0,393.0,-2.375,6.875,7.273668262988077
2257.875,386.125,2258.0,391.0,0.125,4.875,4.87660230078279
2346.375,386.875,2371.0,382.0,24.625,-4.875,25.1029131775577
2185.125,387.625,2178.0,395.0,-7.125,7.375,10.254572150996841
2256.375,389.875,2259.0,399.0,2.625,9.125,9.49506450741647
2404.875,392.875,2412.0,395.0,7.125,2.125,7.435136178981526
2310.375,393.625,2310.0,395.0,-0.375,1.375,1.4252192813739224
2227.125,394.375,2227.0,407.0,-0.125,12.625,12.625618796716461
2123.625,396.625,2067.0,396.0,-56.625,-0.625,56.6284491223272
2350.125,398.875,2415.0,408.0,64.875,9.125,65.51359591718348
2357.625,402.625,2420.0,417.0,62.375,14.375,64.01000898297077
2332.125,408.625,2377.0,425.0,44.875,16.375,47.76930238134109
2353.125,425.875,2382.0,442.0,28.875,16.125,33.07236384052401
2239.875,426.625,2232.0,438.0,-7.875,11.375,13.834964763236659
2086.125,431.875,2079.0,432.0,-7.125,0.125,7.126096406869612
2353.125,436.375,2386.0,454.0,32.875,17.625,37.30155827844193
2364.375,437.125,2396.0,459.0,31.625,21.875,38.45329959834396
2374.875,437.125,2411.0,452.0,36.125,14.875,39.067649660556754
2205.375,441.625,2170.0,449.0,-35.375,7.375,36.13559533202684
2053.875,543.625,2011.0,599.0,-42.875,55.375,70.0332510312066
3685.875,527.125,3620.0,520.0,-65.875,-7.125,66.25919747476571
3732.375,545.875,3697.0,547.0,-35.375,1.125,35.39288417182188
4024.125,568.375,4002.0,565.0,-22.125,-3.375,22.380934967065162
4033.875,569.125,4012.0,567.0,-21.875,-2.125,21.977971926453996
4037.625,569.875,4020.0,567.0,-17.625,-2.875,17.857946410491884
4044.375,570.625,4025.0,568.0,-19.375,-2.625,19.55201396276097
4048.125,571.375,4031.0,569.0,-17.125,-2.375,17.288905402020106
4054.875,572.125,4039.0,570.0,-15.875,-2.125,16.01659295855395
4058.625,572.875,4045.0,571.0,-13.625,-1.875,13.753408668399263
4063.125,573.625,4050.0,572.0,-13.125,-1.625,13.225212663696565
3939.375,574.375,3921.0,577.0,-18.375,2.625,18.561553006146873
4075.125,575.875,4061.0,573.0,-14.125,-2.875,14.414619315125877
4080.375,575.875,4068.0,575.0,-12.375,-0.875,12.405895775799506
4088.625,576.625,4076.0,575.0,-12.625,-1.625,12.729149618100967
4096.125,578.125,4088.0,577.0,-8.125,-1.125,8.202514858261459
4100.625,578.875,4095.0,578.0,-5.625,-0.875,5.69264876836785
4111.125,580.375,4104.0,579.0,-7.125,-1.375,7.256462636849996
4066.125,581.125,4046.0,579.0,-20.125,-2.125,20.23687846482258
4124.625,581.875,4119.0,581.0,-5.625,-0.875,5.69264876836785
4128.375,582.625,4125.0,583.0,-3.375,0.375,3.395769426801531
4135.875,584.125,4130.0,584.0,-5.875,-0.125,5.87632963677158
4139.625,584.125,4137.0,584.0,-2.625,-0.125,2.62797450520358
4096.125,584.875,4090.0,587.0,-6.125,2.125,6.48315123994497
4146.375,584.875,4142.0,585.0,-4.375,0.125,4.3767853500028995
4153.875,586.375,4151.0,586.0,-2.875,-0.375,2.8993533761858004
4072.875,588.625,4058.0,591.0,-14.875,2.375,15.063407649001602
4171.875,588.625,4171.0,589.0,-0.875,0.375,0.9519716382329886
4159.125,589.375,4160.0,590.0,0.875,0.625,1.0752906583803283
4166.625,589.375,4165.0,589.0,-1.625,-0.375,1.6677080080157918
4150.125,591.625,4153.0,591.0,2.875,-0.625,2.942150573984955
4138.125,593.125,4139.0,593.0,0.875,-0.125,0.8838834764831844
4122.375,593.875,4121.0,594.0,-1.375,0.125,1.3806701271484076
4126.125,593.875,4126.0,593.0,-0.125,-0.875,0.8838834764831844
4114.875,594.625,4116.0,594.0,1.125,-0.625,1.286953767623375
4102.125,595.375,4101.0,595.0,-1.125,-0.375,1.1858541225631423
4054.125,599.125,4052.0,599.0,-2.125,-0.125,2.1286732957408003
671.125,517.875,663.0,521.0,-8.125,3.125,8.705242673240075
340.375,518.625,341.0,519.0,0.625,0.375,0.7288689868556626
344.125,522.375,346.0,522.0,1.875,-0.375,1.9121323175972944
640.375,522.375,640.0,521.0,-0.375,-1.375,1.4252192813739224
620.875,523.125,621.0,522.0,0.125,-1.125,1.1319231422671772
653.875,523.125,654.0,523.0,0.125,-0.125,0.1767766952966369
662.875,523.125,663.0,526.0,0.125,2.875,2.8777161083053344
356.875,525.375,357.0,525.0,0.125,-0.375,0.39528470752104744
653.125,530.625,654.0,531.0,0.875,0.375,0.9519716382329886
529.375,532.125,529.0,532.0,-0.375,-0.125,0.39528470752104744
670.375,535.875,671.0,537.0,0.625,1.125,1.286953767623375
683.875,536.625,684.0,537.0,0.125,0.375,0.39528470752104744
661.375,538.125,661.0,538.0,-0.375,-0.125,0.39528470752104744
569.875,541.875,570.0,543.0,0.125,1.125,1.1319231422671772
357.625,542.625,358.0,542.0,0.375,-0.625,0.7288689868556626
566.125,542.625,564.0,543.0,-2.125,0.375,2.1578345627040085
387.625,544.125,388.0,544.0,0.375,-0.125,0.39528470752104744
378.625,545.625,379.0,546.0,0.375,0.375,0.5303300858899106
695.875,545.625,693.0,548.0,-2.875,2.375,3.7291084725440746
711.625,552.375,708.0,555.0,-3.625,2.625,4.475628447492039
351.625,553.125,351.0,553.0,-0.625,-0.125,0.6373774391990981
338.875,553.875,339.0,554.0,0.125,0.125,0.1767766952966369
698.125,556.125,698.0,559.0,-0.125,2.875,2.8777161083053344
582.625,556.875,583.0,557.0,0.375,0.125,0.39528470752104744
358.375,558.375,358.0,559.0,-0.375,0.625,0.7288689868556626
369.625,559.125,369.0,560.0,-0.625,0.875,1.0752906583803283
632.125,559.875,632.0,561.0,-0.125,1.125,1.1319231422671772
594.625,561.375,594.0,561.0,-0.625,-0.375,0.7288689868556626
638.125,561.375,638.0,561.0,-0.125,-0.375,0.39528470752104744
734.125,561.375,726.0,560.0,-8.125,-1.375,8.240524861924754
605.125,563.625,606.0,563.0,0.875,-0.625,1.0752906583803283
715.375,563.625,714.0,562.0,-1.375,-1.625,2.1286732957408003
612.625,564.375,615.0,564.0,2.375,-0.375,2.404423007708918
626.875,564.375,624.0,564.0,-2.875,-0.375,2.8993533761858004
686.875,565.875,687.0,568.0,0.125,2.125,2.1286732957408003
410.875,568.125,410.0,568.0,-0.875,-0.125,0.8838834764831844
525.625,568.125,527.0,568.0,1.375,-0.125,1.3806701271484076
373.375,568.875,373.0,569.0,-0.375,0.125,0.39528470752104744
424.375,574.125,425.0,575.0,0.625,0.875,1.0752906583803283
428.125,576.375,430.0,577.0,1.875,0.625,1.976423537605237
686.875,576.375,687.0,576.0,0.125,-0.375,0.39528470752104744
696.625,576.375,696.0,576.0,-0.625,-0.375,0.7288689868556626
405.625,577.875,405.0,577.0,-0.625,-0.875,1.0752906583803283
392.875,578.625,393.0,579.0,0.125,0.375,0.39528470752104744
421.375,578.625,420.0,579.0,-1.375,0.375,1.4252192813739224
647.875,578.625,648.0,579.0,0.125,0.375,0.39528470752104744
385.375,579.375,388.0,581.0,2.625,1.625,3.087272258807117
579.625,580.125,579.0,581.0,-0.625,0.875,1.0752906583803283
593.875,580.125,595.0,579.0,1.125,-1.125,1.590990257669732
659.875,580.125,659.0,580.0,-0.875,-0.125,0.8838834764831844
433.375,581.625,433.0,586.0,-0.375,4.375,4.391042017562574
668.875,581.625,669.0,581.0,0.125,-0.625,0.6373774391990981
531.625,583.875,530.0,587.0,-1.625,3.125,3.522250700901343
622.375,583.875,624.0,585.0,1.625,1.125,1.976423537605237
617.875,584.625,618.0,585.0,0.125,0.375,0.39528470752104744
422.125,585.375,422.0,585.0,-0.125,-0.375,0.39528470752104744
425.875,585.375,428.0,585.0,2.125,-0.375,2.1578345627040085
599.125,586.125,600.0,586.0,0.875,-0.125,0.8838834764831844
606.625,586.125,605.0,586.0,-1.625,-0.125,1.6298006013006623
708.625,586.125,709.0,587.0,0.375,0.875,0.9519716382329886
570.625,586.875,571.0,590.0,0.375,3.125,3.147419578003543
630.625,586.875,631.0,588.0,0.375,1.125,1.1858541225631423
697.375,586.875,699.0,587.0,1.625,0.125,1.6298006013006623
645.625,588.375,646.0,588.0,0.375,-0.375,0.5303300858899106
717.625,588.375,717.0,588.0,-0.625,-0.375,0.7288689868556626
389.875,589.125,390.0,589.0,0.125,-0.125,0.1767766952966369
548.875,589.875,549.0,590.0,0.125,0.125,0.1767766952966369
432.625,592.125,433.0,591.0,0.375,-1.125,1.1858541225631423
668.875,592.125,669.0,594.0,0.125,1.875,1.8791620472966135
440.125,592.875,440.0,593.0,-0.125,0.125,0.1767766952966369
588.625,593.625,591.0,594.0,2.375,0.375,2.404423007708918
425.875,594.375,426.0,594.0,0.125,-0.375,0.39528470752104744
718.375,595.875,720.0,596.0,1.625,0.125,1.6298006013006623
458.875,598.125,455.0,599.0,-3.875,0.875,3.972562145517676
467.875,598.125,468.0,598.0,0.125,-0.125,0.1767766952966369
549.625,598.125,551.0,598.0,1.375,-0.125,1.3806701271484076
570.625,598.125,570.0,598.0,-0.625,-0.125,0.6373774391990981
560.875,598.875,561.0,598.0,0.125,-0.875,0.8838834764831844
733.375,598.875,734.0,599.0,0.625,0.125,0.6373774391990981
527.125,599.625,527.0,600.0,-0.125,0.375,0.39528470752104744
538.375,599.625,537.0,600.0,-1.375,0.375,1.4252192813739224
671.125,601.125,673.0,602.0,1.875,0.875,2.069118169655856
434.125,601.875,434.0,602.0,-0.125,0.125,0.1767766952966369
649.375,601.875,649.0,602.0,-0.375,0.125,0.39528470752104744
578.125,605.625,575.0,607.0,-3.125,1.375,3.4141250709369158
474.625,607.125,473.0,607.0,-1.625,-0.125,1.6298006013006623
661.375,608.625,663.0,607.0,1.625,-1.625,2.2980970388562794
613.375,609.375,611.0,613.0,-2.375,3.625,4.333733955839929
617.125,613.125,620.0,613.0,2.875,-0.125,2.8777161083053344
552.625,613.875,556.0,614.0,3.375,0.125,3.377314021526574
625.375,613.875,625.0,613.0,-0.375,-0.875,0.9519716382329886
600.625,616.125,600.0,616.0,-0.625,-0.125,0.6373774391990981
564.625,617.625,563.0,617.0,-1.625,-0.625,1.741048534648015
575.875,619.125,575.0,621.0,-0.875,1.875,2.069118169655856
473.125,619.875,473.0,620.0,-0.125,0.125,0.1767766952966369
497.125,619.875,496.0,620.0,-1.125,0.125,1.1319231422671772
464.875,622.125,465.0,622.0,0.125,-0.125,0.1767766952966369
607.375,622.125,608.0,622.0,0.625,-0.125,0.6373774391990981
592.375,623.625,592.0,624.0,-0.375,0.375,0.5303300858899106
571.375,625.125,572.0,626.0,0.625,0.875,1.0752906583803283
754.375,625.125,755.0,625.0,0.625,-0.125,0.6373774391990981
559.375,627.375,559.0,627.0,-0.375,-0.375,0.5303300858899106
472.375,630.375,472.0,631.0,-0.375,0.625,0.7288689868556626
571.375,637.125,571.0,637.0,-0.375,-0.125,0.39528470752104744
562.375,641.625,562.0,639.0,-0.375,-2.625,2.6516504294495533
563.875,649.125,563.0,649.0,-0.875,-0.125,0.8838834764831844
560.875,656.625,561.0,657.0,0.125,0.375,0.39528470752104744
508.375,663.375,509.0,663.0,0.625,-0.375,0.7288689868556626
518.125,670.875,518.0,671.0,-0.125,0.125,0.1767766952966369
560.125,671.625,560.0,671.0,-0.125,-0.625,0.6373774391990981
540.625,673.125,541.0,673.0,0.375,-0.125,0.39528470752104744
560.875,682.875,561.0,681.0,0.125,-1.875,1.8791620472966135
548.875,694.125,549.0,694.0,0.125,-0.125,0.1767766952966369
539.125,703.125,540.0,703.0,0.875,-0.125,0.8838834764831844
545.875,703.125,546.0,703.0,0.125,-0.125,0.1767766952966369
545.875,719.625,545.0,719.0,-0.875,-0.625,1.0752906583803283
557.125,719.625,556.0,720.0,-1.125,0.375,1.1858541225631423
541.375,727.125,541.0,725.0,-0.375,-2.125,2.1578345627040085
555.625,730.125,555.0,730.0,-0.625,-0.125,0.6373774391990981
545.875,739.875,546.0,740.0,0.125,0.125,0.1767766952966369
548.125,752.625,549.0,753.0,0.875,0.375,0.9519716382329886
551.875,754.125,554.0,754.0,2.125,-0.125,2.1286732957408003
560.125,756.375,559.0,756.0,-1.125,-0.375,1.1858541225631423
551.875,761.625,552.0,764.0,0.125,2.375,2.378287198805056
560.125,763.875,559.0,762.0,-1.125,-1.875,2.1866069605669876
560.125,776.625,560.0,777.0,-0.125,0.375,0.39528470752104744
550.375,778.125,550.0,779.0,-0.375,0.875,0.9519716382329886
554.875,784.125,555.0,783.0,0.125,-1.125,1.1319231422671772
559.375,787.875,560.0,784.0,0.625,-3.875,3.9250796170268956
560.125,791.625,559.0,791.0,-1.125,-0.625,1.286953767623375
562.375,795.375,560.0,796.0,-2.375,0.625,2.4558603380485624
572.125,796.875,572.0,797.0,-0.125,0.125,0.1767766952966369
575.875,802.875,576.0,803.0,0.125,0.125,0.1767766952966369
578.875,807.375,578.0,808.0,-0.875,0.625,1.0752906583803283
563.875,814.875,563.0,819.0,-0.875,4.125,4.21678194835825
590.125,818.625,589.0,819.0,-1.125,0.375,1.1858541225631423
596.125,823.875,596.0,825.0,-0.125,1.125,1.1319231422671772
581.125,826.875,582.0,825.0,0.875,-1.875,2.069118169655856
563.125,831.375,563.0,831.0,-0.125,-0.375,0.39528470752104744
607.375,833.625,607.0,830.0,-0.375,-3.625,3.6443449342783127
573.625,835.125,574.0,835.0,0.375,-0.125,0.39528470752104744
616.375,835.875,616.0,836.0,-0.375,0.125,0.39528470752104744
583.375,837.375,583.0,837.0,-0.375,-0.375,0.5303300858899106
590.875,838.125,588.0,838.0,-2.875,-0.125,2.8777161083053344
598.375,839.625,598.0,839.0,-0.375,-0.625,0.7288689868556626
609.625,841.875,607.0,841.0,-2.625,-0.875,2.766992952647332
620.125,841.875,619.0,842.0,-1.125,0.125,1.1319231422671772
623.875,842.625,624.0,843.0,0.125,0.375,0.39528470752104744
528.375,519.375,528.12890625,520.06689453125,-0.24609375,0.69189453125,0.7343569814216514
520.875,520.125,521.07421875,519.05908203125,0.19921875,-1.06591796875,1.0843750395761091
640.125,522.375,639.99609375,522.0826416015625,-0.12890625,-0.2923583984375,0.31951565599513665
674.625,522.375,675.26953125,521.0748291015625,0.64453125,-1.3001708984375,1.4511598455615902
653.625,523.125,656.12109375,523.090576171875,2.49609375,-0.034423828125,2.496331109595008
663.375,523.125,663.17578125,523.090576171875,-0.19921875,-0.034423828125,0.2021709927124612
688.125,523.125,683.33203125,523.090576171875,-4.79296875,-0.034423828125,4.793092366981815
620.625,523.875,620.84765625,522.0826416015625,0.22265625,-1.7923583984375,1.8061352203291707
634.875,530.625,635.96484375,531.153564453125,1.08984375,0.528564453125,1.2112554563432905
652.875,530.625,653.09765625,531.153564453125,0.22265625,0.528564453125,0.5735470222844792
529.125,531.375,529.13671875,532.1614379882812,0.01171875,0.78643798828125,0.7865252942616798
674.625,536.625,674.26171875,537.2008056640625,-0.36328125,0.5758056640625,0.6808270186824397
684.375,536.625,683.33203125,537.2008056640625,-1.04296875,0.5758056640625,1.1913588780224955
661.875,538.125,661.16015625,538.2086791992188,-0.71484375,0.08367919921875,0.7197248052526422
569.625,541.875,568.44140625,542.2401733398438,-1.18359375,0.36517333984375,1.2386467346147172
731.625,544.875,704.49609375,521.0748291015625,-27.12890625,-23.8001708984375,36.089135333450706
583.125,556.875,583.55859375,557.3582763671875,0.43359375,0.4832763671875,0.6492762024909043
733.875,562.125,706.51171875,547.279541015625,-27.36328125,-14.845458984375,31.13096229195882
715.875,563.625,693.41015625,547.279541015625,-22.46484375,-16.345458984375,27.7820667719628
615.375,564.375,614.80078125,564.4133911132812,-0.57421875,0.03839111328125,0.5755006954214185
982.875,566.625,917.14453125,521.0748291015625,-65.73046875,-45.5501708984375,79.97069832739733
986.625,566.625,922.18359375,521.0748291015625,-64.44140625,-45.5501708984375,78.914592493115
527.625,568.125,527.12109375,568.4448852539062,-0.50390625,0.31988525390625,0.5968652146470999
967.875,572.625,909.08203125,527.1220703125,-58.79296875,-45.5029296875,74.34466883767824
979.875,575.625,919.16015625,527.1220703125,-60.71484375,-48.5029296875,77.70988637141019
697.125,576.375,696.43359375,576.5078735351562,-0.69140625,0.13287353515625,0.7040582212317258
718.875,576.375,715.58203125,572.4763793945312,-3.29296875,-3.89862060546875,5.1032230809422865
686.625,577.125,687.36328125,575.5,0.73828125,-1.625,1.7848485101267173
647.625,578.625,648.05859375,578.5236206054688,0.43359375,-0.10137939453125,0.44528790874510094
580.125,580.125,578.51953125,580.5393676757812,-1.60546875,0.41436767578125,1.6580803593188473
593.625,580.125,594.64453125,578.5236206054688,1.01953125,-1.60137939453125,1.898383505763742
659.625,580.875,659.14453125,580.5393676757812,-0.48046875,-0.33563232421875,0.586088113500899
668.625,580.875,669.22265625,581.5472412109375,0.59765625,0.6722412109375,0.899500549664523
617.625,583.875,618.83203125,584.5708618164062,1.20703125,0.69586181640625,1.393250912796675
598.875,586.125,599.68359375,585.5787353515625,0.80859375,-0.5462646484375,0.9758221757429004
631.125,586.875,630.92578125,587.594482421875,-0.19921875,0.719482421875,0.7465541278023168
697.125,586.875,699.45703125,586.5866088867188,2.33203125,-0.28839111328125,2.349795562425838
645.375,588.375,646.04296875,588.6023559570312,0.66796875,0.22735595703125,0.7056011494988923
717.375,588.375,716.58984375,587.594482421875,-0.78515625,-0.780517578125,1.1071034399170558
549.375,589.875,549.29296875,589.6102294921875,-0.08203125,-0.2647705078125,0.2771868463398861
529.875,592.125,529.13671875,593.6417236328125,-0.73828125,1.5167236328125,1.6868638897176944
668.625,592.125,669.22265625,593.6417236328125,0.59765625,1.5167236328125,1.6302280734596646
589.125,592.875,591.62109375,593.6417236328125,2.49609375,0.7667236328125,2.6111968784261097
718.125,595.875,720.62109375,595.657470703125,2.49609375,-0.217529296875,2.5055544304181447
549.375,598.125,550.30078125,597.6732177734375,0.92578125,-0.4517822265625,1.0301349926535515
561.375,598.875,563.40234375,597.6732177734375,2.02734375,-1.2017822265625,2.356778139907442
733.875,598.875,733.72265625,599.68896484375,-0.15234375,0.81396484375,0.8280986565772368
538.125,599.625,537.19921875,599.68896484375,-0.92578125,0.06396484375,0.9279883749743444
649.125,601.875,649.06640625,601.7047119140625,-0.05859375,-0.1702880859375,0.18008681170846433
671.625,601.875,673.25390625,601.7047119140625,1.62890625,-0.1702880859375,1.6377831368961275
578.625,604.875,574.48828125,605.7362060546875,-4.13671875,0.8612060546875,4.22541333898022
601.125,607.875,601.69921875,607.751953125,0.57421875,-0.123046875,0.5872543795484442
733.875,610.875,734.73046875,609.7677001953125,0.85546875,-1.1072998046875,1.3992639635492434
745.875,610.875,746.82421875,610.7755737304688,0.94921875,-0.09942626953125,0.9544117656569743
796.875,613.125,766.98046875,579.531494140625,-29.89453125,-33.593505859375,44.96895189551441
553.125,613.875,555.33984375,613.7991943359375,2.21484375,-0.0758056640625,2.216140639855246
625.125,614.625,624.87890625,613.7991943359375,-0.24609375,-0.8258056640625,0.8616943359375
578.625,615.375,580.53515625,615.81494140625,1.91015625,0.43994140625,1.9601646207263537
600.375,616.125,599.68359375,615.81494140625,-0.69140625,-0.31005859375,0.7577459561734988
609.375,616.875,609.76171875,616.8228149414062,0.38671875,-0.05218505859375,0.39022387413124227
574.875,619.875,575.49609375,618.8385620117188,0.62109375,-1.03643798828125,1.208288520942555
607.875,622.125,607.74609375,621.8621826171875,-0.12890625,-0.2628173828125,0.29272819815910234
592.125,623.625,592.62890625,623.8779296875,0.50390625,0.2529296875,0.5638217232493886
571.875,625.125,572.47265625,625.8936767578125,0.59765625,0.7686767578125,0.9736821612647524
754.125,625.125,753.87890625,624.8858642578125,-0.24609375,-0.2391357421875,0.3431443384067832
767.625,625.125,767.98828125,624.8858642578125,0.36328125,-0.2391357421875,0.4349243265133936
559.875,627.375,559.37109375,626.901611328125,-0.50390625,-0.473388671875,0.6913887064803987
571.125,637.125,570.45703125,636.9803466796875,-0.66796875,-0.1446533203125,0.6834521446699785
791.625,644.625,790.16015625,636.9803466796875,-1.46484375,-7.6446533203125,7.7837324979523155
564.375,646.125,563.40234375,646.0511474609375,-0.97265625,-0.0738525390625,0.9754559847527927
563.625,649.875,562.39453125,651.090576171875,-1.23046875,1.215576171875,1.729647008599397
784.875,652.875,786.12890625,650.0826416015625,1.25390625,-2.7923583984375,3.0609714649296396
785.625,658.125,786.12890625,655.1220703125,0.50390625,-3.0029296875,3.0449151411587665
559.875,671.625,559.37109375,671.248046875,-0.50390625,-0.376953125,0.6292973599470509
952.875,676.875,911.09765625,652.098388671875,-41.77734375,-24.776611328125,48.57187375128363
560.625,683.625,560.37890625,681.3267822265625,-0.24609375,-2.2982177734375,2.311356110151156
796.125,686.625,798.22265625,686.3661499023438,2.09765625,-0.25885009765625,2.113566917847815
807.375,686.625,808.30078125,687.3740234375,0.92578125,0.7490234375,1.1908429924956014
856.125,689.625,849.62109375,684.3504028320312,-6.50390625,-5.27459716796875,8.373898243538251
563.625,693.375,563.40234375,693.4212646484375,-0.22265625,0.0462646484375,0.22741201234567177
549.375,694.125,549.29296875,693.4212646484375,-0.08203125,-0.7037353515625,0.7085002265457351
916.125,694.125,890.94140625,685.3582763671875,-25.18359375,-8.7667236328125,26.665874023162118
855.375,700.875,851.63671875,692.4133911132812,-3.73828125,-8.46160888671875,9.250598448527494
817.875,715.125,818.37890625,718.6181030273438,0.50390625,3.49310302734375,3.5292620005359665
545.625,719.625,545.26171875,719.6259765625,-0.36328125,0.0009765625,0.3632825625816341
556.875,719.625,556.34765625,719.6259765625,-0.52734375,0.0009765625,0.5273446542237619
541.125,727.125,542.23828125,725.6732177734375,1.11328125,-1.4517822265625,1.8294990502769692
824.625,727.875,824.42578125,728.6968383789062,-0.19921875,0.82183837890625,0.84563965812562
815.625,728.625,815.35546875,727.68896484375,-0.26953125,-0.93603515625,0.9740682257740083
847.125,728.625,841.55859375,725.6732177734375,-5.56640625,-2.9517822265625,6.300626703200987
831.375,729.375,835.51171875,730.7125854492188,4.13671875,1.33758544921875,4.347594375118645
556.125,730.125,555.33984375,733.7362060546875,-0.78515625,3.6112060546875,3.6955756664321897
831.375,739.125,831.48046875,739.783447265625,0.10546875,0.658447265625,0.6668406547561432
888.375,742.875,876.83203125,739.783447265625,-11.54296875,-3.091552734375,11.949804428228024
847.125,743.625,846.59765625,741.7991943359375,-0.52734375,-1.8258056640625,1.900436200872518
559.125,744.375,559.37109375,744.8228759765625,0.24609375,0.4478759765625,0.5110332906679129
997.125,745.125,967.53515625,739.783447265625,-29.58984375,-5.341552734375,30.068106670748712
868.875,746.625,861.71484375,741.7991943359375,-7.16015625,-4.8258056640625,8.63459540637034
989.625,747.375,958.46484375,738.775634765625,-31.16015625,-8.599365234375,32.324981360529684
899.625,748.875,896.98828125,747.846435546875,-2.63671875,-1.028564453125,2.830235078722948
919.875,751.875,917.14453125,745.8306884765625,-2.73046875,-6.0443115234375,6.63243253920354
548.625,752.625,548.28515625,752.8858642578125,-0.33984375,0.2608642578125,0.42842027895295637
1001.625,754.875,975.59765625,754.901611328125,-26.02734375,0.026611328125,26.027357354204224
882.375,756.375,881.87109375,755.909423828125,-0.50390625,-0.465576171875,0.6860631753758848
831.375,759.375,833.49609375,754.901611328125,2.12109375,-4.473388671875,4.95078225192228
865.125,759.375,867.76171875,754.901611328125,2.63671875,-4.473388671875,5.192638248160673
559.125,760.875,559.37109375,761.9566650390625,0.24609375,1.0816650390625,1.1093067161606578
990.375,766.125,968.54296875,761.9566650390625,-21.83203125,-4.1683349609375,22.226394328535395
863.625,768.375,859.69921875,762.964599609375,-3.92578125,-5.410400390625,6.684623460579266
889.125,768.375,890.94140625,769.0118408203125,1.81640625,0.6368408203125,1.9248111324115311
559.125,772.875,559.37109375,775.05908203125,0.24609375,2.18408203125,2.1979027396630153
883.125,773.625,876.83203125,764.9803466796875,-6.29296875,-8.6446533203125,10.692590271625791
840.375,775.875,840.55078125,777.0748291015625,0.17578125,1.1998291015625,1.2126371760785821
925.125,784.125,912.10546875,770.0196533203125,-13.01953125,-14.1053466796875,19.19554633043555
839.625,788.625,839.54296875,789.1693115234375,-0.08203125,0.5443115234375,0.5504581369399626
884.625,789.375,887.91796875,782.1141357421875,3.29296875,-7.2608642578125,7.9726904466971265
846.375,790.125,848.61328125,788.161376953125,2.23828125,-1.963623046875,2.977535629395595
913.875,790.125,909.08203125,779.090576171875,-4.79296875,-11.034423828125,12.030422214418302
559.875,791.625,559.37109375,791.18505859375,-0.50390625,-0.43994140625,0.6689319470037965
567.375,791.625,564.41015625,792.19287109375,-2.96484375,0.56787109375,3.018737491242139
561.375,796.125,562.39453125,800.2559204101562,1.01953125,4.13092041015625,4.254873371179458
571.875,796.875,572.47265625,797.2322998046875,0.59765625,0.3572998046875,0.6963161233188473
955.875,796.875,932.26171875,794.2086181640625,-23.61328125,-2.6663818359375,23.76334663902833
847.125,799.875,845.58984375,801.2637939453125,-1.53515625,1.3887939453125,2.0701336513497677
835.875,811.125,839.54296875,816.3818969726562,3.66796875,5.25689697265625,6.410067123837239
1026.375,814.875,988.69921875,808.3189086914062,-37.67578125,-6.55609130859375,38.241951127583306
589.125,818.625,587.58984375,819.405517578125,-1.53515625,0.780517578125,1.7221824530740575
1257.375,818.625,1203.36328125,810.3346557617188,-54.01171875,-8.29034423828125,54.64426383362031
913.875,824.625,903.03515625,818.3976440429688,-10.83984375,-6.22735595703125,12.501286923352598
885.375,826.125,883.88671875,822.4291381835938,-1.48828125,-3.69586181640625,3.984266010832016
876.375,829.875,871.79296875,827.468505859375,-4.58203125,-2.406494140625,5.175540978954666
573.375,835.125,574.48828125,835.531494140625,1.11328125,0.406494140625,1.1851719824413753
883.875,835.125,882.87890625,833.5157470703125,-0.99609375,-1.6092529296875,1.8925902225513225
616.125,835.875,615.80859375,835.531494140625,-0.31640625,-0.343505859375,0.46702161669886305
999.375,837.375,975.59765625,833.5157470703125,-23.77734375,-3.8592529296875,24.08850159268869
595.125,838.875,593.63671875,838.5551147460938,-1.48828125,-0.31988525390625,1.5222705589901646
598.875,839.625,598.67578125,839.56298828125,-0.19921875,-0.06201171875,0.20864698323697758
620.625,842.625,617.82421875,841.5787353515625,-2.80078125,-1.0462646484375,2.9898236277281653
624.375,842.625,622.86328125,842.5866088867188,-1.51171875,-0.03839111328125,1.512206155482954
845.625,843.375,844.58203125,840.5708618164062,-1.04296875,-2.80413818359375,2.9918179700919336
1005.375,850.875,981.64453125,851.657470703125,-23.73046875,0.782470703125,23.74336554694754
993.375,851.625,974.58984375,852.6653442382812,-18.78515625,1.04034423828125,18.81394194396908
977.625,852.375,961.48828125,853.6732177734375,-16.13671875,1.2982177734375,16.18885608694668
967.125,853.125,951.41015625,854.6810913085938,-15.71484375,1.55609130859375,15.791698269901026
970.875,853.125,956.44921875,853.6732177734375,-14.42578125,0.5482177734375,14.436194353082268
922.875,856.875,913.11328125,857.7047119140625,-9.76171875,0.8297119140625,9.796916597299317
927.375,856.875,918.15234375,857.7047119140625,-9.22265625,0.8297119140625,9.259903356191215
916.875,857.625,908.07421875,858.7125854492188,-8.80078125,1.08758544921875,8.867727596160355
900.375,858.375,888.92578125,858.7125854492188,-11.44921875,0.33758544921875,11.45419459939789
904.125,858.375,893.96484375,859.720458984375,-10.16015625,1.345458984375,10.248855297205122
907.875,858.375,899.00390625,858.7125854492188,-8.87109375,0.33758544921875,8.87751475677812
892.875,859.125,883.88671875,859.720458984375,-8.98828125,0.595458984375,9.00798374949547
848.625,860.625,848.61328125,860.7283325195312,-0.01171875,0.10333251953125,0.10399489744328162
856.125,860.625,863.73046875,860.7283325195312,7.60546875,0.10333251953125,7.606170686805499
1662.125,556.875,1708.0,547.0,45.875,-9.875,46.92580580022042
1627.625,683.625,1667.0,717.0,39.375,33.375,51.61667608438188
1640.375,701.625,1681.0,732.0,40.625,30.375,50.72505544600222
1581.875,717.375,1655.0,731.0,73.125,13.625,74.38350791674186
1386.875,770.625,1447.0,765.0,60.125,-5.625,60.387550455371176
2216.875,520.125,2189.0,506.0,-27.875,-14.125,31.249499995999937
2033.875,559.875,2036.0,578.0,2.125,18.125,18.249143815532825
3116.375,590.625,3101.0,557.0,-15.375,-33.625,36.97338569836417
3219.125,608.625,3280.0,574.0,60.875,-34.625,70.0332510312066
2984.375,655.875,2969.0,652.0,-15.375,-3.875,15.855795470426578
2766.125,669.375,2829.0,644.0,62.875,-25.375,67.80233218702732
2685.125,675.375,2734.0,682.0,48.875,6.625,49.3219651879363
3610.375,620.625,3552.759765625,631.93359375,-57.615234375,11.30859375,58.71455973341468
4055.625,572.625,4054.68115234375,572.47265625,-0.94384765625,-0.15234375,0.9560632909868889
4104.375,579.375,4101.04345703125,578.51953125,-3.33154296875,-0.85546875,3.439622847763127
4066.125,580.875,4052.665283203125,583.55859375,-13.459716796875,2.68359375,13.724636667945642
4119.375,580.875,4114.1455078125,580.53515625,-5.2294921875,-0.33984375,5.240523095411144
4135.875,583.875,4134.30322265625,584.56640625,-1.57177734375,0.69140625,1.7171274329137218
4143.375,584.625,4141.3583984375,587.58984375,-2.0166015625,2.96484375,3.585663163738544
4147.125,585.375,4146.3974609375,587.58984375,-0.7275390625,2.21484375,2.3312756002621056
4150.875,588.375,4151.43701171875,588.59765625,0.56201171875,0.22265625,0.6045105273495174
4171.875,589.125,4170.58642578125,588.59765625,-1.28857421875,-0.52734375,1.3923056230193267
4162.875,589.875,4165.54736328125,588.59765625,2.67236328125,-1.27734375,2.9619474273925475
4175.625,589.875,4175.6259765625,589.60546875,0.0009765625,-0.26953125,0.2695330191291577
4126.125,593.625,4127.248046875,592.62890625,1.123046875,-0.99609375,1.501145243551179
4114.875,594.375,4115.1533203125,593.63671875,0.2783203125,-0.73828125,0.789000253771607
