matcher,raw_candidate_matches,candidate_matches,inlier_matches,inlier_ratio,ground_truth_correspondence_rmse_px,ground_truth_correspondence_mean_px,ground_truth_correspondence_median_px,ground_truth_correspondence_max_px,ground_truth_registration_rmse_px,ground_truth_registration_mean_px,ground_truth_registration_median_px,ground_truth_registration_max_px,ground_truth_evaluated_points,spatial_coverage,occupied_grid_cells,runtime_seconds,estimated_transformation,ground_truth_transformation,benchmark_id,rotation_deg,scale,translation_x,translation_y
SIFT,5721,5721,5704,0.9970284915224611,0.12599393725395203,0.07366989552974701,0.05362563580274582,2.500542402267456,0.03307761251926422,0.032898105680942535,0.03287560120224953,0.039459701627492905,976,1.0,64,0.9022712000005413,"[[0.9961956686867474, -0.08716170417086214, 40.74378869243025], [0.08715542983098494, 0.9961977998738786, -59.8522568251174]]","[[0.9961946980917455, -0.08715574274765817, 40.71970254063753], [0.08715574274765817, 0.9961946980917455, -59.82279761417992]]",CTRL_001,5.0,1.0,50,-30
LightGlue,2056,2056,1579,0.7679961089494164,1.369652271270752,1.1955292224884033,1.1226190328598022,4.857176780700684,0.40023162961006165,0.3589937388896942,0.3392105996608734,0.8536040186882019,976,1.0,64,1.3091315999990911,"[[0.9958622400327906, -0.08666264895005035, 40.53534486961613], [0.08737402449350835, 0.996149598032489, -60.16193050321868]]","[[0.9961946980917455, -0.08715574274765817, 40.71970254063753], [0.08715574274765817, 0.9961946980917455, -59.82279761417992]]",CTRL_001,5.0,1.0,50,-30
LoFTR,9329,9329,9310,0.9979633401221996,0.612505316734314,0.5366367101669312,0.5000284910202026,3.0308446884155273,0.03114413283765316,0.027389224618673325,0.025163870304822922,0.06765922158956528,976,1.0,64,0.5910365999989153,"[[0.9961713404172715, -0.08711231720341964, 40.69979349244901], [0.08715859656388524, 0.9962110986956461, -59.833974255967476]]","[[0.9961946980917455, -0.08715574274765817, 40.71970254063753], [0.08715574274765817, 0.9961946980917455, -59.82279761417992]]",CTRL_001,5.0,1.0,50,-30
SIFT,5067,5067,5046,0.9958555358200119,0.1681719571352005,0.1007765680551529,0.07812853902578354,2.990929126739502,0.06424552202224731,0.06422450393438339,0.06419552117586136,0.06804467737674713,1003,1.0,64,0.8443593000010878,"[[0.8952829925711446, -0.15786287447696815, 189.42770536912084], [0.15786469630066166, 0.8952822547665846, -22.305911330668188]]","[[0.8952797754656436, -0.15786197969720941, 189.36869611101127], [0.15786197969720941, 0.8952797754656436, -22.282126889256194]]",CTRL_002,10.0,1.1,80,-50
LightGlue,1944,1944,1569,0.8070987654320988,1.3358410596847534,1.1795916557312012,1.108105182647705,4.470800876617432,0.299198180437088,0.2771051228046417,0.23833848536014557,0.6041033267974854,1003,1.0,64,0.44946279999930994,"[[0.8950872210437834, -0.15775823432260136, 189.24150536401314], [0.15759826179778458, 0.8953223303430139, -22.072518258147767]]","[[0.8952797754656436, -0.15786197969720941, 189.36869611101127], [0.15786197969720941, 0.8952797754656436, -22.282126889256194]]",CTRL_002,10.0,1.1,80,-50
LoFTR,8175,8175,8154,0.9974311926605505,0.714327871799469,0.6268681883811951,0.581907331943512,2.5797605514526367,0.09594685584306717,0.08423081785440445,0.08078666031360626,0.1728808730840683,1003,1.0,64,0.47043370000028517,"[[0.8952941915311279, -0.15777434474146143, 189.33863516632846], [0.15784104913093025, 0.8952913806986815, -22.241043831770472]]","[[0.8952797754656436, -0.15786197969720941, 189.36869611101127], [0.15786197969720941, 0.8952797754656436, -22.282126889256194]]",CTRL_002,10.0,1.1,80,-50
SIFT,4181,4181,4156,0.9940205692418081,0.16425572335720062,0.12386211007833481,0.10997556149959564,2.496824264526367,0.10478701442480087,0.1046854704618454,0.10464566200971603,0.11335817724466324,1021,1.0,64,0.7235201000003144,"[[0.7727416335871434, -0.20706294205641812, 353.0817153705035], [0.2070544062700325, 0.7727445287050542, 54.07012743181792]]","[[0.7727406610312546, -0.2070552360820166, 352.9701922231136], [0.2070552360820166, 0.7727406610312546, 54.07532401999643]]",CTRL_003,15.0,1.25,100,-70
LightGlue,1594,1594,1420,0.890840652446675,1.3829418420791626,1.221641182899475,1.1428205966949463,3.991828680038452,0.11075609177350998,0.10447153449058533,0.10663288831710815,0.1876848042011261,1021,1.0,64,0.4730392000019492,"[[0.7727482911760937, -0.20716356457226995, 353.1243705228643], [0.2069883261488516, 0.7728046972327095, 54.12942603341651]]","[[0.7727406610312546, -0.2070552360820166, 352.9701922231136], [0.2070552360820166, 0.7727406610312546, 54.07532401999643]]",CTRL_003,15.0,1.25,100,-70
LoFTR,6504,6504,6463,0.9936961869618696,0.9688143730163574,0.8411800861358643,0.7656709551811218,3.340819835662842,0.1450301557779312,0.1323198825120926,0.12898783385753632,0.26530978083610535,1021,1.0,64,0.458009599999059,"[[0.7727991886293699, -0.20695986844968883, 352.914453912975], [0.2070116098969526, 0.7727900921920045, 54.13896831512476]]","[[0.7727406610312546, -0.2070552360820166, 352.9701922231136], [0.2070552360820166, 0.7727406610312546, 54.07532401999643]]",CTRL_003,15.0,1.25,100,-70
