benchmark_id,matcher,original_inlier_count,uniform_selected_count,refined_count,refined_ransac_inliers,raw_selected_gt_rmse_px,raw_same_subset_gt_rmse_px,geometric_prediction_gt_rmse_px,refined_correspondence_gt_rmse_px,refined_registration_gt_rmse_px,refined_registration_median_px,spatial_coverage,patch_size,max_local_shift,min_phase_response,refined_transformation
CTRL_001,SIFT,5704,320,309,309,0.034415408968925476,0.03453139588236809,0.0329773910343647,0.12048964947462082,0.03170754015445709,0.030307533219456673,1.0,64,3.0,0.05,"[[0.9961803039531002, -0.08716058182834217, 40.767569233346066], [0.08714733828525291, 0.9962067641365192, -59.8174044869304]]"
CTRL_001,LightGlue,1579,320,313,313,0.6178497672080994,0.6187371015548706,0.40120866894721985,0.21216225624084473,0.10423543304204941,0.08117561042308807,1.0,64,3.0,0.05,"[[0.9961614632962325, -0.08709380143551446, 40.69949584292767], [0.08726746998242724, 0.9961717850835057, -59.98634599578546]]"
CTRL_001,LoFTR,9310,320,316,316,0.09701884537935257,0.09676554799079895,0.031121086329221725,0.1299390196800232,0.028132103383541107,0.023918461054563522,1.0,64,3.0,0.05,"[[0.9961695605191754, -0.08713215578135895, 40.731663605666384], [0.08716374479510636, 0.9962151979246023, -59.83931988189583]]"
CTRL_002,SIFT,5046,320,315,315,0.06475834548473358,0.06476298719644547,0.0642312541604042,0.12357616424560547,0.05690892040729523,0.05554186552762985,1.0,64,3.0,0.05,"[[0.8952848159968148, -0.1578465630498567, 189.40261661058128], [0.15786381386686898, 0.8952660384180006, -22.279903620118745]]"
CTRL_002,LightGlue,1569,320,316,316,0.5752890110015869,0.5767263174057007,0.29659608006477356,0.1890370100736618,0.1354077011346817,0.12344036996364594,1.0,64,3.0,0.05,"[[0.8952126512880817, -0.1578221226788439, 189.30131574507564], [0.1577185722818966, 0.8952829784026124, -22.133201226719233]]"
CTRL_002,LoFTR,8154,320,319,319,0.1459687203168869,0.1448519229888916,0.096254862844944,0.1391063928604126,0.07209628075361252,0.05931417644023895,1.0,64,3.0,0.05,"[[0.8952952161037161, -0.15779464177717176, 189.33678412177855], [0.15784758680456207, 0.8952851759397766, -22.24459113632912]]"
CTRL_003,SIFT,4156,320,319,319,0.10539685189723969,0.10540492087602615,0.10484150052070618,0.12458992004394531,0.07374707609415054,0.07341855019330978,1.0,64,3.0,0.05,"[[0.7727402844120816, -0.20704507272769615, 353.0321468802894], [0.20705485610879076, 0.772747129248903, 54.08365672775693]]"
CTRL_003,LightGlue,1420,320,320,320,0.5590950846672058,0.5590950846672058,0.11110198497772217,0.14304004609584808,0.08509112894535065,0.08184976130723953,1.0,64,3.0,0.05,"[[0.7727480740306195, -0.20710053047627835, 353.054637710805], [0.20701169428102958, 0.7727938539091569, 54.11847996881144]]"
CTRL_003,LoFTR,6463,320,320,320,0.20672103762626648,0.20672103762626648,0.14380572736263275,0.14654214680194855,0.10634909570217133,0.09618350863456726,1.0,64,3.0,0.05,"[[0.7727843280636636, -0.20699137493502875, 352.9304139305228], [0.20703503613490895, 0.772771755166988, 54.12588492044938]]"
