source_x,source_y,reference_x,reference_y,confidence,prior_residual_px
592.0,252.0,591.5855,252.11908,0.28922927,0.03771282267599858
894.0,60.0,894.1306,60.253334,0.8953374,0.10147302791039564
624.0,236.0,623.74225,236.14825,0.45087105,0.11651189934278418
892.0,56.0,892.1842,56.040394,0.26114944,0.16218428575227276
902.0,76.0,902.26624,76.22612,0.72178936,0.18185932140005642
592.0,252.0,591.7661,252.03604,0.80550194,0.18245125956070593
656.0,572.0,655.8689,571.9043,0.52721655,0.19579231021556734
860.0,64.0,859.8375,64.23433,0.8783857,0.20408771726659183
637.0,500.0,636.6852,500.23404,0.9757773,0.21196659732428394
916.0,92.0,916.25867,92.326515,0.2663227,0.2183271881371511
469.0,340.0,468.61008,340.06436,0.57078224,0.22230213216329486
876.0,80.0,876.19794,79.956635,0.35744557,0.2464147211231299
894.0,56.0,894.09216,56.451214,0.28279966,0.2866761781161182
637.0,500.0,636.95807,500.0441,0.97987336,0.2899675498374115
836.0,72.0,835.928,72.45176,0.9835902,0.3034284739536039
852.0,60.0,851.91583,59.843124,0.93995863,0.3308484449931429
860.0,60.0,859.89685,60.472652,0.5103769,0.3387234450722461
894.0,72.0,893.9359,71.84189,0.4572829,0.3511517362216503
661.0,572.0,660.3586,571.9663,0.2633307,0.3537282131692721
640.0,500.0,639.6974,500.3947,0.7965124,0.37243509755420584
838.0,72.0,838.35156,72.26499,0.96612656,0.37703046099075765
629.0,492.0,628.4691,491.69162,0.4238181,0.38099169405107136
918.0,88.0,917.7362,88.21729,0.45943978,0.39144162738251626
852.0,64.0,852.2825,63.860355,0.9151926,0.40089616778824033
860.0,64.0,860.4292,64.15434,0.30539778,0.40204754598596915
645.0,500.0,645.0497,499.815,0.8623228,0.42264852352638144
854.0,60.0,853.5884,60.15554,0.51442456,0.42884060343291447
860.0,68.0,859.8165,68.53411,0.65488523,0.43120063680637594
934.0,108.0,934.5828,108.1696,0.40498772,0.4329587504059627
892.0,72.0,892.5114,72.12091,0.5971761,0.43311870208557557
852.0,776.0,852.4047,775.75543,0.38096303,0.43506563974194473
910.0,76.0,910.55725,76.20545,0.73124003,0.44957723449031717
886.0,36.0,885.65906,35.975464,0.9808532,0.4537083129367195
732.0,148.0,732.27594,148.17339,0.28986233,0.4606684416690155
661.0,572.0,660.5214,572.4319,0.8794983,0.46503642351121083
860.0,56.0,859.54236,56.15405,0.9073576,0.4846989584124092
892.0,60.0,892.51514,60.41426,0.72618306,0.5023908075467804
640.0,500.0,640.20123,500.12354,0.9754685,0.5368881995566331
894.0,68.0,893.85876,68.665634,0.6169649,0.5517892084294677
862.0,56.0,862.096,55.61056,0.99062943,0.5545592598633222
844.0,72.0,844.5296,72.33141,0.97270846,0.5572383524447567
878.0,80.0,878.24866,79.62971,0.721746,0.5607719007417341
854.0,64.0,854.5004,64.44379,0.8409335,0.5611872379264655
608.0,452.0,607.10767,452.28412,0.35176152,0.5711152825433632
852.0,72.0,852.02203,71.58451,0.32417214,0.5715614060782742
900.0,76.0,900.48486,76.57791,0.715279,0.5725029189050309
648.0,500.0,648.0314,499.56534,0.20018424,0.5734520785003226
846.0,792.0,846.4526,792.34814,0.6108482,0.5746582997706153
553.0,752.0,553.0525,751.69604,0.32790083,0.5752056610876081
884.0,76.0,884.65186,76.11311,0.6196694,0.5866173901835895
876.0,44.0,875.8613,43.604984,0.38340744,0.592721445185765
934.0,100.0,934.7027,100.38786,0.83582777,0.598777610565087
838.0,76.0,838.5403,76.503334,0.43153057,0.6510972634000007
892.0,68.0,892.2191,68.80772,0.6531637,0.6611353298620122
878.0,76.0,878.7134,76.293144,0.87603307,0.6700848236008135
624.0,460.0,624.31177,460.12048,0.25863445,0.6710719109071703
908.0,192.0,908.4195,192.72816,0.597772,0.6728373790556231
734.0,148.0,733.9313,148.79276,0.24353464,0.6780425616133785
910.0,192.0,910.50665,192.70947,0.47088987,0.6997137635868631
870.0,48.0,870.5749,47.703106,0.95436525,0.7036455515897723
584.0,580.0,584.2625,579.8049,0.35275418,0.7057599778699308
884.0,40.0,884.1425,39.44358,0.90927607,0.7281387101556078
934.0,104.0,933.98566,104.86944,0.31043604,0.7314616543554787
910.0,84.0,910.86,84.18336,0.51673716,0.7503538236338132
886.0,52.0,886.18726,51.402218,0.50066525,0.7716211201718183
852.0,64.0,852.62274,63.680294,0.901874,0.7738546131615193
836.0,76.0,836.7661,76.2661,0.74097294,0.7863775828001986
846.0,796.0,846.2961,796.7071,0.55683714,0.7878971481633353
924.0,88.0,923.4317,88.52007,0.9529216,0.7886297096636723
656.0,204.0,656.3386,203.64056,0.92674214,0.7921629498260898
584.0,580.0,584.3079,579.6222,0.5043277,0.8155955469055827
862.0,64.0,862.1183,64.979355,0.45157218,0.8248839316139606
950.0,124.0,950.2355,124.99068,0.67237526,0.8394575853866408
852.0,768.0,852.49115,768.68164,0.25975212,0.8425886307569957
868.0,76.0,868.15027,76.99975,0.3317757,0.8501252853714347
734.0,148.0,734.5069,148.64523,0.30608612,0.8614373367518166
862.0,60.0,861.7707,60.985294,0.62299615,0.8650124167866686
844.0,796.0,844.8502,796.2224,0.42384169,0.8714647823135498
846.0,788.0,846.8878,787.8592,0.4694764,0.8755015759552258
868.0,80.0,868.0944,81.0401,0.33567026,0.8860342990049596
509.0,380.0,507.62543,380.36597,0.548894,0.8917625500245414
892.0,64.0,891.7471,64.99129,0.5586791,0.8932133857436467
854.0,76.0,854.7831,76.63161,0.20768882,0.9016678190640314
844.0,76.0,844.9053,76.124596,0.91453755,0.9046948566981381
718.0,160.0,718.31305,159.36768,0.64418775,0.9124186720460815
846.0,72.0,846.76953,72.6757,0.91282934,0.9253997080112668
886.0,40.0,886.7207,39.505764,0.93427974,0.9287073347818738
910.0,72.0,910.4674,73.02426,0.70940155,0.9332093734291417
653.0,572.0,653.62787,571.9347,0.46976137,0.9337907200162218
878.0,52.0,877.825,51.259098,0.97832817,0.9340421177644535
894.0,56.0,895.01,56.00654,0.902799,0.9403528132128809
740.0,144.0,739.04144,144.65791,0.2405641,0.9524354690523293
854.0,780.0,854.35925,779.06854,0.81531185,0.9628250992383243
870.0,76.0,870.4463,77.0478,0.4367725,0.9775125414641161
910.0,80.0,911.0075,79.748375,0.7921855,0.987560379915659
469.0,340.0,468.92752,340.8806,0.2278762,0.9938247228390816
894.0,64.0,893.1018,64.326065,0.6582696,0.9949301052906383
916.0,88.0,917.05743,87.789276,0.5855059,1.0076558543760987
854.0,64.0,853.56024,63.258106,0.78713924,1.009566390260629
900.0,72.0,899.915,73.161606,0.34719196,1.0161515105635786
469.0,340.0,469.2596,339.50018,0.9160161,1.0277281488315948
908.0,92.0,908.83124,92.89327,0.22905615,1.0328848423143038
876.0,76.0,876.9022,76.760796,0.7418104,1.040991864323564
900.0,60.0,899.6868,59.199833,0.91626155,1.0465187122561024
892.0,52.0,891.7452,53.158047,0.33795324,1.047398987958599
589.0,260.0,589.3047,260.8399,0.278745,1.0474382992111908
916.0,160.0,916.6422,159.21284,0.34403968,1.0636474107904763
894.0,48.0,894.8273,47.405003,0.6862166,1.0650632319561615
908.0,76.0,909.10614,75.781265,0.8310736,1.0693072054150228
868.0,52.0,868.8843,51.49822,0.8875683,1.0744359424621246
934.0,104.0,934.3794,103.10656,0.3361698,1.0748812777350862
537.0,420.0,536.48914,418.94992,0.22031468,1.0825862990993516
876.0,52.0,876.71295,51.286495,0.96036553,1.0976064507919094
934.0,100.0,933.4409,101.01651,0.47886997,1.1136546116954453
876.0,48.0,875.73474,47.09573,0.96676934,1.1154856852818344
854.0,764.0,855.0534,764.442,0.62140566,1.1215353346302608
624.0,236.0,622.97644,236.99359,0.25701427,1.1228383642576942
934.0,108.0,933.9091,107.05139,0.3090443,1.1302459701593246
844.0,792.0,844.6943,792.916,0.36529946,1.1638026366290997
910.0,196.0,911.0965,196.76573,0.37013078,1.171342698574143
900.0,60.0,901.2313,59.787514,0.98618615,1.199038477106218
648.0,572.0,648.54767,572.84924,0.35993266,1.2042302312434687
894.0,52.0,893.04895,52.80507,0.5388259,1.2157161449982534
740.0,148.0,741.0521,148.08081,0.56024873,1.221730352738035
910.0,80.0,911.16626,80.78784,0.2724435,1.2286975230801982
774.0,800.0,774.6378,798.9687,0.5930991,1.2354357830677327
846.0,76.0,847.25775,76.16175,0.92815703,1.2534161843036904
852.0,780.0,852.886,779.0579,0.8889616,1.2542927844058611
902.0,72.0,901.7258,73.37693,0.5328931,1.2707786359559918
433.0,636.0,431.89243,637.1594,0.4067829,1.2733744366910837
894.0,60.0,895.21204,59.566666,0.76918787,1.2770325266283353
926.0,100.0,927.22205,100.84537,0.3032284,1.2852906466126626
908.0,80.0,909.2095,79.46279,0.7293757,1.304755362050238
910.0,88.0,911.276,88.77442,0.5062226,1.3187318300474167
846.0,80.0,847.1898,79.55425,0.9742565,1.328152781279864
892.0,60.0,893.36694,59.822834,0.61574167,1.3314085438635406
774.0,796.0,774.7769,796.9652,0.2204136,1.3321841314055725
718.0,164.0,716.99225,163.04626,0.66167,1.3390654409234692
908.0,72.0,908.90137,73.241104,0.42307606,1.340202760817334
541.0,760.0,541.46356,760.91046,0.22889647,1.3523063247823395
894.0,52.0,895.38544,51.798668,0.82922566,1.3532012239307696
656.0,204.0,655.31445,205.41614,0.9893633,1.3689322431124138
852.0,764.0,852.9431,765.00867,0.4856038,1.3775961702499744
862.0,60.0,860.94,59.317818,0.99072057,1.3778710676439325
924.0,100.0,924.9801,101.24599,0.24659431,1.3796938014184255
766.0,800.0,766.8811,800.9243,0.5187451,1.3846184511465685
854.0,80.0,855.3763,80.55493,0.37239817,1.4165241404028532
732.0,148.0,732.6185,146.95267,0.44000363,1.4183342023056844
878.0,44.0,878.4114,42.791206,0.5220325,1.4199091739549674
924.0,92.0,924.66174,93.481766,0.7301622,1.4247257653551204
734.0,148.0,734.4237,146.8024,0.21463673,1.4521497079340033
846.0,780.0,847.3564,779.3207,0.35331932,1.4878371771552967
860.0,60.0,858.6461,59.604626,0.9844242,1.4884547988902712
908.0,196.0,907.41064,197.45929,0.3265729,1.5014322249333154
844.0,80.0,845.35596,79.481804,0.9344895,1.5120002468313292
576.0,468.0,576.0512,469.4571,0.20415723,1.5121735999826769
742.0,148.0,743.1175,148.93506,0.45998582,1.517584753289624
870.0,52.0,871.4234,51.521873,0.8373114,1.5217001174323876
918.0,96.0,917.6111,97.60178,0.30978304,1.5329472317128177
473.0,340.0,473.80524,339.4267,0.43219444,1.5401046228238493
854.0,68.0,855.04865,66.97569,0.35387135,1.5683206069352962
862.0,68.0,860.6089,68.82454,0.676453,1.570113273177577
892.0,40.0,892.0517,38.594448,0.8745632,1.574374502991786
884.0,52.0,882.6491,51.434383,0.2605142,1.5944284396082946
616.0,468.0,616.33734,466.58594,0.21342695,1.605202605212803
894.0,40.0,893.0789,38.900894,0.9232308,1.6171486555714847
870.0,56.0,871.4011,55.249676,0.95934945,1.6357413988002591
852.0,76.0,853.6227,76.49908,0.39332864,1.6448265740894512
902.0,80.0,903.4678,81.08012,0.78385025,1.6515039048218019
814.0,800.0,812.8477,801.18726,0.3395306,1.6575142387411503
742.0,148.0,743.02466,149.28267,0.52071756,1.6606539471573565
900.0,68.0,899.6386,69.77473,0.45956028,1.6753313479893628
718.0,164.0,716.79254,162.72533,0.33523417,1.7159641000984214
902.0,68.0,902.1063,69.888824,0.81910175,1.7263875487192182
926.0,92.0,927.41077,93.37914,0.609566,1.7642546462283004
645.0,212.0,643.75555,213.61584,0.7389848,1.77544092034054
629.0,236.0,627.1952,237.10913,0.2119729,1.7765016849864241
916.0,96.0,915.2868,94.58136,0.21975496,1.7822610171031157
886.0,72.0,887.5605,71.15264,0.8560977,1.798641367185842
900.0,80.0,901.6256,81.11525,0.41698384,1.805993182613616
852.0,80.0,853.79596,80.45311,0.66704714,1.8065671805964196
772.0,800.0,773.6567,799.5401,0.5703568,1.8083486035377054
868.0,56.0,868.3291,54.37503,0.58283603,1.8100398675782445
870.0,72.0,871.2256,73.52901,0.817468,1.8100522648303252
862.0,56.0,862.6828,54.449627,0.5004256,1.8317432794685744
908.0,88.0,909.5221,89.332504,0.47980464,1.839172721331522
700.0,172.0,700.6728,170.5112,0.46324593,1.8415159377844392
768.0,800.0,769.1575,801.30444,0.36126202,1.8470318034914097
433.0,640.0,433.72748,641.2217,0.32069835,1.87550363593894
892.0,52.0,893.96594,52.160057,0.7524228,1.8862817635335363
900.0,64.0,900.87,65.88651,0.7421761,1.8902627240382286
892.0,48.0,890.2586,48.730236,0.3752846,1.9062349205784852
766.0,796.0,766.21313,797.839,0.30873853,1.9063570655151858
894.0,64.0,895.86005,63.449673,0.6598085,1.9145265665049045
916.0,96.0,915.3983,97.93156,0.37209606,1.9159548782036164
902.0,64.0,902.93823,65.90325,0.9175312,1.9327258876236468
878.0,44.0,878.7797,42.36093,0.9698039,1.9446230884506486
688.0,180.0,689.27374,178.87914,0.22551325,1.9620885309344183
868.0,56.0,869.4527,54.795452,0.95836186,1.965260869827632
892.0,64.0,894.07666,63.86519,0.84898895,2.0187360043930056
886.0,72.0,888.0264,71.50021,0.68106896,2.0643973901638857
862.0,64.0,860.17285,63.25788,0.9207045,2.0647187669391442
812.0,800.0,810.5703,801.51575,0.3461877,2.0851499030215894
884.0,76.0,885.0745,74.321976,0.29220533,2.094703905935397
846.0,84.0,847.1189,82.371445,0.5699562,2.100762596334261
441.0,636.0,442.36932,635.3794,0.232379,2.1041707079876604
886.0,76.0,887.63806,74.75227,0.33873913,2.10615090699272
878.0,48.0,876.7753,46.435024,0.9234902,2.1527304262885143
892.0,72.0,894.1144,72.91265,0.41748652,2.1689327594314616
700.0,176.0,700.8777,174.24884,0.8272305,2.170392780099185
924.0,96.0,925.51697,97.862915,0.31524077,2.195977191810939
776.0,800.0,775.31604,802.1135,0.52115417,2.231826051557078
894.0,48.0,891.9885,49.032883,0.33692878,2.2663904518240963
894.0,68.0,896.3089,68.61291,0.6324482,2.270890650957857
902.0,192.0,901.5896,194.38307,0.39567345,2.309393410192547
844.0,84.0,845.9312,82.86854,0.49270624,2.3178173769122434
605.0,452.0,602.5205,453.02435,0.38246545,2.3179801124596255
942.0,120.0,943.4597,122.0768,0.2736338,2.3193582776422756
868.0,52.0,869.92236,50.710625,0.3645328,2.377386166920991
553.0,756.0,554.79535,756.77606,0.61437845,2.406491516329153
892.0,48.0,894.40656,47.462597,0.5386964,2.4311127553000444
892.0,44.0,893.433,42.1351,0.5825621,2.441878774192026
838.0,72.0,835.81244,73.29748,0.32308602,2.4602635643605826
553.0,760.0,554.68494,761.2312,0.5963143,2.5035632959209635
902.0,84.0,904.2074,85.63358,0.28206605,2.5750315245771516
742.0,144.0,740.15405,146.08961,0.27992824,2.584743689673373
908.0,84.0,910.50684,85.14481,0.710499,2.594680073223938
852.0,68.0,853.7543,66.232445,0.5816256,2.59468151117389
696.0,180.0,697.8242,178.51791,0.32952327,2.608222376174096
653.0,572.0,655.36725,572.0707,0.615115,2.6712345997068896
892.0,68.0,894.6435,68.97673,0.94089764,2.690027177845395
764.0,800.0,765.6211,802.04504,0.20635688,2.7139405110435852
568.0,580.0,569.7744,578.4226,0.27483326,2.718248877372096
870.0,48.0,871.80994,46.06192,0.5299911,2.745952050283107
886.0,44.0,887.65704,41.89081,0.3257218,2.774985761901338
870.0,76.0,872.20337,77.91706,0.6107595,2.7859034500769577
784.0,140.0,785.65204,142.30493,0.50042844,2.7897210257251848
645.0,492.0,642.41956,490.37952,0.25011477,2.79783919978526
884.0,48.0,884.89136,45.467834,0.55097294,2.821133972279565
337.0,476.0,339.0255,475.735,0.25054502,2.8635801885752943
868.0,72.0,869.8898,74.4472,0.42776945,2.942996856135382
886.0,48.0,888.4021,46.17031,0.5959766,3.0695899773954296
870.0,72.0,871.8406,75.36181,0.72567636,3.6732658763481765
704.0,172.0,706.6116,169.68758,0.21560557,3.7349820623176058
