source_x,source_y,reference_x,reference_y,confidence,prior_residual_px,final_residual_px
592.0,252.0,591.5855,252.11908,0.28922927,0.03771282267599858,0.45103377953030505
894.0,60.0,894.1306,60.253334,0.8953374,0.10147302791039564,0.45176838249549256
624.0,236.0,623.74225,236.14825,0.45087105,0.11651189934278418,0.36289475745427224
892.0,56.0,892.1842,56.040394,0.26114944,0.16218428575227276,0.43919446605355195
902.0,76.0,902.26624,76.22612,0.72178936,0.18185932140005642,0.34445614409643766
592.0,252.0,591.7661,252.03604,0.80550194,0.18245125956070593,0.25423324182182866
656.0,572.0,655.8689,571.9043,0.52721655,0.19579231021556734,0.5340131125908036
860.0,64.0,859.8375,64.23433,0.8783857,0.20408771726659183,0.6713280591596524
637.0,500.0,636.6852,500.23404,0.9757773,0.21196659732428394,0.5799992627135409
916.0,92.0,916.25867,92.326515,0.2663227,0.2183271881371511,0.393680993428137
469.0,340.0,468.61008,340.06436,0.57078224,0.22230213216329486,0.2630932740136291
876.0,80.0,876.19794,79.956635,0.35744557,0.2464147211231299,0.44855844472499695
894.0,56.0,894.09216,56.451214,0.28279966,0.2866761781161182,0.5308380367049926
637.0,500.0,636.95807,500.0441,0.97987336,0.2899675498374115,0.30346002474937545
836.0,72.0,835.928,72.45176,0.9835902,0.3034284739536039,0.5952065101845622
852.0,60.0,851.91583,59.843124,0.93995863,0.3308484449931429,0.6725281396887107
860.0,60.0,859.89685,60.472652,0.5103769,0.3387234450722461,0.6652554558079131
894.0,72.0,893.9359,71.84189,0.4572829,0.3511517362216503,0.7689676374209874
661.0,572.0,660.3586,571.9663,0.2633307,0.3537282131692721,1.0091205137210373
640.0,500.0,639.6974,500.3947,0.7965124,0.37243509755420584,0.6262577375981526
838.0,72.0,838.35156,72.26499,0.96612656,0.37703046099075765,0.13749973615249336
629.0,492.0,628.4691,491.69162,0.4238181,0.38099169405107136,0.8658242965326974
918.0,88.0,917.7362,88.21729,0.45943978,0.39144162738251626,0.9177742727242557
852.0,64.0,852.2825,63.860355,0.9151926,0.40089616778824033,0.3963763278423818
860.0,64.0,860.4292,64.15434,0.30539778,0.40204754598596915,0.09490941079127249
645.0,500.0,645.0497,499.815,0.8623228,0.42264852352638144,0.3805324019551014
854.0,60.0,853.5884,60.15554,0.51442456,0.42884060343291447,0.9052379947538284
860.0,68.0,859.8165,68.53411,0.65488523,0.43120063680637594,0.7666928215614465
934.0,108.0,934.5828,108.1696,0.40498772,0.4329587504059627,0.17889923814294614
892.0,72.0,892.5114,72.12091,0.5971761,0.43311870208557557,0.14452085684353375
852.0,776.0,852.4047,775.75543,0.38096303,0.43506563974194473,0.8530029311647056
910.0,76.0,910.55725,76.20545,0.73124003,0.44957723449031717,0.09324856065309016
886.0,36.0,885.65906,35.975464,0.9808532,0.4537083129367195,0.9262676316714406
732.0,148.0,732.27594,148.17339,0.28986233,0.4606684416690155,0.07976656275792342
661.0,572.0,660.5214,572.4319,0.8794983,0.46503642351121083,0.8666723790875202
860.0,56.0,859.54236,56.15405,0.9073576,0.4846989584124092,0.9627317182821529
892.0,60.0,892.51514,60.41426,0.72618306,0.5023908075467804,0.18404763774271563
640.0,500.0,640.20123,500.12354,0.9754685,0.5368881995566331,0.058637990963675446
894.0,68.0,893.85876,68.665634,0.6169649,0.5517892084294677,0.840104809427357
862.0,56.0,862.096,55.61056,0.99062943,0.5545592598633222,0.7243493428755154
844.0,72.0,844.5296,72.33141,0.97270846,0.5572383524447567,0.14923295370501488
878.0,80.0,878.24866,79.62971,0.721746,0.5607719007417341,0.6776298791954131
854.0,64.0,854.5004,64.44379,0.8409335,0.5611872379264655,0.24376402051092616
608.0,452.0,607.10767,452.28412,0.35176152,0.5711152825433632,1.0757542786311938
852.0,72.0,852.02203,71.58451,0.32417214,0.5715614060782742,0.776728315694361
900.0,76.0,900.48486,76.57791,0.715279,0.5725029189050309,0.34350232056542124
648.0,500.0,648.0314,499.56534,0.20018424,0.5734520785003226,0.6141780792520959
846.0,792.0,846.4526,792.34814,0.6108482,0.5746582997706153,0.44612267341346185
553.0,752.0,553.0525,751.69604,0.32790083,0.5752056610876081,0.44458755857237486
884.0,76.0,884.65186,76.11311,0.6196694,0.5866173901835895,0.1500201402917812
876.0,44.0,875.8613,43.604984,0.38340744,0.592721445185765,0.9089454184264668
934.0,100.0,934.7027,100.38786,0.83582777,0.598777610565087,0.08544366963146846
838.0,76.0,838.5403,76.503334,0.43153057,0.6510972634000007,0.32546772908066374
892.0,68.0,892.2191,68.80772,0.6531637,0.6611353298620122,0.6704710886645651
878.0,76.0,878.7134,76.293144,0.87603307,0.6700848236008135,0.16965480221281065
624.0,460.0,624.31177,460.12048,0.25863445,0.6710719109071703,0.11549411780210914
908.0,192.0,908.4195,192.72816,0.597772,0.6728373790556231,0.499184008819615
734.0,148.0,733.9313,148.79276,0.24353464,0.6780425616133785,0.7758171284108779
910.0,192.0,910.50665,192.70947,0.47088987,0.6997137635868631,0.44099781568936003
870.0,48.0,870.5749,47.703106,0.95436525,0.7036455515897723,0.5118514232091398
584.0,580.0,584.2625,579.8049,0.35275418,0.7057599778699308,0.2926839589030462
884.0,40.0,884.1425,39.44358,0.90927607,0.7281387101556078,0.8806172488715627
934.0,104.0,933.98566,104.86944,0.31043604,0.7314616543554787,0.9082508277076083
910.0,84.0,910.86,84.18336,0.51673716,0.7503538236338132,0.2442902468525123
886.0,52.0,886.18726,51.402218,0.50066525,0.7716211201718183,0.9092049040286804
852.0,64.0,852.62274,63.680294,0.901874,0.7738546131615193,0.5342164420908389
836.0,76.0,836.7661,76.2661,0.74097294,0.7863775828001986,0.31568665650425926
846.0,796.0,846.2961,796.7071,0.55683714,0.7878971481633353,0.6420710467072683
924.0,88.0,923.4317,88.52007,0.9529216,0.7886297096636723,1.255329628171679
656.0,204.0,656.3386,203.64056,0.92674214,0.7921629498260898,0.44135118668179546
584.0,580.0,584.3079,579.6222,0.5043277,0.8155955469055827,0.4808025424564651
862.0,64.0,862.1183,64.979355,0.45157218,0.8248839316139606,0.8654415263230723
950.0,124.0,950.2355,124.99068,0.67237526,0.8394575853866408,0.8339779205276248
852.0,768.0,852.49115,768.68164,0.25975212,0.8425886307569957,0.45522209280597975
868.0,76.0,868.15027,76.99975,0.3317757,0.8501252853714347,0.8684703428296768
734.0,148.0,734.5069,148.64523,0.30608612,0.8614373367518166,0.5967976673842542
862.0,60.0,861.7707,60.985294,0.62299615,0.8650124167866686,1.0733947289580863
844.0,796.0,844.8502,796.2224,0.42384169,0.8714647823135498,0.23523476091691606
846.0,788.0,846.8878,787.8592,0.4694764,0.8755015759552258,0.5954787111718377
868.0,80.0,868.0944,81.0401,0.33567026,0.8860342990049596,0.9296439423442776
509.0,380.0,507.62543,380.36597,0.548894,0.8917625500245414,1.3462476454645442
892.0,64.0,891.7471,64.99129,0.5586791,0.8932133857436467,1.1199425478031968
854.0,76.0,854.7831,76.63161,0.20768882,0.9016678190640314,0.5115739255939717
844.0,76.0,844.9053,76.124596,0.91453755,0.9046948566981381,0.43162020855350675
718.0,160.0,718.31305,159.36768,0.64418775,0.9124186720460815,0.7183268244448534
846.0,72.0,846.76953,72.6757,0.91282934,0.9253997080112668,0.5612706291834478
886.0,40.0,886.7207,39.505764,0.93427974,0.9287073347818738,0.7406492384497066
910.0,72.0,910.4674,73.02426,0.70940155,0.9332093734291417,0.774694585667121
653.0,572.0,653.62787,571.9347,0.46976137,0.9337907200162218,0.37395691023943406
878.0,52.0,877.825,51.259098,0.97832817,0.9340421177644535,1.2009570819026603
894.0,56.0,895.01,56.00654,0.902799,0.9403528132128809,0.4902243437249291
740.0,144.0,739.04144,144.65791,0.2405641,0.9524354690523293,1.3615746580365509
854.0,780.0,854.35925,779.06854,0.81531185,0.9628250992383243,1.4922796380087195
870.0,76.0,870.4463,77.0478,0.4367725,0.9775125414641161,0.8304351146570252
910.0,80.0,911.0075,79.748375,0.7921855,0.987560379915659,0.6431757900208199
469.0,340.0,468.92752,340.8806,0.2278762,0.9938247228390816,1.0212052540873602
894.0,64.0,893.1018,64.326065,0.6582696,0.9949301052906383,1.4849331954443319
916.0,88.0,917.05743,87.789276,0.5855059,1.0076558543760987,0.6382239329439653
854.0,64.0,853.56024,63.258106,0.78713924,1.009566390260629,1.3269486780441848
900.0,72.0,899.915,73.161606,0.34719196,1.0161515105635786,1.138159949557775
469.0,340.0,469.2596,339.50018,0.9160161,1.0277281488315948,0.5999986596265551
908.0,92.0,908.83124,92.89327,0.22905615,1.0328848423143038,0.6537144875169656
876.0,76.0,876.9022,76.760796,0.7418104,1.040991864323564,0.6372802253475983
900.0,60.0,899.6868,59.199833,0.91626155,1.0465187122561024,1.3889941927580993
892.0,52.0,891.7452,53.158047,0.33795324,1.047398987958599,1.2376321383450009
589.0,260.0,589.3047,260.8399,0.278745,1.0474382992111908,0.9139671880205305
916.0,160.0,916.6422,159.21284,0.34403968,1.0636474107904763,1.092598118551803
894.0,48.0,894.8273,47.405003,0.6862166,1.0650632319561615,0.8712353871655827
908.0,76.0,909.10614,75.781265,0.8310736,1.0693072054150228,0.6839047515110792
868.0,52.0,868.8843,51.49822,0.8875683,1.0744359424621246,0.8010638801603173
934.0,104.0,934.3794,103.10656,0.3361698,1.0748812777350862,1.239024919413594
537.0,420.0,536.48914,418.94992,0.22031468,1.0825862990993516,1.1377690858998164
876.0,52.0,876.71295,51.286495,0.96036553,1.0976064507919094,0.9502244356820677
934.0,100.0,933.4409,101.01651,0.47886997,1.1136546116954453,1.4424233295917415
876.0,48.0,875.73474,47.09573,0.96676934,1.1154856852818344,1.3792189711658784
854.0,764.0,855.0534,764.442,0.62140566,1.1215353346302608,0.1662429582967722
624.0,236.0,622.97644,236.99359,0.25701427,1.1228383642576942,1.4783845931391237
934.0,108.0,933.9091,107.05139,0.3090443,1.1302459701593246,1.4822704391501595
844.0,792.0,844.6943,792.916,0.36529946,1.1638026366290997,0.49842688063114704
910.0,196.0,911.0965,196.76573,0.37013078,1.171342698574143,0.6070579514219765
900.0,60.0,901.2313,59.787514,0.98618615,1.199038477106218,0.7861497096175154
648.0,572.0,648.54767,572.84924,0.35993266,1.2042302312434687,0.7320023826366941
894.0,52.0,893.04895,52.80507,0.5388259,1.2157161449982534,1.6297353968531276
740.0,148.0,741.0521,148.08081,0.56024873,1.221730352738035,0.7660703414295064
910.0,80.0,911.16626,80.78784,0.2724435,1.2286975230801982,0.7468630216883009
774.0,800.0,774.6378,798.9687,0.5930991,1.2354357830677327,1.412575948251304
846.0,76.0,847.25775,76.16175,0.92815703,1.2534161843036904,0.7748537345871772
852.0,780.0,852.886,779.0579,0.8889616,1.2542927844058611,1.4005543660484634
902.0,72.0,901.7258,73.37693,0.5328931,1.2707786359559918,1.4251691645776654
433.0,636.0,431.89243,637.1594,0.4067829,1.2733744366910837,1.5667378679662163
894.0,60.0,895.21204,59.566666,0.76918787,1.2770325266283353,0.9244627815110461
926.0,100.0,927.22205,100.84537,0.3032284,1.2852906466126626,0.7757665775733809
908.0,80.0,909.2095,79.46279,0.7293757,1.304755362050238,0.9937530129892495
910.0,88.0,911.276,88.77442,0.5062226,1.3187318300474167,0.8156021287440212
846.0,80.0,847.1898,79.55425,0.9742565,1.328152781279864,0.9532002801101979
892.0,60.0,893.36694,59.822834,0.61574167,1.3314085438635406,0.8931944724619173
774.0,796.0,774.7769,796.9652,0.2204136,1.3321841314055725,0.5904921487069824
718.0,164.0,716.99225,163.04626,0.66167,1.3390654409234692,1.6276000282713512
908.0,72.0,908.90137,73.241104,0.42307606,1.340202760817334,1.0171784440517246
541.0,760.0,541.46356,760.91046,0.22889647,1.3523063247823395,0.8548548786677813
894.0,52.0,895.38544,51.798668,0.82922566,1.3532012239307696,0.9206230003296187
656.0,204.0,655.31445,205.41614,0.9893633,1.3689322431124138,1.6086700417322695
852.0,764.0,852.9431,765.00867,0.4856038,1.3775961702499744,0.5592489568596207
862.0,60.0,860.94,59.317818,0.99072057,1.3778710676439325,1.805062719644749
924.0,100.0,924.9801,101.24599,0.24659431,1.3796938014184255,1.002873188974731
766.0,800.0,766.8811,800.9243,0.5187451,1.3846184511465685,0.5805438705867012
854.0,80.0,855.3763,80.55493,0.37239817,1.4165241404028532,0.9396888068440665
732.0,148.0,732.6185,146.95267,0.44000363,1.4183342023056844,1.1937939938064246
878.0,44.0,878.4114,42.791206,0.5220325,1.4199091739549674,1.434040415456966
924.0,92.0,924.66174,93.481766,0.7301622,1.4247257653551204,1.1930729262202444
734.0,148.0,734.4237,146.8024,0.21463673,1.4521497079340033,1.3025717847159786
846.0,780.0,847.3564,779.3207,0.35331932,1.4878371771552967,1.2277949819258558
860.0,60.0,858.6461,59.604626,0.9844242,1.4884547988902712,1.9545320625330944
908.0,196.0,907.41064,197.45929,0.3265729,1.5014322249333154,1.7206738683442204
844.0,80.0,845.35596,79.481804,0.9344895,1.5120002468313292,1.1283138554129206
576.0,468.0,576.0512,469.4571,0.20415723,1.5121735999826769,1.4222034150055225
742.0,148.0,743.1175,148.93506,0.45998582,1.517584753289624,1.171336634508109
870.0,52.0,871.4234,51.521873,0.8373114,1.5217001174323876,1.13468712265892
918.0,96.0,917.6111,97.60178,0.30978304,1.5329472317128177,1.6824037793313975
473.0,340.0,473.80524,339.4267,0.43219444,1.5401046228238493,1.1042684657065063
854.0,68.0,855.04865,66.97569,0.35387135,1.5683206069352962,1.3442216660229436
862.0,68.0,860.6089,68.82454,0.676453,1.570113273177577,2.0025908044143237
892.0,40.0,892.0517,38.594448,0.8745632,1.574374502991786,1.7184239047435492
884.0,52.0,882.6491,51.434383,0.2605142,1.5944284396082946,2.0653700053410686
616.0,468.0,616.33734,466.58594,0.21342695,1.605202605212803,1.5019954857327615
894.0,40.0,893.0789,38.900894,0.9232308,1.6171486555714847,2.0023525582941857
870.0,56.0,871.4011,55.249676,0.95934945,1.6357413988002591,1.3028821743138825
852.0,76.0,853.6227,76.49908,0.39332864,1.6448265740894512,1.1640843518375608
902.0,80.0,903.4678,81.08012,0.78385025,1.6515039048218019,1.18592296494582
742.0,148.0,743.02466,149.28267,0.52071756,1.6606539471573565,1.387426219189543
900.0,68.0,899.6386,69.77473,0.45956028,1.6753313479893628,1.8000257927780945
718.0,164.0,716.79254,162.72533,0.33523417,1.7159641000984214,1.9897012536885617
902.0,68.0,902.1063,69.888824,0.81910175,1.7263875487192182,1.7078381915183942
926.0,92.0,927.41077,93.37914,0.609566,1.7642546462283004,1.3152844747632044
645.0,212.0,643.75555,213.61584,0.7389848,1.77544092034054,2.0928390117090703
629.0,236.0,627.1952,237.10913,0.2119729,1.7765016849864241,2.1875242147512965
886.0,72.0,887.5605,71.15264,0.8560977,1.798641367185842,1.4692825606045041
900.0,80.0,901.6256,81.11525,0.41698384,1.805993182613616,1.331723370658718
852.0,80.0,853.79596,80.45311,0.66704714,1.8065671805964196,1.3204044853039183
772.0,800.0,773.6567,799.5401,0.5703568,1.8083486035377054,1.2525101554143445
868.0,56.0,868.3291,54.37503,0.58283603,1.8100398675782445,1.8478979427676243
870.0,72.0,871.2256,73.52901,0.817468,1.8100522648303252,1.4790917968172819
862.0,56.0,862.6828,54.449627,0.5004256,1.8317432794685744,1.7651593762521134
908.0,88.0,909.5221,89.332504,0.47980464,1.839172721331522,1.3882704024863652
700.0,172.0,700.6728,170.5112,0.46324593,1.8415159377844392,1.6229893750038742
768.0,800.0,769.1575,801.30444,0.36126202,1.8470318034914097,1.0324175088497163
433.0,640.0,433.72748,641.2217,0.32069835,1.87550363593894,1.5413857625470422
892.0,52.0,893.96594,52.160057,0.7524228,1.8862817635335363,1.3948365500674298
900.0,64.0,900.87,65.88651,0.7421761,1.8902627240382286,1.6573633172148505
892.0,48.0,890.2586,48.730236,0.3752846,1.9062349205784852,2.3645023492423487
766.0,796.0,766.21313,797.839,0.30873853,1.9063570655151858,1.5521629090113083
894.0,64.0,895.86005,63.449673,0.6598085,1.9145265665049045,1.503116180318146
916.0,96.0,915.3983,97.93156,0.37209606,1.9159548782036164,2.072417388594725
902.0,64.0,902.93823,65.90325,0.9175312,1.9327258876236468,1.6832165050740826
878.0,44.0,878.7797,42.36093,0.9698039,1.9446230884506486,1.8744914258670298
688.0,180.0,689.27374,178.87914,0.22551325,1.9620885309344183,1.6016149392577406
868.0,56.0,869.4527,54.795452,0.95836186,1.965260869827632,1.6957997635316624
892.0,64.0,894.07666,63.86519,0.84898895,2.0187360043930056,1.5434929180284471
886.0,72.0,888.0264,71.50021,0.68106896,2.0643973901638857,1.6320679826734932
884.0,76.0,885.0745,74.321976,0.29220533,2.094703905935397,1.9816982537076862
846.0,84.0,847.1189,82.371445,0.5699562,2.100762596334261,1.9327840339349516
441.0,636.0,442.36932,635.3794,0.232379,2.1041707079876604,1.5841181572140035
886.0,76.0,887.63806,74.75227,0.33873913,2.10615090699272,1.829733653436112
892.0,72.0,894.1144,72.91265,0.41748652,2.1689327594314616,1.668965777129936
700.0,176.0,700.8777,174.24884,0.8272305,2.170392780099185,1.9372863559198241
924.0,96.0,925.51697,97.862915,0.31524077,2.195977191810939,1.7864329327292872
894.0,68.0,896.3089,68.61291,0.6324482,2.270890650957857,1.7607111176181554
902.0,192.0,901.5896,194.38307,0.39567345,2.309393410192547,2.3481555242748753
844.0,84.0,845.9312,82.86854,0.49270624,2.3178173769122434,1.9641949818022733
942.0,120.0,943.4597,122.0768,0.2736338,2.3193582776422756,1.9056590589486915
868.0,52.0,869.92236,50.710625,0.3645328,2.377386166920991,2.054358982524104
553.0,756.0,554.79535,756.77606,0.61437845,2.406491516329153,1.7193330088344803
892.0,48.0,894.40656,47.462597,0.5386964,2.4311127553000444,1.9921102107502202
902.0,84.0,904.2074,85.63358,0.28206605,2.5750315245771516,2.103215877757233
908.0,84.0,910.50684,85.14481,0.710499,2.594680073223938,2.0742021855531396
653.0,572.0,655.36725,572.0707,0.615115,2.6712345997068896,2.0399466359040175
892.0,68.0,894.6435,68.97673,0.94089764,2.690027177845395,2.1875374278242203
568.0,580.0,569.7744,578.4226,0.27483326,2.718248877372096,2.3165855196677607
870.0,76.0,872.20337,77.91706,0.6107595,2.7859034500769577,2.3763938674008505
784.0,140.0,785.65204,142.30493,0.50042844,2.7897210257251848,2.5026725950468744
868.0,72.0,869.8898,74.4472,0.42776945,2.942996856135382,2.6102302124128007
