source_x,source_y,reference_x,reference_y,confidence
1860.8724,556.74023,1873.1537,544.9868,1.0
799.24286,619.3467,811.0092,605.1007,1.0
327.127,262.44064,338.76193,247.75209,1.0
327.127,262.44064,338.76193,247.75209,1.0
435.47632,1987.6942,447.15103,1972.367,1.0
1125.8596,392.51056,1136.8002,379.3196,1.0
891.25354,1109.4138,903.1324,1095.2998,1.0
1430.4752,960.88464,1442.5801,947.9061,1.0
799.8531,1031.5779,812.06805,1017.40784,1.0
1125.9951,825.3726,1137.9073,811.8326,1.0
1431.0697,314.34836,1442.5795,301.8947,1.0
800.68207,81.40539,811.50775,66.986946,1.0
800.9963,117.20007,812.79785,103.1804,1.0
1857.8798,1950.3077,1870.37,1938.3778,1.0
433.8259,594.1284,444.2885,579.1805,1.0
1857.3837,549.10474,1869.6478,537.5322,1.0
1857.3837,549.10474,1869.6478,537.5322,1.0
1187.7008,172.98949,1199.3145,159.8995,1.0
1431.7719,1054.7196,1443.9641,1041.7385,1.0
1854.788,1398.0167,1867.4539,1386.4221,1.0
1854.6112,1389.3202,1866.9941,1377.2074,1.0
1854.6112,1389.3202,1866.9941,1377.2074,1.0
801.7586,1714.0872,813.19446,1700.7473,1.0
1697.2471,1762.8271,1710.2689,1751.296,1.0
1854.1052,123.25608,1866.4534,111.11119,1.0
1853.2909,557.89264,1864.9087,545.9359,1.0
1853.2909,557.89264,1864.9087,545.9359,1.0
1501.4033,598.06,1513.4583,585.4224,1.0
1501.4033,598.06,1513.4583,585.4224,1.0
1187.4905,64.12025,1198.8379,50.86721,1.0
801.8933,1044.5812,814.0845,1030.1475,1.0
1696.1566,545.5057,1707.8204,533.25757,1.0
801.9817,1144.9498,813.4344,1130.5039,1.0
1500.7869,1125.9841,1512.804,1113.0962,1.0
1695.6624,1378.3469,1707.9191,1365.8307,1.0
28.987307,1076.8857,41.03836,1060.9108,1.0
802.9705,511.43613,814.3105,497.20773,1.0
1850.4596,1239.0188,1862.8027,1226.9324,1.0
803.2547,147.07307,815.0403,133.05762,1.0
803.275,1305.2831,815.0718,1290.9838,1.0
430.2904,836.3896,442.13602,821.2202,1.0
429.73117,1285.2727,441.89392,1269.9025,1.0
1848.2517,247.01965,1860.292,235.12325,1.0
1848.2517,247.01965,1860.292,235.12325,1.0
1693.7164,1405.3594,1706.0109,1392.9426,1.0
1434.1555,833.45215,1446.9313,820.51587,1.0
886.61017,1424.4965,898.6839,1410.1495,1.0
33.586685,1282.6273,45.618225,1266.5837,1.0
1846.4034,1397.5677,1858.6975,1385.419,1.0
427.78107,1489.5894,439.76016,1474.3096,1.0
34.134132,1503.0934,46.062843,1487.1031,1.0
34.134132,1503.0934,46.062843,1487.1031,1.0
1844.8872,190.38564,1856.9099,178.55336,1.0
1844.7589,841.3085,1857.0316,829.21954,1.0
885.77936,1106.1807,897.7119,1091.9431,1.0
1844.5271,1010.8748,1856.9607,998.70404,1.0
1184.1205,1039.3784,1195.979,1025.7778,1.0
1436.1884,524.5006,1449.6375,511.3889,1.0
807.5105,145.7598,819.18134,131.66617,1.0
1128.943,1223.1241,1140.7592,1209.3335,1.0
885.2868,360.58243,896.9897,346.55862,1.0
885.19684,809.7715,897.06836,795.8114,1.0
1183.1647,544.90393,1195.0482,531.80084,1.0
1842.3142,1506.3762,1855.1244,1493.5787,1.0
1183.1647,544.90393,1195.0482,531.80084,1.0
1842.1895,993.18427,1854.3308,981.0298,1.0
39.057755,2032.4862,50.922337,2016.1686,1.0
1688.893,1157.4895,1700.917,1144.9514,1.0
1688.6582,1253.1774,1700.8822,1240.6394,1.0
1437.5356,380.85403,1449.3988,368.66855,1.0
336.46127,632.2539,347.7449,616.92004,1.0
1837.3268,845.5409,1849.468,833.522,1.0
1686.8241,705.3142,1699.1089,693.035,1.0
336.93295,250.06621,348.51102,234.77975,1.0
1836.1022,1963.4625,1848.6014,1951.3413,1.0
1835.8704,521.88104,1847.9857,509.98975,1.0
1685.9777,771.96246,1698.3512,759.679,1.0
1685.7445,1839.3826,1699.0017,1826.8573,1.0
883.7978,850.5875,894.8798,836.77136,1.0
1684.8232,1324.089,1696.997,1311.6196,1.0
883.4166,865.924,894.561,852.0882,1.0
1832.6105,838.4426,1844.4114,826.3104,1.0
45.69851,1294.9684,57.528683,1278.9694,1.0
1832.5145,989.8757,1845.1158,977.81445,1.0
1832.2825,1174.3087,1844.7251,1162.0758,1.0
1439.3329,1188.2656,1451.2599,1175.2162,1.0
1832.2825,1174.3087,1844.7251,1162.0758,1.0
1439.5471,521.93964,1451.4044,509.4607,1.0
47.153778,376.33658,58.987213,360.4957,1.0
883.0052,1339.9141,894.8778,1325.5706,1.0
1830.6746,1878.2913,1842.9413,1866.3092,1.0
1496.6593,210.64708,1509.1077,198.1775,1.0
48.651142,280.33084,60.287357,264.65042,1.0
881.40955,534.6453,893.09607,520.646,1.0
881.37823,1176.8098,894.1403,1162.6768,1.0
1827.9395,1237.9567,1839.1115,1225.6443,1.0
881.02985,391.5033,892.5483,377.5319,1.0
1496.4598,300.99088,1508.3519,288.75076,1.0
419.978,1286.6252,431.6481,1271.4106,1.0
1827.2521,1719.1005,1839.4119,1707.0297,1.0
1826.4614,1011.88715,1838.7963,999.66986,1.0
419.9034,456.99506,431.46066,441.98325,1.0
50.70468,572.60864,62.459557,556.81256,1.0
1680.365,819.4454,1692.4514,807.0928,1.0
51.4746,418.23682,63.042355,402.53766,1.0
1679.5807,708.0767,1691.3859,695.9764,1.0
1822.0695,1251.1688,1833.9764,1239.042,1.0
1821.9894,1409.422,1834.462,1397.212,1.0
1679.216,1183.3947,1691.3292,1170.9048,1.0
1178.0951,1122.0323,1191.9331,1109.6143,1.0
815.49884,1243.1478,827.0526,1228.9313,1.0
879.3614,1266.055,891.06146,1251.5801,1.0
1678.3091,1902.5098,1690.9836,1890.166,1.0
1820.5018,867.1606,1832.8284,855.0723,1.0
1494.638,420.86917,1506.6288,408.52057,1.0
54.61345,1803.3099,66.64109,1787.3552,1.0
55.57158,1731.7836,67.50093,1715.633,1.0
816.1842,1009.0549,828.48175,994.8151,1.0
1443.3091,399.96133,1455.204,387.5814,1.0
878.57513,433.83258,890.47375,419.68082,1.0
816.2414,1107.089,828.3637,1092.6544,1.0
1816.3933,1027.5531,1828.1097,1015.0319,1.0
56.939083,524.0583,68.82118,508.18976,1.0
1816.2599,1296.1814,1828.7405,1283.8677,1.0
1134.7898,960.0257,1146.8666,946.3257,1.0
415.11304,643.956,426.67783,628.72345,1.0
817.00183,120.23863,828.01544,106.689735,1.0
817.25653,515.47095,828.9001,501.43314,1.0
414.58362,1577.6309,426.66376,1562.3604,1.0
1814.1228,873.727,1825.3907,861.52704,1.0
1444.1677,299.04428,1458.677,286.72922,1.0
1492.5465,1137.2278,1504.2936,1124.4457,1.0
818.281,590.4324,829.48035,576.47,1.0
1811.9713,1173.1997,1824.339,1160.9781,1.0
1135.632,1303.9193,1147.5675,1290.1604,1.0
1810.3777,742.8955,1822.5984,730.8615,1.0
346.32532,447.02762,358.13647,431.69226,1.0
61.72483,1226.0714,73.41692,1209.5807,1.0
1809.6963,1428.9384,1821.9493,1416.827,1.0
62.251255,542.70435,74.269806,526.75824,1.0
411.5973,912.67816,423.3984,897.49426,1.0
1809.0442,823.45776,1821.2026,811.29675,1.0
1809.0442,823.45776,1821.2026,811.29675,1.0
1672.0157,810.05194,1684.2294,798.09906,1.0
1808.6604,737.32623,1820.9286,725.44366,1.0
63.084805,1437.49,75.0043,1421.6687,1.0
1446.4062,422.7037,1458.7927,410.1476,1.0
1671.0724,811.6209,1683.7965,798.8127,1.0
1446.8121,1427.3246,1458.8032,1414.1846,1.0
820.2421,950.3928,831.8365,936.0923,1.0
820.49426,111.28717,832.2108,97.133705,1.0
873.9117,1272.2051,885.90765,1257.8282,1.0
409.2744,1714.3779,421.16183,1699.0658,1.0
409.2744,1714.3779,421.16183,1699.0658,1.0
408.54575,1511.732,419.67807,1496.5133,1.0
66.50812,242.71825,78.43038,226.8237,1.0
66.576004,427.93375,78.43636,412.1857,1.0
873.0692,512.17725,884.83984,498.1663,1.0
1800.2446,1878.572,1812.5742,1866.5376,1.0
1798.9952,1392.4984,1811.1575,1380.2523,1.0
1172.8115,1780.0433,1184.9429,1766.2223,1.0
823.6831,209.67618,835.17786,195.5927,1.0
824.1819,127.90083,836.35706,114.06719,1.0
870.5354,468.18292,882.30615,454.3688,1.0
870.4098,1077.6166,883.2021,1063.1925,1.0
1452.0721,1262.8401,1464.0059,1249.8425,1.0
71.44626,247.83911,83.13017,231.99356,1.0
1488.9208,308.63016,1500.3673,296.1369,1.0
1488.9208,308.63016,1500.3673,296.1369,1.0
1792.3802,601.42645,1805.7201,589.72736,1.0
825.16284,205.70502,836.0513,191.61258,1.0
870.1441,416.263,881.7184,402.35803,1.0
403.8408,1262.0496,415.86234,1246.8083,1.0
403.8408,1262.0496,415.86234,1246.8083,1.0
73.147415,2026.2009,85.02783,2010.16,1.0
1663.5396,1889.8289,1676.6501,1877.9791,1.0
1663.5396,1889.8289,1676.6501,1877.9791,1.0
403.1255,1315.8811,413.54153,1300.9388,1.0
1452.8562,1338.1128,1464.902,1325.0544,1.0
74.5232,317.45743,86.32617,301.8024,1.0
74.5948,427.736,86.744965,412.0966,1.0
1662.2098,713.7618,1674.4839,701.92377,1.0
1453.0032,424.1341,1465.5012,412.10913,1.0
1786.0615,1410.2902,1797.9152,1398.2107,1.0
868.50574,65.85374,881.5765,50.727436,1.0
76.00737,559.3162,87.62659,543.4445,1.0
867.7658,278.68228,878.6895,265.8236,1.0
355.41177,1462.6548,367.45407,1447.3219,1.0
1782.7152,168.16873,1794.6713,156.22757,1.0
1781.1216,578.5942,1793.8882,566.4994,1.0
1487.6038,1140.186,1499.1118,1127.2323,1.0
1453.6696,415.4024,1466.0231,402.8587,1.0
1170.9067,1207.0249,1184.0856,1193.2008,1.0
400.47736,1110.9414,409.50244,1096.385,1.0
827.2681,124.58369,839.5728,110.22078,1.0
1777.6089,1241.2103,1790.0042,1228.8578,1.0
1777.6089,1241.2103,1790.0042,1228.8578,1.0
79.40443,360.60733,90.76987,344.83386,1.0
79.40443,360.60733,90.76987,344.83386,1.0
79.40443,360.60733,90.76987,344.83386,1.0
356.5536,1986.3856,366.72818,1970.9943,1.0
399.95984,2002.6019,411.81165,1987.1549,1.0
1454.6221,517.2267,1465.2526,505.34335,1.0
1454.733,392.81555,1467.4564,380.55112,1.0
80.55784,1214.1638,92.14661,1198.1672,1.0
1486.6559,292.0338,1498.389,279.67383,1.0
828.5436,1085.8324,840.6572,1071.5771,1.0
828.5436,1085.8324,840.6572,1071.5771,1.0
81.713036,1575.1688,93.01796,1559.1316,1.0
829.1598,1354.2993,841.1367,1339.8352,1.0
829.334,1586.8741,840.9178,1572.5062,1.0
1141.9133,1247.398,1153.9176,1233.6345,1.0
1142.4148,1879.1632,1154.9448,1865.1729,1.0
358.35162,773.34796,370.415,758.0069,1.0
1771.2336,2026.9435,1783.7928,2015.1675,1.0
1771.103,80.42082,1782.9927,68.15161,1.0
864.62274,1060.711,876.5661,1046.3574,1.0
1457.0323,862.3166,1468.9163,849.4669,1.0
84.94152,1579.1414,96.84704,1563.2697,1.0
359.25137,703.62524,371.05313,688.49286,1.0
1484.307,490.1589,1496.7281,477.76974,1.0
1484.1099,349.30704,1496.0364,337.00858,1.0
1484.1099,349.30704,1496.0364,337.00858,1.0
87.54729,1564.7598,99.38961,1548.8638,1.0
360.2642,346.38068,371.6429,331.43988,1.0
862.3106,855.0454,874.08014,840.9539,1.0
394.39307,1210.8296,405.88815,1195.5387,1.0
1484.075,532.64435,1495.9989,520.176,1.0
1167.2866,981.67773,1179.085,968.05255,1.0
831.7673,118.27342,843.4565,104.22963,1.0
1166.49,1022.99963,1176.1648,1009.26953,1.0
832.77997,148.85722,845.1302,134.88724,1.0
832.77997,148.85722,845.1302,134.88724,1.0
861.0284,1571.9667,873.15344,1557.6187,1.0
1652.311,730.06256,1664.4857,717.6812,1.0
833.0023,1037.7014,844.8013,1023.2686,1.0
89.13774,363.70172,101.04348,348.08585,1.0
861.0284,1571.9667,873.15344,1557.6187,1.0
1459.5869,1473.0048,1471.5782,1460.1714,1.0
1144.6844,175.65186,1156.935,162.86203,1.0
1758.9159,1095.4459,1771.2952,1083.042,1.0
1758.6909,1895.1686,1771.743,1883.2428,1.0
391.85776,890.45667,403.6486,875.07715,1.0
92.12675,638.4362,103.73625,622.6408,1.0
1460.5828,807.2672,1472.5676,794.4962,1.0
1757.6707,573.5645,1769.6525,561.601,1.0
1757.6707,573.5645,1769.6525,561.601,1.0
1460.9929,342.8038,1472.8345,330.5578,1.0
93.29994,1505.5342,105.19411,1489.6132,1.0
94.58852,1829.836,106.59276,1814.0125,1.0
94.849266,1009.2352,106.81198,993.3373,1.0
95.56338,1392.4878,107.70323,1374.953,1.0
95.79513,1543.6743,107.83355,1528.6812,1.0
388.86987,522.07275,400.3307,506.9507,1.0
1753.4071,1731.614,1765.6593,1719.5651,1.0
97.47024,1390.999,107.70323,1374.953,1.0
858.2366,480.79312,870.01776,466.73126,1.0
858.2366,480.79312,870.01776,466.73126,1.0
858.2366,480.79312,870.01776,466.73126,1.0
1462.3063,1053.2737,1474.454,1040.3865,1.0
1647.3679,882.20715,1659.5016,869.6175,1.0
857.8404,242.05847,869.67816,228.14935,1.0
1647.0334,892.4055,1659.2657,879.79767,1.0
1647.0334,892.4055,1659.2657,879.79767,1.0
1747.8451,719.9009,1760.0042,707.7953,1.0
1747.8451,719.9009,1760.0042,707.7953,1.0
1163.2308,1230.5623,1175.5194,1217.3473,1.0
1463.0356,2030.3773,1475.0123,2017.2958,1.0
100.03551,1827.2095,112.12376,1811.2681,1.0
100.18891,1807.7406,112.09922,1791.801,1.0
1479.8636,214.81755,1492.292,202.39568,1.0
1746.5503,1624.8835,1759.006,1612.5453,1.0
1463.7668,483.4971,1476.5228,471.19983,1.0
1746.4237,546.4145,1758.6267,534.49725,1.0
1162.598,261.44482,1173.3519,248.47678,1.0
385.80383,890.50543,397.8129,875.0952,1.0
856.2091,1066.7716,868.102,1052.6545,1.0
1148.4766,103.73505,1161.8741,90.6905,1.0
1645.4142,1059.7136,1657.3357,1047.079,1.0
366.50104,527.7082,378.44998,512.56354,1.0
1478.1719,470.0563,1490.609,457.8637,1.0
1741.5294,1116.8403,1753.852,1104.5914,1.0
1741.248,1246.8201,1753.4146,1234.4742,1.0
1738.5604,721.98804,1750.6897,709.82825,1.0
1149.592,417.382,1161.688,404.04086,1.0
1735.4264,1929.8042,1749.082,1917.9392,1.0
381.05817,107.931786,392.83682,92.900406,1.0
108.68874,1868.2012,120.58666,1853.0881,1.0
853.72015,1116.7953,865.7117,1102.4517,1.0
1733.8591,823.1682,1746.751,810.8637,1.0
1733.8591,823.1682,1746.751,810.8637,1.0
1151.1779,122.66469,1162.8784,109.544785,1.0
1158.7974,1771.493,1170.8298,1757.6461,1.0
1475.4698,351.77988,1487.024,339.43155,1.0
371.0148,2009.0927,383.0786,1993.409,1.0
1730.5929,1028.9468,1742.815,1016.44415,1.0
1730.5929,1028.9468,1742.815,1016.44415,1.0
1730.0234,573.8991,1742.2257,561.80835,1.0
379.4213,202.4581,391.1823,187.27696,1.0
1474.7609,1153.2262,1486.9163,1140.3143,1.0
1638.1223,1402.4948,1650.1986,1390.0182,1.0
1726.69,1333.0205,1739.1423,1320.4794,1.0
844.80774,1121.39,856.8097,1106.8447,1.0
526.173,1473.7582,538.1381,1458.6985,1.0
1157.4086,276.3456,1169.4491,263.32065,1.0
1152.6613,794.30707,1164.3622,780.9224,1.0
850.8912,1347.5875,863.0542,1333.1029,1.0
1153.6318,1023.2327,1168.0049,1010.17883,1.0
846.6191,828.6411,858.52075,814.4372,1.0
116.607,1917.2733,128.58444,1901.3931,1.0
116.607,1917.2733,128.58444,1901.3931,1.0
1471.6764,787.9876,1483.807,775.13354,1.0
1473.9663,312.2573,1488.0878,300.5163,1.0
1473.7637,487.27402,1485.5652,474.7073,1.0
116.88899,593.7987,128.76921,578.0559,1.0
1473.2806,1030.7726,1485.4454,1017.90594,1.0
847.8103,96.718155,860.0743,82.97251,1.0
1472.2974,509.63956,1484.3329,497.66797,1.0
1719.1798,1225.6,1731.5085,1213.1799,1.0
1634.617,1939.315,1646.7776,1926.8706,1.0
848.6545,970.9,860.53925,956.65784,1.0
1718.3333,417.12222,1730.4479,404.3628,1.0
118.840836,435.0716,130.51768,419.47812,1.0
849.1082,188.89836,860.6069,174.99252,1.0
1633.8639,970.84753,1646.216,958.3363,1.0
119.591484,511.62903,131.5031,495.98706,1.0
1715.2203,623.53357,1727.6245,611.43677,1.0
120.68084,380.59097,132.42734,365.08832,1.0
1714.9183,642.8834,1727.8536,630.8645,1.0
1714.6355,830.7799,1726.0294,818.109,1.0
1710.2991,1611.5405,1723.0905,1599.2782,1.0
1709.485,701.2432,1721.972,688.9549,1.0
2027.6625,1040.4427,2040.0881,1028.516,1.0
1704.8604,613.8429,1716.5955,601.95844,1.0
1704.3647,957.4543,1716.6565,944.9024,1.0
1703.5359,1032.3597,1715.787,1019.8162,1.0
126.01989,1673.3108,137.73956,1657.4885,1.0
1703.4751,815.5965,1715.8822,802.5853,1.0
2017.5846,1697.4495,2030.1278,1685.8496,1.0
2017.5846,1697.4495,2030.1278,1685.8496,1.0
2012.9729,1219.0188,2025.4786,1207.109,1.0
2010.71,1227.3198,2023.2251,1215.5074,1.0
2010.71,1227.3198,2023.2251,1215.5074,1.0
2008.364,1579.4612,2021.2087,1567.7838,1.0
2005.653,1674.1187,2017.8918,1662.4058,1.0
2001.8351,1141.1449,2014.1813,1129.187,1.0
130.01657,1567.0662,141.81497,1551.1517,1.0
130.01657,1567.0662,141.81497,1551.1517,1.0
2001.8351,1141.1449,2014.1813,1129.187,1.0
1029.8661,996.7621,1042.0032,983.1002,1.0
1626.2461,249.27933,1639.8862,237.0806,1.0
2000.0768,416.58084,2012.7349,405.1711,1.0
2000.0768,416.58084,2012.7349,405.1711,1.0
1033.4014,124.85102,1045.125,111.36005,1.0
1625.1681,603.041,1637.3518,590.41284,1.0
1033.8606,993.61505,1046.704,979.64734,1.0
1993.5741,1228.9637,2006.1577,1216.9548,1.0
1988.4198,1302.8772,2000.8424,1290.9696,1.0
1624.8392,699.0115,1636.6666,686.46027,1.0
1987.4852,557.3615,1999.8824,545.8296,1.0
133.40778,751.30286,145.21947,735.57495,1.0
1987.3584,1136.6842,1999.8512,1124.719,1.0
1982.4904,957.09454,1994.5872,945.29755,1.0
135.24219,1824.6549,147.396,1808.7463,1.0
1981.1696,427.02438,1992.744,415.62042,1.0
1979.6847,2009.3116,1992.3646,1997.3379,1.0
1978.7434,299.78183,1991.2805,288.33508,1.0
1978.0143,1074.8523,1990.6068,1062.899,1.0
1978.0143,1074.8523,1990.6068,1062.899,1.0
1977.3142,412.98834,1988.191,401.67758,1.0
1977.2764,604.0928,1989.3253,592.5477,1.0
1977.2764,604.0928,1989.3253,592.5477,1.0
1976.8047,502.72662,1989.0378,491.0938,1.0
1026.2123,1448.1052,1037.9731,1433.9661,1.0
1970.8468,235.46301,1983.2645,223.83089,1.0
1024.9529,941.16034,1036.6364,927.32184,1.0
1622.4698,1283.482,1634.4714,1270.9738,1.0
1036.3905,1443.1729,1048.5547,1429.1967,1.0
1970.0342,223.57124,1982.3575,211.93507,1.0
1964.943,1312.9702,1977.462,1301.0095,1.0
1023.6422,667.4096,1035.5319,653.7901,1.0
1963.4288,314.33502,1975.7676,302.6734,1.0
1963.4288,314.33502,1975.7676,302.6734,1.0
1963.4288,314.33502,1975.7676,302.6734,1.0
1963.2877,773.0671,1975.8181,761.4756,1.0
1961.0442,365.1446,1973.682,353.12842,1.0
1960.346,1345.4545,1972.8966,1333.4843,1.0
142.75705,346.08542,154.46283,330.56964,1.0
1954.156,1091.8961,1966.5278,1080.0227,1.0
1618.92,593.3477,1631.133,581.01965,1.0
1618.92,593.3477,1631.133,581.01965,1.0
144.3306,902.75134,156.12193,887.3708,1.0
144.3306,902.75134,156.12193,887.3708,1.0
1945.7948,1184.6661,1959.104,1172.8248,1.0
1944.4194,1253.1962,1956.8506,1241.1487,1.0
1938.272,439.6217,1950.8232,428.0713,1.0
1937.6799,1164.972,1949.8589,1152.8938,1.0
1937.2948,1076.8009,1949.8129,1064.769,1.0
1937.2948,1076.8009,1949.8129,1064.769,1.0
1936.0161,296.6845,1948.2937,284.94476,1.0
1935.1082,1493.4719,1947.5128,1481.5571,1.0
1615.8511,1077.9402,1627.9823,1065.4014,1.0
1930.0934,216.35689,1942.4436,204.68387,1.0
1930.0934,216.35689,1942.4436,204.68387,1.0
1927.4308,1993.534,1939.7185,1981.6395,1.0
1926.5894,563.10223,1938.6794,551.4219,1.0
1924.8098,1971.5165,1938.4487,1959.3048,1.0
1924.8098,1971.5165,1938.4487,1959.3048,1.0
1924.0455,1310.4409,1936.4319,1298.3684,1.0
1922.2288,363.06842,1934.2954,351.46277,1.0
1919.4949,1482.1443,1931.7969,1470.1387,1.0
1919.2225,902.5955,1931.6138,890.61896,1.0
1918.3705,348.1326,1931.3936,336.57294,1.0
1916.9368,322.62262,1929.0527,310.93002,1.0
1916.5453,743.5594,1928.9629,731.6652,1.0
1916.5453,743.5594,1928.9629,731.6652,1.0
1915.9131,1810.4915,1928.7266,1799.2311,1.0
1913.9749,519.013,1925.8422,507.19977,1.0
1015.6756,1436.1329,1027.5421,1422.0239,1.0
1015.6278,1229.0797,1026.5271,1215.1504,1.0
1015.3188,88.46433,1026.9807,74.950836,1.0
1612.8447,1404.9191,1625.1406,1392.2965,1.0
1910.735,1193.7006,1923.229,1181.6946,1.0
1910.1658,1091.7175,1922.5875,1079.493,1.0
1612.6047,1072.299,1624.6191,1059.5804,1.0
1905.0366,287.62698,1916.5686,275.9036,1.0
1904.7415,1186.521,1916.9813,1174.284,1.0
1612.1876,1225.9535,1624.3531,1213.4637,1.0
1042.4128,139.05724,1054.6434,126.45058,1.0
1612.1876,1225.9535,1624.3531,1213.4637,1.0
1903.937,546.0284,1916.1149,534.2602,1.0
1896.2603,460.51727,1908.7656,448.8717,1.0
1892.04,1394.9258,1905.3999,1382.971,1.0
1888.8989,727.4712,1901.1105,715.56915,1.0
1888.846,550.1048,1901.1014,538.40295,1.0
1888.846,550.1048,1901.1014,538.40295,1.0
1887.8792,237.77289,1900.1609,226.0983,1.0
1885.9315,1021.4728,1898.4736,1009.32385,1.0
1885.0406,397.00385,1897.8574,384.92947,1.0
1012.954,1225.5282,1024.5071,1211.6243,1.0
1881.3751,1105.447,1893.8534,1093.302,1.0
1881.3751,1105.447,1893.8534,1093.302,1.0
1880.8798,351.93835,1892.351,340.09576,1.0
1044.4946,345.85596,1055.7837,332.59488,1.0
1012.06885,1140.5446,1024.49,1126.8583,1.0
1011.8852,1236.0914,1023.6291,1222.3977,1.0
1011.779,1207.679,1025.1554,1193.824,1.0
1879.514,519.9095,1892.012,508.32294,1.0
1879.1436,1013.1018,1891.6844,1001.00525,1.0
1877.1724,525.6,1889.4799,513.8546,1.0
1877.1724,525.6,1889.4799,513.8546,1.0
1875.9918,584.55554,1888.2104,572.7167,1.0
1011.1273,1593.302,1023.0269,1579.0397,1.0
1871.9,529.1201,1885.6282,517.45844,1.0
1870.3951,1652.4663,1883.0007,1640.5969,1.0
1869.9572,96.30221,1882.0023,84.35079,1.0
1868.5117,1424.6318,1881.0396,1412.6819,1.0
1010.1786,93.28369,1023.1045,79.71024,1.0
1045.8007,1232.8959,1057.8849,1218.9121,1.0
1863.4998,783.0858,1875.8301,771.13745,1.0
1863.4143,574.8167,1875.5559,562.97906,1.0
1862.7286,794.23834,1875.1439,782.2974,1.0
1862.5308,846.7901,1874.8811,834.73193,1.0
1860.9742,1403.0818,1873.4415,1390.8806,1.0
163.10292,669.9519,174.1548,654.0632,1.0
1604.1038,1422.4337,1616.4285,1410.1396,1.0
1046.5575,496.6321,1059.2007,482.982,1.0
1301.2037,713.0761,1312.757,699.8861,1.0
1046.7672,390.93515,1058.5122,377.21307,1.0
1603.1885,520.11774,1616.2366,506.9326,1.0
1008.38104,82.768616,1020.05927,69.4189,1.0
631.73004,48.980015,643.52075,34.321247,1.0
1008.00995,1550.4592,1019.99536,1536.4569,1.0
631.73004,48.980015,643.52075,34.321247,1.0
1047.339,1003.3471,1059.414,989.74304,1.0
1602.5349,735.0732,1614.5524,722.68536,1.0
627.3579,2005.0195,639.32086,1989.8909,1.0
1007.13574,822.18884,1018.8526,808.35706,1.0
1305.1526,248.0124,1317.0715,235.18263,1.0
1305.2103,405.3644,1318.7144,394.76312,1.0
167.2911,1439.7849,179.29817,1424.0947,1.0
1299.7594,1316.8466,1311.9131,1303.4271,1.0
625.69714,1734.7898,637.55133,1720.063,1.0
633.99066,857.6834,645.87555,843.0159,1.0
633.99066,857.6834,645.87555,843.0159,1.0
634.09515,1249.8445,645.9891,1234.9323,1.0
625.0675,1554.0405,637.209,1539.2205,1.0
625.0675,1554.0405,637.209,1539.2205,1.0
1048.1172,156.28998,1060.1707,142.363,1.0
1298.8141,1390.8219,1311.1493,1377.3823,1.0
1005.9554,1383.9756,1018.0075,1369.7356,1.0
1005.9554,1383.9756,1018.0075,1369.7356,1.0
635.2152,618.06,646.5656,603.512,1.0
1598.783,1033.7637,1610.9589,1021.2207,1.0
1598.7585,1421.2776,1611.2831,1408.6842,1.0
635.4766,1469.5269,647.4689,1454.6439,1.0
636.05206,1001.82117,647.59503,987.06323,1.0
172.15482,216.53905,183.90552,201.09352,1.0
637.1161,1052.34,649.07367,1037.5238,1.0
637.1161,1052.34,649.07367,1037.5238,1.0
621.3834,742.8471,634.92865,729.02893,1.0
1296.139,317.48584,1309.2736,304.22263,1.0
1308.2653,1596.8253,1320.612,1583.5364,1.0
1308.2653,1596.8253,1320.612,1583.5364,1.0
638.7193,1262.0227,650.8208,1247.3286,1.0
618.99945,1487.8074,631.0126,1472.9983,1.0
1001.9508,209.09192,1013.29083,195.45465,1.0
1001.56714,1234.964,1012.8518,1220.9059,1.0
616.1513,1111.9371,627.9581,1097.0825,1.0
615.9977,1991.7045,628.1422,1976.6456,1.0
1311.9482,265.89267,1323.769,253.25072,1.0
178.05893,281.32385,189.65431,265.74802,1.0
1593.3743,47.13404,1605.0232,34.672916,1.0
615.74146,1278.9272,627.627,1264.0696,1.0
614.52466,1787.0153,626.42303,1772.1119,1.0
1592.2535,1430.0328,1605.9906,1417.2898,1.0
1314.7073,1574.9705,1327.2163,1561.7253,1.0
612.161,1396.1204,623.9694,1381.1475,1.0
612.161,1396.1204,623.9694,1381.1475,1.0
612.1568,645.0541,623.89685,630.96796,1.0
1591.9238,519.24133,1605.1403,505.94864,1.0
612.1568,645.0541,623.89685,630.96796,1.0
1591.9238,519.24133,1605.1403,505.94864,1.0
1315.5342,1591.0538,1328.203,1577.7957,1.0
645.37024,1626.6753,657.36676,1611.7644,1.0
1590.4791,1679.4344,1602.8004,1666.8468,1.0
996.4771,1276.9272,1008.2738,1262.7035,1.0
1289.0874,289.44644,1299.6138,277.2338,1.0
1317.678,490.04926,1328.3086,478.4047,1.0
1317.678,490.04926,1328.3086,478.4047,1.0
1288.9459,269.8446,1302.1886,256.06732,1.0
1317.936,1598.6128,1330.8668,1585.1251,1.0
609.13165,1975.0835,621.1827,1960.081,1.0
184.95111,841.6631,196.7212,826.13086,1.0
185.31386,1899.874,197.30864,1884.0117,1.0
185.31386,1899.874,197.30864,1884.0117,1.0
608.2902,1753.3923,620.22705,1738.4011,1.0
608.2902,1753.3923,620.22705,1738.4011,1.0
608.2902,1753.3923,620.22705,1738.4011,1.0
608.11945,732.69855,619.8111,718.1842,1.0
1588.2606,298.3725,1599.1814,286.59247,1.0
1287.8116,282.50876,1299.728,269.78433,1.0
1588.2075,1816.6759,1601.5502,1804.0806,1.0
1056.7448,1002.0329,1068.324,988.57367,1.0
188.14769,1112.4452,200.20213,1096.7397,1.0
603.9093,1339.1383,615.949,1324.134,1.0
603.88544,539.3355,615.4731,524.52155,1.0
603.88544,539.3355,615.4731,524.52155,1.0
1321.2305,299.65778,1334.46,287.52203,1.0
1057.4878,1012.1697,1069.284,998.503,1.0
993.1557,1216.554,1005.2119,1202.4463,1.0
1585.7695,286.41287,1598.3385,274.2597,1.0
1058.5253,406.7167,1070.0723,393.29626,1.0
992.03906,154.71988,1003.69165,141.15027,1.0
991.8741,1210.1588,1004.44135,1196.0148,1.0
653.6372,1226.022,665.4922,1211.3003,1.0
600.3046,744.8764,612.8586,729.6088,1.0
654.5272,381.0173,666.1292,366.56094,1.0
598.93445,1147.9739,610.3654,1133.3411,1.0
1282.576,675.40625,1294.2212,662.1336,1.0
1324.4274,263.7963,1337.8567,249.03757,1.0
597.6026,534.77734,608.87756,520.0365,1.0
990.4634,1322.2428,1001.15643,1308.081,1.0
1059.791,147.341,1071.6189,134.11334,1.0
989.64764,379.83136,1002.38617,365.39044,1.0
1583.0225,200.92009,1595.4866,190.46307,1.0
1060.9756,633.8744,1072.7794,620.32587,1.0
1582.7234,1228.8739,1595.1737,1216.2786,1.0
595.6983,1038.4535,607.7631,1023.4683,1.0
1278.9889,275.96637,1292.4878,263.09888,1.0
1278.9889,275.96637,1292.4878,263.09888,1.0
1061.9286,979.1943,1073.8048,965.35486,1.0
1327.598,1245.3837,1340.0046,1231.9049,1.0
593.208,521.2668,605.1833,506.6578,1.0
985.8683,1168.5955,997.9468,1154.5746,1.0
1328.2085,292.2039,1340.6487,279.90668,1.0
985.7058,603.7003,997.3262,589.95154,1.0
985.22516,464.28665,997.1208,450.63467,1.0
661.50616,380.25162,672.6352,365.80026,1.0
201.6964,1465.2618,213.90926,1449.5441,1.0
1579.124,1695.4503,1591.9539,1683.0292,1.0
589.21436,722.7024,601.10077,708.08044,1.0
202.55444,542.96967,214.12357,527.5484,1.0
589.1625,528.255,601.069,513.5863,1.0
1578.3407,958.462,1589.7687,945.6957,1.0
203.67381,1700.4912,215.04865,1684.6938,1.0
1333.7726,1998.8342,1345.0531,1985.2949,1.0
205.1063,769.58606,216.96425,753.98755,1.0
1333.7726,1998.8342,1345.0531,1985.2949,1.0
585.0783,1192.466,596.6767,1177.372,1.0
982.32886,214.16286,994.27484,200.6746,1.0
1271.3136,1351.8726,1283.6027,1338.3501,1.0
1271.0168,210.15276,1282.5294,197.42172,1.0
1269.7382,277.812,1281.6423,265.4176,1.0
980.9115,1660.8053,993.0316,1646.6897,1.0
980.4436,614.1179,992.1501,600.4189,1.0
208.76347,466.58667,220.83884,451.02203,1.0
208.96281,1965.2614,220.95047,1949.4475,1.0
209.5686,896.7263,221.41162,881.0621,1.0
670.50836,186.1333,682.37286,171.91078,1.0
670.54895,1512.4215,682.4551,1497.5885,1.0
578.1036,1940.5582,590.34717,1925.579,1.0
578.01575,1022.0664,590.00635,1007.2822,1.0
1340.2438,294.21014,1352.232,280.85526,1.0
211.49948,304.56808,223.30664,289.1355,1.0
1573.121,1066.0162,1585.3671,1053.2511,1.0
1572.9993,534.8106,1584.8823,522.5252,1.0
1572.9993,534.8106,1584.8823,522.5252,1.0
576.1049,600.60394,587.8608,585.93835,1.0
212.75157,212.50537,224.36609,197.03584,1.0
676.0945,245.73424,687.8076,231.29356,1.0
1341.8793,1956.1277,1354.3135,1942.7322,1.0
975.91345,881.0047,987.4174,867.0971,1.0
1262.6683,1127.8226,1274.8145,1114.5144,1.0
677.3308,1318.7874,689.18384,1303.8882,1.0
574.07587,790.69354,585.98114,775.90894,1.0
1070.4744,504.72766,1082.6003,491.15897,1.0
1070.4744,504.72766,1082.6003,491.15897,1.0
974.7565,1189.6698,987.0664,1175.5541,1.0
679.1855,630.98694,691.2323,616.4799,1.0
1261.5513,118.03324,1273.2008,105.336266,1.0
571.7537,888.83496,583.3839,873.92206,1.0
1261.3333,1571.4097,1273.3772,1558.6174,1.0
1344.5497,1007.7594,1356.2699,994.6029,1.0
1344.5497,1007.7594,1356.2699,994.6029,1.0
1344.5497,1007.7594,1356.2699,994.6029,1.0
570.0461,219.3482,581.6009,204.74577,1.0
682.1626,563.20013,694.185,548.84564,1.0
1258.3861,304.45413,1272.0055,292.47452,1.0
682.8339,1338.0975,695.1041,1323.6173,1.0
1257.5681,404.2912,1269.5165,391.59927,1.0
1346.492,751.3826,1358.8234,738.54517,1.0
971.63605,890.1685,985.34766,876.33704,1.0
684.4992,642.9709,696.23553,628.57996,1.0
565.924,433.62,577.772,418.99335,1.0
565.5494,1248.9147,576.8641,1234.0903,1.0
1347.1398,1028.011,1359.2094,1014.79755,1.0
564.5797,1146.6726,576.50446,1131.6549,1.0
564.0773,1075.5134,575.9545,1060.4824,1.0
1347.2501,663.1314,1359.451,649.7939,1.0
970.02637,1180.4948,982.3228,1166.4805,1.0
969.88055,1191.1144,982.09436,1177.0375,1.0
1074.0,901.95703,1085.8015,888.2945,1.0
1348.1472,281.6209,1360.9332,268.39145,1.0
969.13403,1562.9363,981.05273,1548.7467,1.0
223.26799,826.59393,234.58467,810.938,1.0
690.03656,1541.9165,702.25525,1527.1764,1.0
690.03656,1541.9165,702.25525,1527.1764,1.0
1074.7709,1015.3628,1086.5962,1001.67365,1.0
561.3387,364.92902,572.88556,350.3299,1.0
1253.5472,1501.3032,1265.4967,1487.948,1.0
1075.3397,30.100048,1087.0111,16.982462,1.0
560.111,376.04755,571.9836,361.6503,1.0
1349.6152,961.46375,1361.1848,948.5622,1.0
1349.6152,961.46375,1361.1848,948.5622,1.0
225.00644,1434.9829,237.04765,1419.4054,1.0
967.28705,690.1203,979.1961,676.3097,1.0
967.0524,1218.8208,979.1088,1204.8154,1.0
967.0524,1218.8208,979.1088,1204.8154,1.0
1349.6152,961.46375,1361.1848,948.5622,1.0
966.9455,1195.8363,978.99457,1181.6064,1.0
226.28284,764.87555,238.03104,749.29565,1.0
1350.1787,451.2948,1361.7107,438.534,1.0
965.9351,186.10661,977.71,172.65022,1.0
1252.263,369.89294,1263.1072,354.4432,1.0
557.4642,1729.4495,569.6025,1714.46,1.0
1351.3938,516.2165,1363.0098,503.49747,1.0
694.2506,2017.7659,706.3598,2002.9832,1.0
228.36665,1712.8712,240.13295,1697.2667,1.0
556.4858,422.09537,568.4284,407.9957,1.0
1352.2748,890.97723,1364.1575,877.9192,1.0
964.135,881.2594,975.633,867.76855,1.0
964.135,881.2594,975.633,867.76855,1.0
1560.4963,1129.7775,1572.5756,1117.0754,1.0
963.7254,735.3048,975.4666,721.5298,1.0
1559.8284,467.09515,1572.283,454.81406,1.0
230.31989,1854.9847,242.62186,1839.2577,1.0
230.45198,878.5807,242.44987,863.00604,1.0
230.45198,878.5807,242.44987,863.00604,1.0
554.55383,1780.4246,566.2578,1765.363,1.0
231.5883,808.23785,243.61203,792.80066,1.0
231.5883,808.23785,243.61203,792.80066,1.0
697.4456,1432.0724,709.4792,1417.2867,1.0
1558.5284,209.19,1570.1871,197.0018,1.0
232.42531,1352.7151,244.31046,1337.0416,1.0
232.42531,1352.7151,244.31046,1337.0416,1.0
1249.9562,392.65588,1261.5101,379.5977,1.0
551.7378,432.5681,563.0945,417.88922,1.0
961.71356,1075.1282,973.5602,1061.093,1.0
1078.5155,495.00833,1089.9137,481.501,1.0
550.0577,100.15881,561.1454,86.08501,1.0
1357.0231,446.03104,1369.4686,434.03183,1.0
235.00879,2015.1632,247.10484,1999.544,1.0
548.25116,1725.5498,560.27655,1710.5715,1.0
548.19714,425.54425,559.5834,410.88535,1.0
235.81468,722.3818,247.36276,706.96173,1.0
1357.9779,795.8686,1370.4958,782.7523,1.0
1357.9779,795.8686,1370.4958,782.7523,1.0
546.30786,80.39028,558.1728,65.70927,1.0
546.30786,80.39028,558.1728,65.70927,1.0
1358.8536,1504.9445,1370.9905,1491.5775,1.0
958.7669,1175.5522,971.0251,1161.4769,1.0
545.15906,1169.5741,557.0992,1154.578,1.0
958.6321,1248.2617,970.70465,1234.1482,1.0
1553.7109,687.92914,1566.4369,675.48553,1.0
1361.2648,302.6267,1373.5034,290.28232,1.0
706.9586,557.5909,718.45374,543.16064,1.0
240.30841,1118.7428,251.82649,1103.0999,1.0
1244.7056,1597.2922,1257.4786,1583.8271,1.0
956.63495,1279.7913,968.8773,1265.4742,1.0
1363.0094,1015.2301,1375.5978,1002.62024,1.0
1549.6564,383.35214,1561.7465,370.91626,1.0
538.86505,413.28537,548.86774,399.27246,1.0
711.19495,861.06116,722.6015,846.4095,1.0
955.19977,1220.265,967.1245,1206.2244,1.0
711.19495,861.06116,722.6015,846.4095,1.0
1083.0148,668.1406,1094.8707,654.58246,1.0
537.3093,1732.9263,549.61847,1717.8336,1.0
537.3093,1732.9263,549.61847,1717.8336,1.0
1547.6292,200.48521,1559.477,187.88889,1.0
1547.263,212.72763,1559.0249,200.38512,1.0
534.9962,369.11462,546.70886,354.46188,1.0
248.13072,703.8172,259.4842,688.3108,1.0
248.13072,703.8172,259.4842,688.3108,1.0
715.8014,651.58014,729.1789,637.7279,1.0
1545.6528,576.86816,1557.5619,564.698,1.0
534.0121,1329.5392,545.1049,1314.6,1.0
1544.2739,1046.2375,1556.0015,1033.4047,1.0
1544.0146,1915.0361,1557.3097,1901.5693,1.0
949.4821,468.68317,960.82196,454.84293,1.0
949.409,1169.2196,963.8661,1155.6349,1.0
1367.9001,1242.106,1379.8927,1228.9269,1.0
531.02765,886.6989,543.04803,871.74567,1.0
1085.6392,1672.2699,1097.9893,1658.3513,1.0
1085.674,314.63754,1097.2247,301.33746,1.0
947.7078,839.9813,959.804,826.20886,1.0
529.0378,1208.5361,541.0218,1193.523,1.0
253.6163,2019.9532,265.7188,2004.0981,1.0
1368.9398,463.8916,1381.0483,451.63507,1.0
1237.2372,293.91324,1248.9286,280.42343,1.0
1087.079,413.13995,1098.7756,399.7474,1.0
526.0888,465.3299,537.88794,450.62292,1.0
525.5431,1511.5746,537.2829,1496.2924,1.0
1087.4331,813.67053,1099.3806,800.018,1.0
1370.5781,1181.7086,1382.5482,1168.6191,1.0
1087.7545,324.84753,1099.413,311.5488,1.0
1087.7545,324.84753,1099.413,311.5488,1.0
257.92188,850.00726,269.89597,834.4254,1.0
257.92188,850.00726,269.89597,834.4254,1.0
523.3879,2015.5288,535.3594,2000.3491,1.0
726.5983,1623.7151,738.6686,1609.0674,1.0
726.5983,1623.7151,738.6686,1609.0674,1.0
944.461,379.62305,956.2626,365.86673,1.0
1371.5862,1389.7054,1385.0548,1376.3331,1.0
943.4622,518.6783,955.26764,504.76398,1.0
728.209,1628.3374,740.3234,1613.717,1.0
728.32043,1566.2662,740.1767,1551.6654,1.0
728.32043,1566.2662,740.1767,1551.6654,1.0
1232.5012,285.0299,1244.1914,272.0228,1.0
730.08887,1460.1176,741.5474,1445.361,1.0
517.8741,1801.3717,529.944,1786.2316,1.0
731.1192,1505.9412,743.17645,1491.223,1.0
941.4683,1230.8552,953.9954,1216.4558,1.0
733.32086,221.72754,745.1736,207.61124,1.0
1536.906,217.79062,1549.453,208.02986,1.0
1376.881,919.84625,1388.944,906.7667,1.0
1536.6305,1000.1431,1548.9755,987.39166,1.0
938.81525,999.6072,950.6056,985.4377,1.0
266.0162,2035.7086,277.7131,2019.6633,1.0
513.7506,359.31772,525.42267,344.58948,1.0
513.32086,1854.0251,525.4797,1838.8422,1.0
735.4227,1587.6923,747.5837,1573.1005,1.0
1378.9424,642.09644,1390.9689,629.0799,1.0
1378.9424,642.09644,1390.9689,629.0799,1.0
937.56305,1992.0421,949.81006,1977.6737,1.0
1228.7952,1374.1165,1241.0641,1360.5403,1.0
736.9124,1452.4534,749.02954,1437.8578,1.0
737.50604,1227.6887,749.3851,1213.1145,1.0
1228.4371,230.43689,1240.587,217.22284,1.0
1534.4177,456.1448,1546.2753,443.8311,1.0
271.2305,1484.8743,283.3855,1469.2164,1.0
271.66574,818.8243,283.26843,803.3453,1.0
271.66574,818.8243,283.26843,803.3453,1.0
271.66574,818.8243,283.26843,803.3453,1.0
935.2399,1180.9209,947.13855,1166.681,1.0
1532.5068,248.06554,1544.1045,235.71028,1.0
507.2789,335.07162,519.01636,320.2549,1.0
934.4102,877.8577,945.7251,864.1003,1.0
742.4628,761.65784,754.4313,747.35516,1.0
1383.1753,914.98505,1395.4005,901.8806,1.0
1531.909,1264.0111,1543.8602,1251.286,1.0
933.4294,959.87366,945.1694,945.9225,1.0
1224.4924,1484.1317,1238.7302,1470.2548,1.0
504.28534,1861.7246,515.71387,1846.3887,1.0
1224.0381,383.45984,1234.8086,373.23956,1.0
932.13513,773.8367,944.0654,759.96643,1.0
1224.0244,289.87595,1235.8013,277.11285,1.0
1384.6342,874.31573,1396.7936,861.29065,1.0
1223.323,220.39864,1235.2794,207.62096,1.0
500.95,1998.4471,512.79755,1983.2905,1.0
747.78284,1491.2878,759.6436,1476.6526,1.0
1222.0688,1443.4487,1234.382,1429.3042,1.0
1386.7786,1860.8538,1398.9863,1847.6973,1.0
1221.413,1134.2654,1234.1924,1120.8508,1.0
498.4273,1567.014,510.56998,1551.8867,1.0
929.51215,248.43407,940.7548,234.0492,1.0
1098.0078,1010.417,1110.1146,996.7195,1.0
497.31863,1469.8019,509.35376,1454.7465,1.0
497.17004,547.0952,508.9897,532.30286,1.0
497.17004,547.0952,508.9897,532.30286,1.0
496.83987,1526.0975,508.48062,1510.6887,1.0
1528.6042,240.33401,1540.3259,227.95462,1.0
1388.5884,1957.4504,1400.7372,1944.1091,1.0
1098.4292,1055.7546,1110.7775,1041.9054,1.0
280.77963,702.6838,292.64282,687.3367,1.0
751.19385,496.35403,762.92584,481.9669,1.0
495.13687,846.0327,506.85828,830.9819,1.0
494.28415,865.11426,505.91852,849.7819,1.0
752.1569,1850.7743,764.1433,1836.0651,1.0
493.27942,504.76212,505.02875,489.81415,1.0
1099.9591,984.18835,1111.9006,970.8476,1.0
1391.4307,374.0809,1403.7678,361.43048,1.0
1391.5952,362.25443,1402.779,350.00052,1.0
753.8389,1524.6469,765.8744,1509.9396,1.0
753.8389,1524.6469,765.8744,1509.9396,1.0
1526.638,1312.0498,1538.9366,1299.1633,1.0
754.13794,1050.3431,766.2986,1035.6823,1.0
1526.638,1312.0498,1538.9366,1299.1633,1.0
492.06314,1760.5808,504.10806,1745.299,1.0
925.4195,37.87703,936.8007,24.062815,1.0
1392.4307,320.83234,1404.0435,308.16687,1.0
755.6385,480.48843,767.22833,466.3101,1.0
755.6385,480.48843,767.22833,466.3101,1.0
755.97974,90.75809,767.9754,76.58965,1.0
1216.8982,1953.9498,1228.335,1940.143,1.0
1525.5997,575.8505,1537.6659,563.6453,1.0
756.63794,498.43488,767.922,484.2603,1.0
1101.0789,249.98932,1113.0818,236.64502,1.0
488.4705,1039.8318,500.43622,1024.7823,1.0
1525.2872,222.07796,1537.5308,210.58458,1.0
758.09235,1191.4817,769.9263,1176.8792,1.0
1394.895,2036.835,1407.3872,2023.2676,1.0
487.6595,1616.0089,499.4044,1600.8604,1.0
1395.2253,369.4422,1407.0203,356.8976,1.0
1395.2472,436.36276,1407.8937,423.09784,1.0
1102.7118,624.66797,1113.9822,611.09955,1.0
1213.9437,1092.0072,1227.7797,1079.0696,1.0
1523.69,1869.3922,1537.9218,1857.2913,1.0
762.3873,591.49774,773.56146,577.1252,1.0
1397.9546,937.35394,1409.7712,924.3966,1.0
1103.5757,700.72473,1115.5143,687.0188,1.0
482.93262,502.1713,494.87567,487.37216,1.0
482.7727,1228.1915,494.51846,1212.7079,1.0
482.7727,1228.1915,494.51846,1212.7079,1.0
764.57574,1066.2367,777.85504,1051.5415,1.0
919.78467,448.9983,931.3081,435.0213,1.0
919.568,398.27267,931.0625,384.49326,1.0
1210.7543,1099.2117,1222.9321,1085.6626,1.0
1521.0708,1173.3683,1533.0917,1160.4977,1.0
1209.9243,1957.3773,1222.1426,1943.6283,1.0
766.9333,692.852,778.71075,678.6472,1.0
1105.4766,993.9437,1116.699,980.2291,1.0
767.64825,1305.1075,779.5073,1290.4875,1.0
1519.7065,916.44666,1532.1475,903.704,1.0
1519.7065,916.44666,1532.1475,903.704,1.0
1208.4313,1865.908,1220.7347,1852.2401,1.0
916.8501,398.70386,928.4721,384.6122,1.0
768.487,591.7773,779.9709,577.45325,1.0
296.51514,1180.4375,308.3831,1165.0077,1.0
769.7448,2031.1428,781.4943,2016.5353,1.0
1106.4636,883.1943,1117.6403,869.60815,1.0
1404.0282,299.51202,1415.5757,287.0127,1.0
1519.1268,513.61285,1530.9783,501.43753,1.0
1519.0627,312.9984,1531.1696,300.4644,1.0
298.66238,1285.7177,310.9656,1270.6289,1.0
770.88,69.62526,782.6054,55.548378,1.0
299.05692,1118.4294,311.09512,1102.8873,1.0
913.7739,906.355,925.73956,892.443,1.0
913.4962,1157.9395,925.24146,1143.8517,1.0
471.89545,681.7518,483.83176,666.8491,1.0
1206.1434,1056.3036,1218.1552,1042.9015,1.0
913.3976,840.03534,925.0328,826.16327,1.0
772.65436,1378.9951,784.68274,1364.4246,1.0
471.20667,81.39572,482.8795,66.56146,1.0
470.2325,381.93915,481.6797,367.05603,1.0
912.664,396.2761,924.39624,382.4355,1.0
1407.0645,1162.8025,1419.029,1149.9004,1.0
1517.8732,1239.6583,1530.0636,1226.9225,1.0
1517.8732,1239.6583,1530.0636,1226.9225,1.0
1517.1158,1068.5483,1529.1656,1055.7198,1.0
776.14935,372.27835,787.31024,358.06723,1.0
776.8874,1023.8485,788.9787,1009.3856,1.0
1408.1445,1153.7661,1420.1793,1140.7509,1.0
1408.9916,294.30228,1420.62,281.8555,1.0
778.702,1324.0852,790.42126,1309.4767,1.0
778.702,1324.0852,790.42126,1309.4767,1.0
1516.1392,603.69586,1528.0571,591.1804,1.0
1202.6493,315.9267,1213.3334,304.2883,1.0
1111.1744,1296.411,1123.3674,1283.3396,1.0
779.3049,1589.8492,791.1027,1575.2375,1.0
462.2268,1444.6226,474.1371,1429.4813,1.0
1410.8318,742.48254,1422.8625,729.62006,1.0
781.22675,107.01117,792.66846,93.321335,1.0
781.66595,1894.0354,793.62317,1879.4731,1.0
781.66595,1894.0354,793.62317,1879.4731,1.0
1112.5707,1081.0547,1124.6829,1067.2596,1.0
1514.5675,350.02606,1526.7057,337.59268,1.0
458.34235,626.79395,469.83487,611.5795,1.0
458.1398,1145.3956,470.312,1130.3987,1.0
458.1398,1145.3956,470.312,1130.3987,1.0
458.08127,1973.5535,472.1119,1958.0933,1.0
308.71875,1020.0709,320.22745,1004.60944,1.0
1114.5642,1125.0603,1126.4634,1111.2637,1.0
1115.0204,786.8683,1126.782,773.13025,1.0
1199.1135,1104.4598,1211.1199,1091.3217,1.0
310.64972,341.31387,322.31067,326.14734,1.0
1197.733,1076.449,1211.085,1063.2609,1.0
312.73654,248.87625,324.3423,233.65854,1.0
312.73654,248.87625,324.3423,233.65854,1.0
451.32114,172.83441,462.36383,157.88641,1.0
313.30655,1317.0913,325.72546,1301.4172,1.0
451.32114,172.83441,462.36383,157.88641,1.0
313.43237,1151.4575,325.4254,1135.9309,1.0
788.51324,83.87387,799.7203,69.62029,1.0
450.8872,1259.2987,463.0835,1244.3668,1.0
902.45355,1574.3641,915.44653,1559.9244,1.0
788.94763,113.58594,800.4103,99.45772,1.0
789.0152,1834.5591,801.09644,1820.1172,1.0
901.8986,906.8185,913.87976,892.9057,1.0
789.59344,407.07993,801.38556,392.9848,1.0
790.52374,1777.464,802.6244,1762.8696,1.0
1119.423,770.3463,1131.4797,757.5879,1.0
316.42603,331.37955,328.0631,316.13818,1.0
1119.5833,25.491035,1131.1945,11.944426,1.0
1422.3593,345.19623,1433.8665,329.95862,1.0
1422.6207,1357.0677,1434.7219,1344.03,1.0
317.95853,682.0188,329.8884,666.80365,1.0
792.3481,98.17386,801.8217,82.40737,1.0
1509.2025,1068.1663,1521.254,1055.2969,1.0
792.5906,1114.3802,804.4841,1099.899,1.0
1423.8955,836.2033,1435.951,823.27704,1.0
319.18097,253.96043,331.1494,238.55577,1.0
319.271,490.31256,331.51242,475.51788,1.0
1194.5248,1636.7439,1206.6467,1623.0009,1.0
1508.6472,1238.3176,1519.8685,1225.5674,1.0
320.94412,1342.9052,332.99228,1327.4641,1.0
443.08826,441.98502,454.90036,427.0867,1.0
794.29175,1893.0883,806.25494,1878.4686,1.0
322.1184,246.63748,333.3903,231.62552,1.0
322.1184,246.63748,333.3903,231.62552,1.0
1425.3942,2010.1703,1437.4158,1997.1399,1.0
794.88745,968.6515,806.9617,954.3149,1.0
1426.6993,314.04437,1439.9929,302.04117,1.0
1426.9576,319.30704,1437.7781,307.1359,1.0
323.73026,1500.8965,335.37482,1485.356,1.0
1427.2218,2013.8146,1439.688,2000.927,1.0
797.5234,71.9507,809.35266,58.08077,1.0
437.3793,101.32966,448.5814,86.531334,1.0
437.22546,994.3642,449.21872,979.1395,1.0
798.2059,93.62052,809.52936,79.839195,1.0
1189.8453,45.058475,1201.7708,31.893867,1.0
1295.5162,264.18478,1308.2013,251.36014,1.0
127.48994,578.341,139.11392,562.63367,1.0
1592.1108,1808.685,1605.0663,1795.3356,1.0
1226.535,124.91967,1239.0673,111.31,1.0
33.71634,655.2224,45.296894,639.2244,1.0
1402.0482,414.11417,1414.6538,402.16852,1.0
755.6108,1261.0558,767.333,1246.4811,1.0
1542.7224,619.66846,1553.9984,607.15576,1.0
1472.0287,524.5627,1483.7896,512.3972,1.0
277.04993,707.5931,289.26038,692.1322,1.0
1025.8857,1231.0503,1038.0221,1217.2189,1.0
1715.7249,613.23944,1727.8323,601.19965,1.0
1441.6932,465.3753,1454.0947,449.93872,1.0
1531.2343,478.6756,1545.9049,466.3544,1.0
1077.1316,499.81647,1089.5162,486.50604,1.0
959.302,1169.1105,971.3331,1155.0907,1.0
796.6166,63.71869,806.9049,48.897667,1.0
415.22687,1707.1489,427.3995,1691.9025,1.0
1578.4816,586.8185,1590.1799,574.3468,1.0
