source_x,source_y,reference_x,reference_y,ransac_residual_px
972.375,263.875,1667.0,250.0,1.2768171256185603
1047.375,265.375,1740.0,254.0,2.003623009286682
946.875,281.125,1641.0,269.0,0.7160637433078998
837.375,284.875,1531.0,273.0,0.8304408102425673
969.375,284.875,1662.0,272.0,1.2260615375864345
802.125,287.875,1495.0,272.0,3.2883422463762635
956.625,289.375,1651.0,274.0,2.7127955454223533
1027.125,296.125,1719.0,282.0,2.51214653017044
781.125,299.125,1476.0,285.0,1.9864633169813253
922.125,304.375,1614.0,293.0,2.295728866194602
813.375,306.625,1508.0,295.0,1.3337399359728626
883.875,306.625,1578.0,295.0,1.019615081629023
969.375,309.625,1665.0,296.0,2.024910516142822
662.625,310.375,1357.0,298.0,0.9116872689280712
1204.125,311.125,1897.0,300.0,2.0329785362340815
843.375,311.875,1538.0,299.0,0.9707500630997518
705.375,312.625,1399.0,301.0,0.8575132708456941
1135.125,317.875,1831.0,307.0,2.4523312206880234
820.125,318.625,1513.0,304.0,2.2989248936302578
852.375,320.875,1546.0,308.0,0.41790608184422107
1206.375,322.375,1902.0,310.0,1.4122610456523161
619.875,323.125,1313.0,313.0,2.2748181135607006
829.875,324.625,1524.0,314.0,1.8618105078323686
805.125,327.625,1500.0,316.0,1.4225514011901226
1120.125,329.125,1815.0,318.0,1.5795124243622942
850.125,332.125,1544.0,320.0,0.29836706447666833
1045.125,333.625,1740.0,318.0,3.2780476621213457
774.375,334.375,1470.0,321.0,2.211490792742647
1213.125,334.375,1908.0,321.0,1.061163503909244
864.375,335.125,1556.0,323.0,2.174977664776532
955.125,335.875,1647.0,323.0,2.086013177960364
1167.375,337.375,1862.0,326.0,1.1803266932023815
644.625,338.875,1338.0,325.0,1.594479186536166
790.125,342.625,1483.0,329.0,1.5492749522649756
614.625,343.375,1309.0,333.0,2.0827327326543204
955.125,343.375,1648.0,332.0,1.4393381832585634
1051.125,347.875,1744.0,334.0,1.9172792354649195
1041.375,350.875,1735.0,338.0,0.6805493104063819
902.625,354.625,1597.0,344.0,1.722779714885158
1130.625,359.875,1824.0,349.0,1.6547102103357878
1212.375,359.875,1907.0,347.0,0.6224309803378477
892.125,362.875,1585.0,352.0,1.666865343890419
1043.625,363.625,1738.0,352.0,0.7039362444821393
944.625,365.125,1638.0,352.0,1.0703770759841422
724.875,365.875,1417.0,352.0,2.309354538099945
1249.875,370.375,1944.0,357.0,1.1121556979647087
691.125,371.125,1387.0,359.0,2.267668492441267
1105.875,371.875,1800.0,362.0,2.355102766332743
1015.875,373.375,1708.0,360.0,2.2640985095343176
868.875,374.125,1562.0,360.0,2.121821563106585
642.375,378.625,1336.0,367.0,0.405711459587694
1001.625,378.625,1695.0,367.0,0.8488076685460487
842.625,381.625,1536.0,370.0,0.6402656877081548
1250.625,386.875,1944.0,376.0,1.6578803636004495
1203.375,387.625,1897.0,376.0,0.8869330475899299
1214.625,387.625,1907.0,374.0,2.4541063961348004
650.625,389.875,1343.0,377.0,1.5193962770690306
994.875,389.875,1690.0,378.0,1.0913695805482313
732.375,390.625,1427.0,380.0,1.6407819638305015
608.625,392.125,1301.0,380.0,1.1720680104328378
634.875,393.625,1330.0,383.0,2.0276061237089045
970.125,393.625,1663.0,382.0,1.222046169772037
1236.375,394.375,1931.0,380.0,2.25944727644445
799.875,396.625,1494.0,384.0,0.7398684387949762
980.625,397.375,1674.0,385.0,0.7582400659673779
655.875,401.125,1348.0,390.0,1.6658651085079874
1204.125,401.875,1898.0,389.0,0.9397971948486947
666.375,403.375,1362.0,393.0,2.4961511960035536
1201.875,407.125,1898.0,397.0,2.5977010770617226
855.375,414.625,1550.0,403.0,0.7607026397225175
835.125,415.375,1529.0,403.0,0.5236390013017513
874.875,415.375,1569.0,404.0,0.527412329430394
1117.875,418.375,1815.0,406.0,2.8933745785082974
912.375,421.375,1607.0,407.0,2.6139553314826127
873.375,423.625,1567.0,412.0,0.3673101206305688
624.375,424.375,1319.0,412.0,1.2132654494569568
958.125,425.125,1652.0,414.0,0.7292209914353256
858.375,425.875,1552.0,413.0,1.124912478604608
712.875,428.125,1407.0,418.0,1.648415077306153
741.375,428.875,1435.0,419.0,1.861316093095977
943.125,429.625,1640.0,416.0,3.3682872495755967
1058.625,431.125,1753.0,417.0,2.304978722089569
777.375,431.875,1472.0,420.0,0.8144680268178769
1046.625,433.375,1742.0,419.0,2.826377174517951
1165.125,433.375,1858.0,422.0,1.5538916220038783
703.875,434.125,1397.0,424.0,1.6710134957079432
864.375,434.875,1560.0,425.0,2.5037094214010467
876.375,436.375,1570.0,425.0,0.4918128597397757
715.875,438.625,1409.0,428.0,1.208498269878889
771.375,439.375,1465.0,430.0,2.3064772521664585
886.125,440.875,1580.0,429.0,0.2059270857528909
980.625,443.875,1674.0,431.0,1.378543497337225
1044.375,443.875,1738.0,430.0,2.2150885931661617
791.625,444.625,1485.0,431.0,2.0395549414236362
993.375,446.125,1688.0,434.0,0.6396029545591182
685.875,448.375,1382.0,438.0,2.6852443456951
727.125,448.375,1422.0,437.0,1.1141636252533025
767.625,448.375,1461.0,437.0,0.5208001428729679
742.875,449.875,1438.0,440.0,2.1658843283338163
979.125,454.375,1672.0,442.0,1.456457973095046
769.125,457.375,1463.0,447.0,1.1792657978858618
712.125,458.875,1408.0,448.0,2.193116514289824
1268.625,459.625,1964.0,450.0,2.249224397844021
1087.125,463.375,1781.0,452.0,0.4916594353811057
1003.125,468.625,1697.0,457.0,0.32355472425273873
1058.625,470.125,1751.0,457.0,2.450678098725694
940.125,471.625,1634.0,461.0,0.9261973809277355
1099.125,479.125,1794.0,470.0,2.4605879050940334
961.125,480.625,1655.0,467.0,2.174087430191086
999.375,482.125,1692.0,470.0,1.7135159336350996
872.625,484.375,1566.0,472.0,1.1691999531791297
892.125,486.625,1586.0,473.0,2.2277961306654204
1104.375,487.375,1798.0,476.0,0.742684701494009
1165.125,488.125,1860.0,477.0,0.5647310932285903
705.375,490.375,1400.0,480.0,1.2368412593193931
887.625,490.375,1580.0,477.0,2.6185656042475887
1105.875,491.125,1799.0,481.0,1.8181172366317875
1003.125,491.875,1696.0,478.0,2.813015088081623
1108.125,501.625,1805.0,492.0,3.0443908605723813
1234.125,501.625,1930.0,490.0,1.328906007653494
972.375,502.375,1668.0,490.0,1.7618210459531032
873.375,503.125,1567.0,490.0,1.8872553804897345
931.875,503.875,1629.0,492.0,3.0255405936594615
1160.625,503.875,1853.0,492.0,2.1459513289630885
1112.625,507.625,1807.0,497.0,0.7209767062325757
1012.125,509.875,1706.0,498.0,0.7024747149271593
1114.125,511.375,1808.0,502.0,2.0195196227834975
1183.125,514.375,1879.0,503.0,1.3634090161556824
734.625,515.875,1428.0,504.0,0.8896810695395692
903.375,516.625,1597.0,503.0,2.464627693867892
1157.625,518.875,1852.0,507.0,0.5977361182782114
1116.375,521.125,1810.0,508.0,2.0338003634711432
767.625,521.875,1461.0,512.0,1.3864291831829143
925.875,524.125,1621.0,512.0,1.34281617180174
841.125,527.875,1536.0,517.0,0.841894666133517
861.375,529.375,1557.0,517.0,1.9782397588577154
1049.625,530.125,1743.0,519.0,0.9829801200404755
1174.875,530.125,1868.0,517.0,2.3653443958496236
766.875,530.875,1461.0,520.0,0.24982871299753814
741.375,533.125,1436.0,524.0,2.0423062620025965
886.875,533.875,1580.0,522.0,1.2808483407917037
890.625,533.875,1585.0,523.0,0.3184716697218999
1126.875,535.375,1820.0,523.0,1.8067713298302035
946.875,541.375,1640.0,531.0,1.3083946865937999
1045.125,542.875,1737.0,531.0,2.6164621327308
771.375,544.375,1466.0,532.0,1.5219988228304415
1064.625,544.375,1760.0,532.0,1.6138541598105087
1180.125,544.375,1875.0,532.0,1.285992276311895
986.625,549.625,1683.0,538.0,2.1566066962198684
1024.875,550.375,1721.0,540.0,1.8881440136426957
948.375,557.875,1641.0,548.0,1.9659265112510218
978.375,559.375,1674.0,546.0,2.7503360310703067
930.375,561.625,1625.0,548.0,2.722225316634119
985.875,564.625,1680.0,554.0,0.3647070621768572
1188.375,564.625,1885.0,552.0,2.5951101252537585
970.125,566.125,1665.0,557.0,1.8765675209748856
981.375,570.625,1677.0,561.0,1.8089148065507272
1104.375,570.625,1800.0,559.0,1.3238409189377627
916.875,574.375,1613.0,562.0,2.423442557708535
1196.625,574.375,1889.0,562.0,2.6731086555346217
930.375,575.125,1624.0,562.0,2.3727347947675894
955.125,575.125,1649.0,562.0,2.314986639982581
968.625,575.125,1663.0,563.0,1.2717703451007834
980.625,575.875,1675.0,568.0,2.978913453990666
967.125,578.875,1664.0,568.0,2.5510235302726314
807.375,585.625,1500.0,574.0,1.740854728502402
1199.625,585.625,1894.0,573.0,1.7805242729425772
1273.125,588.625,1968.0,579.0,1.2526835268473566
1099.125,590.875,1792.0,580.0,1.650604129286701
1102.875,590.875,1797.0,579.0,1.150028847320659
981.375,593.125,1675.0,581.0,1.5701957932778512
1020.375,593.875,1715.0,582.0,1.1433184876981013
1024.125,594.625,1720.0,582.0,2.3714237756277576
942.375,597.625,1638.0,586.0,1.599336583966337
1200.375,602.125,1895.0,591.0,0.37047354644568725
997.875,609.625,1691.0,599.0,1.2918075565101281
958.125,611.125,1652.0,600.0,0.7068532582537537
944.625,619.375,1639.0,611.0,2.182104953427852
1125.375,620.125,1820.0,607.0,2.510061435244133
1207.125,620.125,1902.0,610.0,0.5414469066339628
1243.875,621.625,1939.0,613.0,2.0521192447400964
1240.125,622.375,1933.0,612.0,1.9108883585792291
1075.125,623.125,1768.0,612.0,1.7564117398972692
875.625,624.625,1570.0,614.0,0.16105973257800896
998.625,624.625,1693.0,614.0,0.10726334791858463
1051.125,624.625,1746.0,615.0,1.002136279478626
785.625,625.375,1479.0,615.0,0.7836017241369113
1210.875,630.625,1906.0,621.0,1.0256892600246614
944.625,632.125,1639.0,620.0,1.6512300868790437
1224.375,632.875,1918.0,624.0,2.038497408746768
1270.875,634.375,1966.0,624.0,0.35588721280957203
1001.625,635.875,1696.0,623.0,2.4075734137134446
998.625,643.375,1692.0,635.0,2.320394158063455
1240.875,644.125,1935.0,632.0,1.7626756258809337
1057.125,647.125,1753.0,637.0,1.3476080362531841
805.125,650.875,1499.0,640.0,0.6692319974587114
1242.375,658.375,1937.0,650.0,2.0411340773694073
1159.125,659.125,1854.0,650.0,1.2569227855524874
880.125,663.625,1575.0,652.0,1.4776519706307758
1182.375,666.625,1880.0,656.0,2.878593335857788
871.875,668.875,1569.0,661.0,3.6314301882225
1243.875,672.625,1940.0,663.0,1.44452252022043
901.125,673.375,1594.0,663.0,1.5260628482090444
978.375,677.875,1674.0,666.0,2.0275324750564647
1028.625,678.625,1723.0,668.0,0.46903785075424864
1103.625,678.625,1799.0,668.0,0.8069487028844995
1162.875,679.375,1856.0,671.0,2.4782700120145935
1196.625,680.125,1890.0,672.0,2.558495584276449
867.375,687.625,1562.0,678.0,0.5268368761685807
1039.875,691.375,1736.0,682.0,1.6899147963345784
1131.375,692.125,1826.0,681.0,0.9842089037888592
1135.125,692.875,1831.0,682.0,1.3502450065568459
959.625,695.875,1653.0,686.0,1.146738962272038
838.875,698.125,1535.0,691.0,3.3861569814804873
1269.375,700.375,1964.0,691.0,0.8263929105707939
1034.625,702.625,1730.0,695.0,2.5348382514832712
1007.625,707.875,1700.0,699.0,2.4859264705060053
841.125,709.375,1538.0,700.0,2.5692256385540597
895.875,711.625,1590.0,700.0,1.7175475797575328
1156.875,722.125,1851.0,711.0,1.3556714514687178
1249.125,722.125,1942.0,713.0,2.24272463045814
1264.875,730.375,1958.0,719.0,2.341910789826273
1207.125,737.875,1901.0,728.0,1.037125602510778
1103.625,738.625,1798.0,729.0,0.44883827881735117
938.625,740.875,1634.0,729.0,2.2683085056889234
1141.125,746.125,1839.0,738.0,3.4689891766495022
1148.625,746.875,1844.0,735.0,2.14566341516262
919.875,752.125,1614.0,743.0,0.6968663681487455
1121.625,752.875,1816.0,742.0,1.2130499728447097
883.125,757.375,1579.0,751.0,3.5363000656540784
1047.125,265.375,1740.0,254.0,1.85178263715257
1067.375,276.625,1763.0,262.0,2.4391169302808065
1243.625,293.125,1939.0,279.0,1.7563643447845874
1212.125,307.375,1906.0,295.0,0.4598552330361919
1360.625,312.625,2056.0,302.0,2.287728286951605
1317.125,319.375,2011.0,306.0,0.8838612236215857
1120.625,328.375,1815.0,318.0,2.158720853827018
1377.875,334.375,2072.0,320.0,1.8408527525127334
1167.875,337.375,1862.0,326.0,1.1041164173415998
1050.875,347.125,1744.0,334.0,1.1987600951914914
1317.125,347.125,2013.0,336.0,1.977647505823664
1375.625,350.125,2072.0,337.0,1.9830883345286692
1041.125,350.875,1735.0,338.0,0.5590881026459144
1212.875,359.875,1907.0,347.0,0.5577485321834751
1154.375,360.625,1848.0,350.0,1.796644944696636
1044.125,363.625,1738.0,352.0,0.6679062696341166
1374.125,365.125,2071.0,354.0,2.6558835711075757
1382.375,365.125,2078.0,352.0,1.323067006062864
1616.375,368.875,2311.0,358.0,1.569878709005381
1249.625,369.625,1944.0,357.0,0.33086123798694506
1339.625,370.375,2036.0,359.0,2.109760437781922
1106.375,371.875,1800.0,362.0,2.4179389930869255
1335.875,382.375,2028.0,371.0,2.5313904505102105
1324.625,384.625,2019.0,374.0,1.6016688640702386
1401.125,386.125,2096.0,372.0,1.9059569188907388
1592.375,386.125,2289.0,374.0,1.7752794644021233
1038.125,387.625,1733.0,378.0,2.5944594451946283
1203.875,387.625,1897.0,376.0,1.3211376014055252
1249.625,387.625,1944.0,376.0,0.5520755162865156
1324.625,393.625,2019.0,380.0,1.4673266659447304
1236.875,395.125,1931.0,380.0,3.0133603201145824
1305.125,395.125,2001.0,380.0,3.287356843060345
1396.625,395.875,2094.0,382.0,3.2476254639346958
1289.375,401.125,1982.0,387.0,2.7384871126416708
1296.875,401.125,1992.0,388.0,1.2061225726391274
1204.625,401.875,1898.0,389.0,1.2710696112593698
1293.125,401.875,1987.0,388.0,1.8756267779884706
1202.375,407.875,1898.0,397.0,1.7088223201240131
1119.875,409.375,1812.0,396.0,2.540086463553809
1373.375,410.875,2067.0,396.0,2.972103214856379
1288.625,412.375,1984.0,399.0,1.6119626301923475
1332.125,413.125,2028.0,403.0,2.328305710870863
1353.125,413.875,2047.0,403.0,1.3621914336657737
1117.625,417.625,1815.0,406.0,3.125930784210892
1592.375,419.125,2289.0,408.0,1.9652058038053715
1426.625,423.625,2120.0,413.0,1.9082446259510297
1317.875,425.125,2012.0,413.0,0.45693808817556997
1585.625,426.625,2278.0,413.0,2.99565164059866
1047.125,428.875,1742.0,419.0,2.079042003308379
1058.375,430.375,1753.0,417.0,1.6001569757895944
1288.625,432.625,1984.0,421.0,0.8952701748830414
1424.375,432.625,2117.0,421.0,2.1058567248453204
1390.625,435.625,2086.0,423.0,1.0056156316461982
1374.875,440.125,2070.0,428.0,0.5342885585153824
1405.625,443.125,2098.0,432.0,2.4393975667701127
1044.125,443.875,1738.0,430.0,2.1628290169044737
1747.625,444.625,2443.0,434.0,1.368584085040121
1132.625,445.375,1828.0,436.0,2.602665977185586
1350.125,449.125,2044.0,438.0,1.0213913361344542
1637.375,453.625,2331.0,443.0,1.8849648975791196
1728.875,455.875,2425.0,446.0,2.2413163605403663
1275.875,457.375,1973.0,446.0,2.604216518807872
1368.125,458.875,2062.0,448.0,1.1862456029571429
1269.125,459.625,1964.0,450.0,2.1150032416156117
1087.625,464.125,1781.0,452.0,1.0535002271207614
1059.125,469.375,1751.0,457.0,2.5244098417379623
1302.875,473.125,1996.0,462.0,1.5685910900500568
1659.875,479.875,2354.0,469.0,1.291745796631647
1335.125,482.125,2030.0,472.0,1.479021199647738
1269.125,485.125,1963.0,474.0,0.8227916334454687
1586.375,485.875,2282.0,476.0,1.8790233745169418
1104.125,487.375,1798.0,476.0,0.4957349019686197
1344.125,488.875,2038.0,475.0,2.4652452058607763
1697.375,494.125,2391.0,482.0,1.6290583405865562
1358.375,498.625,2054.0,487.0,0.9099797105658612
1108.625,501.625,1805.0,492.0,2.651544088411203
1113.125,508.375,1807.0,497.0,0.5334597458824327
1113.875,512.125,1808.0,502.0,1.2260537080289635
1182.875,515.125,1879.0,503.0,1.8011456707072155
1766.375,517.375,2463.0,508.0,2.505911386986447
1360.625,518.875,2056.0,510.0,2.5577555175595132
1116.125,520.375,1810.0,508.0,1.2430671709540513
1722.125,527.125,2417.0,514.0,1.739865083103137
1050.125,529.375,1743.0,519.0,1.6864520564631773
1175.375,530.125,1868.0,517.0,2.69237689684911
1421.375,530.875,2115.0,520.0,1.310001687643769
1127.375,535.375,1820.0,523.0,2.2049748472772013
1460.375,536.125,2155.0,523.0,1.8692252699222067
1782.875,537.625,2479.0,526.0,0.7958774638843353
1773.875,538.375,2468.0,529.0,2.3479541260053765
1289.375,540.625,1986.0,529.0,1.973064996736983
1233.875,542.125,1929.0,533.0,2.0971190715860586
1179.875,543.625,1875.0,532.0,0.7517641565522339
1065.125,544.375,1760.0,532.0,1.370721954427801
1391.375,546.625,2085.0,535.0,1.299723505321732
1585.625,547.375,2280.0,537.0,1.1457768316329415
1286.375,559.375,1983.0,550.0,2.5432593991453607
1496.375,562.375,2191.0,553.0,1.7897741440395292
1187.375,563.875,1885.0,552.0,3.1483553837765186
1569.125,563.875,2265.0,554.0,1.4707503147524164
1520.375,564.625,2216.0,554.0,0.7522833898554945
1541.375,565.375,2235.0,555.0,1.6367998015938727
1278.875,567.625,1972.0,558.0,2.1209711027805
1104.125,570.625,1800.0,559.0,1.5426557660404716
1193.375,571.375,1889.0,562.0,1.8742546055824347
1765.625,572.125,2461.0,561.0,0.03625177807288872
1405.625,574.375,2102.0,566.0,3.0140893621341474
1584.125,575.875,2279.0,567.0,2.206890395731241
1518.125,577.375,2216.0,566.0,2.824157905601241
1299.875,578.125,1995.0,567.0,0.3903661071591516
1745.375,581.875,2440.0,568.0,2.897065615988634
1198.625,582.625,1894.0,573.0,1.4562090802131782
1302.875,584.125,1998.0,575.0,1.8179695637883568
1506.125,586.375,2199.0,576.0,2.2739742194173433
1491.125,587.875,2186.0,574.0,2.9275832860222035
1746.125,588.625,2444.0,577.0,2.5433020328341898
1103.375,590.875,1797.0,579.0,1.4061589317082368
1099.625,591.625,1792.0,580.0,2.3062846880316044
1339.625,597.625,2033.0,589.0,2.664997611099969
1288.625,598.375,1982.0,586.0,2.1097100275899585
1446.875,599.125,2141.0,590.0,1.9514709176281013
1200.125,602.125,1895.0,591.0,0.4152423856817134
1458.125,603.625,2155.0,594.0,2.2054944521913193
1260.125,604.375,1955.0,593.0,0.6201064601174042
1294.625,605.125,1990.0,593.0,1.465153327458789
1332.875,605.875,2028.0,596.0,0.9413863662166314
1342.625,607.375,2037.0,596.0,0.7866187311996414
1563.125,607.375,2259.0,598.0,1.6299357010378113
1314.125,608.875,2011.0,599.0,2.211300498599395
1623.125,611.125,2317.0,600.0,1.4226923516072643
1479.875,613.375,2176.0,603.0,1.1225634459721192
1453.625,616.375,2150.0,604.0,2.095096414997189
1564.625,617.875,2261.0,609.0,2.2393913403063794
1125.125,619.375,1820.0,607.0,1.7756917259467868
1239.125,621.625,1933.0,612.0,1.3533818190340783
1243.625,621.625,1939.0,613.0,2.109648916010451
1603.625,622.375,2298.0,612.0,0.969740547547028
1074.125,623.125,1768.0,612.0,0.863399577890017
1298.375,623.875,1993.0,615.0,1.7897467000075948
1224.125,633.625,1918.0,624.0,1.2910763215445613
1391.375,639.625,2086.0,627.0,2.079265613033245
1057.625,647.125,1753.0,637.0,0.8654403492732681
1418.375,652.375,2112.0,640.0,2.355721772674241
1286.375,653.125,1982.0,644.0,1.5244203522464597
1159.625,658.375,1854.0,650.0,2.0310763121129307
1332.875,660.625,2028.0,650.0,0.26337379030590863
1369.625,662.125,2064.0,650.0,1.8137817913453278
1266.875,665.875,1960.0,655.0,1.8229130402920346
1461.875,665.875,2157.0,654.0,1.4418972363248137
1182.125,666.625,1880.0,656.0,3.1277381256046968
1606.625,666.625,2301.0,655.0,1.497768121176389
1440.875,668.125,2138.0,657.0,2.132267102303586
1362.875,671.875,2058.0,659.0,2.517791309883111
1244.375,672.625,1940.0,663.0,1.032398128796737
1416.125,675.625,2111.0,666.0,0.7609149150578384
1104.125,678.625,1799.0,668.0,0.4468972215557584
1162.625,679.375,1856.0,671.0,2.3211285421193146
1197.125,680.125,1890.0,672.0,2.8683223205292685
1289.375,680.875,1985.0,669.0,1.7440091256749604
1473.125,684.625,2169.0,674.0,0.7549919245506318
1301.375,689.125,1997.0,681.0,2.2031748935730757
1406.375,689.875,2100.0,681.0,2.0246677889015965
1128.875,692.125,1826.0,681.0,2.586918945801786
1313.375,692.875,2009.0,681.0,1.7890040457891947
1405.625,693.625,2101.0,686.0,2.6208553991865298
1362.125,697.375,2057.0,687.0,0.2572657814167312
1149.125,698.875,1846.0,688.0,2.2408724403467746
1269.875,700.375,1964.0,691.0,1.115606021021091
1425.125,701.125,2120.0,689.0,1.9540526861068939
1480.625,701.875,2175.0,692.0,0.9119229582892894
1035.125,702.625,1730.0,695.0,2.4331772190962506
1419.125,703.375,2114.0,696.0,2.8113047364516137
1257.125,704.875,1952.0,695.0,0.2378135818479258
1397.375,716.125,2095.0,708.0,3.1670713532420187
1487.375,719.125,2182.0,707.0,2.1285372561562395
1275.875,720.625,1971.0,713.0,2.390495265422987
1157.375,722.125,1851.0,711.0,1.6679125199677074
1319.375,722.125,2014.0,711.0,1.1835296607788575
1456.625,727.375,2152.0,715.0,2.3495159760573454
1464.875,727.375,2161.0,717.0,0.9436152070389847
1264.625,730.375,1958.0,719.0,2.149301307497824
1320.125,731.125,2016.0,720.0,1.426585051684455
1477.625,732.625,2174.0,725.0,2.6212135256644
1452.875,734.875,2150.0,725.0,1.8861958763668283
1589.375,736.375,2283.0,726.0,1.840100786413942
1519.625,737.125,2213.0,729.0,2.704982215202399
1608.875,738.625,2305.0,728.0,0.9062283144666422
1104.125,739.375,1798.0,729.0,1.0522772617257994
1285.625,743.125,1981.0,732.0,1.304732190598336
1443.875,743.875,2140.0,734.0,0.8818011542349361
1142.375,746.125,1839.0,738.0,2.448233672531435
1374.125,746.875,2071.0,737.0,1.7207898443530507
1591.625,746.875,2290.0,737.0,2.9256876784170998
1518.125,749.125,2213.0,738.0,1.306892130543242
1527.875,749.875,2222.0,739.0,1.57547045992204
1536.875,751.375,2234.0,741.0,1.8052603719989464
1365.125,752.875,2059.0,744.0,1.5952480810965461
1178.375,756.625,1873.0,749.0,2.135186352647433
1551.875,757.375,2248.0,748.0,0.8650557649849644
1394.375,758.125,2089.0,748.0,0.6571892405983549
1207.625,758.875,1904.0,749.0,1.4343299866897115
1137.875,760.375,1832.0,751.0,0.8002682820277297
1443.875,761.125,2139.0,750.0,1.3283930782972435
1524.875,761.125,2219.0,751.0,1.2912500024461666
1921.375,401.875,2616.0,388.0,1.710980169542564
1958.125,413.875,2652.0,401.0,1.6496592510467534
1974.625,419.875,2669.0,408.0,1.113821859337822
1826.125,420.625,2523.0,406.0,2.960056533793168
1837.375,421.375,2534.0,407.0,2.6063826574379525
1783.375,425.875,2479.0,416.0,2.2804806149662324
1724.125,427.375,2420.0,417.0,1.8722879906397851
1934.875,434.125,2629.0,421.0,1.631977594735655
1931.875,437.875,2628.0,426.0,0.7492321827122065
2027.875,443.125,2724.0,432.0,1.1212905167607647
1748.125,443.875,2443.0,434.0,2.127612243194701
2124.625,452.125,2820.0,442.0,1.9604299226349426
1637.125,453.625,2331.0,443.0,1.706334342109998
2206.375,455.125,2902.0,443.0,0.19148978192144386
1728.625,455.875,2425.0,446.0,2.359946062224696
2111.125,455.875,2805.0,443.0,1.9923865137703203
2272.375,456.625,2968.0,446.0,1.482427599659205
2036.875,457.375,2732.0,445.0,0.5936215121950802
2148.625,457.375,2846.0,444.0,2.120143538685355
2105.875,458.875,2800.0,447.0,1.5581068657183001
1974.625,461.125,2669.0,451.0,2.1440588997864043
2114.125,461.875,2808.0,451.0,2.134321557097708
2180.125,464.875,2876.0,455.0,2.122465433347602
1934.875,465.625,2631.0,456.0,2.376722859995721
1790.125,470.875,2486.0,460.0,1.124320375060285
1817.125,476.125,2514.0,466.0,2.2876349662273605
1838.875,477.625,2535.0,468.0,2.304875570307623
2137.375,477.625,2831.0,465.0,2.2470008582113996
1595.125,479.875,2290.0,470.0,1.824834403864747
1659.625,479.875,2354.0,469.0,1.1138177918321313
1917.625,480.625,2612.0,466.0,3.0235959735212186
2018.875,480.625,2713.0,470.0,1.9047724016995116
1819.375,482.125,2513.0,471.0,1.8143950944054588
2011.375,482.125,2708.0,468.0,2.524016120680225
2218.375,482.125,2914.0,469.0,1.252595593292588
2077.375,484.375,2774.0,471.0,1.8086541779314456
1586.125,485.125,2282.0,476.0,2.6746309676382927
1830.625,485.125,2526.0,474.0,0.6176116442451799
2127.625,485.875,2822.0,471.0,3.3322096866982225
1935.625,486.625,2630.0,475.0,1.1253648779862668
1643.125,487.375,2336.0,474.0,2.803459148638439
1697.125,493.375,2391.0,482.0,1.3296232613402277
2129.125,493.375,2825.0,481.0,0.5933494764329145
1727.875,496.375,2422.0,482.0,2.954450379292818
1865.875,496.375,2563.0,485.0,1.7398347456024066
1888.375,499.375,2581.0,488.0,2.838045154013262
2141.875,500.125,2839.0,489.0,1.471305132157288
1856.125,500.875,2551.0,489.0,0.5778400054276238
1863.625,503.875,2557.0,491.0,2.3949537502644795
1700.875,504.625,2395.0,492.0,1.5074412400564032
1676.875,505.375,2370.0,493.0,2.202602212243855
1798.375,505.375,2494.0,493.0,0.8288866907714998
1899.625,505.375,2594.0,495.0,1.6702376313291558
1879.375,506.875,2574.0,497.0,1.9263946116004622
1677.625,509.875,2374.0,498.0,1.24637847742916
1711.375,511.375,2406.0,497.0,2.9088695030259326
2145.625,512.875,2840.0,502.0,1.6494386257970797
1677.625,513.625,2374.0,504.0,2.2232927574691326
2134.375,515.875,2830.0,505.0,0.7934893393893959
1766.125,517.375,2463.0,508.0,2.645684108542962
1653.625,523.375,2348.0,512.0,0.7946115575384146
2246.875,526.375,2943.0,515.0,0.2822686855196437
2146.375,530.125,2843.0,517.0,1.7486072276899034
2271.625,530.125,2968.0,518.0,0.6326922306662014
2135.125,533.125,2830.0,520.0,1.8600464266249757
1754.875,534.625,2450.0,523.0,0.3061666201819365
2204.125,534.625,2899.0,522.0,1.5110997344399535
1658.875,536.125,2354.0,526.0,1.2261546101905514
2129.125,536.875,2823.0,525.0,1.9961295234018768
1782.625,537.625,2479.0,526.0,1.037137545072184
1773.625,538.375,2468.0,529.0,2.22685605333073
1963.375,538.375,2659.0,528.0,1.0653422268847572
2007.625,539.125,2702.0,527.0,1.4647645616480032
1954.375,540.625,2648.0,531.0,2.6744424784511636
1811.125,541.375,2509.0,530.0,2.4634116478851134
2136.625,541.375,2835.0,529.0,2.6742399421759537
2036.875,542.125,2732.0,531.0,0.6739614540929236
1759.375,543.625,2454.0,534.0,1.8554049821556349
2054.125,543.625,2750.0,529.0,3.190060379191887
2297.125,544.375,2993.0,535.0,2.1517344362606425
1586.125,547.375,2280.0,537.0,1.51799665319327
1730.125,548.875,2427.0,539.0,2.1075404452115687
2123.875,551.875,2821.0,540.0,1.353610073219274
1901.125,552.625,2598.0,543.0,2.1542416255187007
1793.875,555.625,2490.0,546.0,1.7918621140968256
1938.625,555.625,2635.0,544.0,0.8252802006618561
1973.125,556.375,2669.0,545.0,0.2236776517562669
2281.375,557.125,2977.0,548.0,2.347416294327376
1802.875,560.125,2500.0,550.0,2.029223813115523
1958.125,560.875,2654.0,548.0,1.600297747385406
2262.625,561.625,2957.0,551.0,1.8510018731286908
2049.625,563.125,2747.0,552.0,1.6135426811168467
2222.125,563.875,2918.0,552.0,0.5283072508951924
1541.875,566.125,2235.0,555.0,1.9607948420255021
1952.125,569.125,2650.0,558.0,2.228661065370948
2024.875,572.125,2720.0,559.0,1.9856953783402234
2264.125,572.125,2963.0,561.0,2.8034234404221596
2180.875,572.875,2876.0,561.0,1.0246149824609108
2111.875,574.375,2806.0,564.0,1.9597314995203814
1584.625,576.625,2279.0,567.0,1.6351792972206414
1745.875,578.125,2440.0,568.0,1.594796818837306
2128.375,578.875,2825.0,567.0,0.9645758228063346
2072.875,579.625,2768.0,568.0,0.8191990280240751
2120.875,582.625,2818.0,570.0,1.8739768191452097
2116.375,584.125,2813.0,571.0,2.0629449573397323
2144.875,584.125,2841.0,574.0,1.095989948590949
2105.875,588.625,2803.0,578.0,1.3462090417745904
1851.625,591.625,2548.0,583.0,2.565188314069985
1948.375,594.625,2644.0,585.0,1.4439682165834855
2000.125,594.625,2695.0,581.0,2.6879027162626827
2074.375,596.125,2770.0,585.0,0.23596564126205768
2149.375,597.625,2846.0,589.0,2.5790251725988127
1911.625,599.125,2609.0,588.0,1.734639928560909
2141.125,601.375,2839.0,591.0,2.0450083053045947
2031.625,602.125,2725.0,591.0,2.4377034467034533
2279.875,608.125,2974.0,597.0,2.034451123741199
1622.875,610.375,2317.0,600.0,1.2390152048710958
2195.125,611.125,2890.0,598.0,2.387728997271942
2242.375,611.875,2937.0,601.0,1.5004498107669804
1565.125,617.875,2261.0,609.0,2.0226993649860407
1899.625,620.125,2595.0,608.0,1.2734266442428337
2264.875,620.125,2961.0,608.0,1.1143256678109055
1604.125,622.375,2298.0,612.0,1.4420769923008643
1807.375,623.875,2503.0,613.0,0.09560731930472983
1925.125,623.875,2621.0,612.0,1.0211592122098614
2252.125,623.875,2948.0,613.0,0.2926762120640283
2235.625,624.625,2932.0,612.0,1.6720132314746308
2112.625,629.125,2807.0,618.0,1.6069654527718837
2148.625,629.125,2844.0,618.0,0.674577482443189
2276.125,629.875,2972.0,621.0,2.1001426746139944
1835.875,631.375,2532.0,623.0,2.471471238419747
2009.125,631.375,2705.0,623.0,2.4742129762129124
2012.875,631.375,2710.0,619.0,1.9980208855522024
1902.625,632.125,2597.0,621.0,1.3482236917911001
2045.875,632.875,2743.0,623.0,1.5813607647390397
2247.625,632.875,2943.0,623.0,1.3061114636858187
2141.875,634.375,2836.0,623.0,1.9544410886949923
2074.375,635.875,2772.0,624.0,1.9891342940835912
2204.875,635.875,2903.0,625.0,2.0223317176309425
2228.125,635.875,2924.0,624.0,1.013221522296241
2174.875,638.125,2871.0,626.0,1.264073321226518
2255.875,638.875,2952.0,628.0,0.053115798420689544
1883.125,642.625,2579.0,632.0,0.22583935114588374
1757.875,643.375,2454.0,634.0,1.4468671357572847
2130.625,643.375,2827.0,631.0,1.6035231983472644
2057.875,644.875,2755.0,634.0,1.2115256904445721
2178.625,649.375,2873.0,638.0,1.8111697127065642
1814.125,652.375,2508.0,640.0,2.442431951950464
2132.875,652.375,2829.0,644.0,2.3814761072320096
2023.375,653.875,2721.0,643.0,1.7478953686195933
2033.125,656.125,2727.0,644.0,2.4805249153689806
2016.625,660.625,2712.0,651.0,1.1550810795949054
2111.125,660.625,2809.0,651.0,2.1442747354722176
2288.875,660.625,2985.0,651.0,1.1377690372281142
2249.125,661.375,2945.0,653.0,2.3842089275411515
2264.875,661.375,2962.0,650.0,1.0994319222000297
2049.625,662.125,2746.0,652.0,0.6945822718042958
2036.125,662.875,2730.0,652.0,2.0544410679036926
2016.625,664.375,2714.0,656.0,2.7031470437480913
1606.375,665.125,2301.0,655.0,0.7985428980233069
2129.125,665.125,2825.0,654.0,0.48657804072120553
2042.125,665.875,2739.0,657.0,1.9973819371175359
2207.125,667.375,2905.0,658.0,2.1585615441907295
2180.875,668.125,2877.0,656.0,1.456528648112005
1989.625,668.875,2685.0,658.0,0.5623801628215584
2123.125,668.875,2817.0,659.0,2.3026451310489255
2020.375,670.375,2716.0,661.0,1.2553428053459486
2035.375,671.875,2734.0,662.0,2.7880369659458077
2161.375,672.625,2858.0,660.0,2.059721349566938
2249.125,677.125,2946.0,668.0,1.640273391224639
2081.875,680.125,2777.0,669.0,1.0505809105844826
2031.625,681.625,2730.0,670.0,2.6686968325647364
2200.375,681.625,2896.0,673.0,2.036821446201685
2185.375,683.125,2883.0,671.0,2.1392011065032785
1816.375,686.875,2511.0,677.0,1.1673088673532177
2276.875,689.875,2973.0,680.0,0.704246051194287
2255.125,691.375,2951.0,680.0,0.918211012919273
2039.125,692.875,2734.0,682.0,1.172524399787634
2240.875,692.875,2937.0,683.0,0.6636783653548708
1772.125,694.375,2466.0,686.0,2.632368478512714
2051.125,695.875,2748.0,684.0,1.6831289148317623
2281.375,697.375,2976.0,687.0,1.6884110032035917
1942.375,700.375,2636.0,689.0,2.440626058457785
1777.375,706.375,2474.0,699.0,3.066999657695484
1868.875,710.125,2565.0,702.0,2.1900950100094914
1883.875,711.625,2577.0,701.0,2.6872600721055995
2132.875,711.625,2827.0,700.0,2.3658447807411593
1948.375,714.625,2645.0,705.0,0.9924373114553049
1850.875,715.375,2545.0,707.0,2.4784276439890243
1976.875,715.375,2673.0,705.0,0.219653141054296
2049.625,715.375,2746.0,707.0,1.971117167546947
2037.625,718.375,2736.0,708.0,2.365990070688973
1885.375,733.375,2582.0,721.0,2.373286942349607
1609.375,738.625,2305.0,728.0,0.6371813650431918
1661.125,743.125,2357.0,732.0,1.1761822432612128
2284.125,446.875,2980.0,435.0,0.27557167167247976
2299.125,449.125,2997.0,436.0,2.1852614237011174
2125.125,452.125,2820.0,442.0,2.1004372621116123
2145.375,456.625,2840.0,446.0,1.7917639751222652
2149.125,457.375,2846.0,444.0,1.7609775882064331
2105.625,458.875,2800.0,447.0,1.30886334277153
2338.875,461.125,3034.0,451.0,2.1369112809720345
2395.875,461.125,3092.0,449.0,0.05756736261917592
2114.625,461.875,2808.0,451.0,2.5743653360163097
2318.625,461.875,3015.0,450.0,0.445030837526579
2179.125,464.875,2876.0,455.0,2.383245239436662
2458.875,467.875,3157.0,457.0,2.2906698019035177
2286.375,474.625,2983.0,461.0,1.7887543186249244
2137.125,476.875,2831.0,465.0,1.8746186628626211
2412.375,479.125,3110.0,465.0,2.6131020128506046
2077.875,484.375,2774.0,471.0,1.604835034991376
2095.125,490.375,2791.0,481.0,2.429903608796517
2478.375,490.375,3176.0,476.0,2.809497995346292
2670.375,497.875,3366.0,486.0,0.8879441448473776
2141.625,500.125,2839.0,489.0,1.7010808084577709
2701.125,502.375,3397.0,491.0,0.8820163349902019
2284.875,503.875,2980.0,490.0,2.2708179100187333
2116.875,507.625,2811.0,494.0,2.537837935149473
2336.625,511.375,3032.0,500.0,0.7947321785591946
2719.125,511.375,3415.0,500.0,0.8817494680765104
2098.125,513.625,2791.0,501.0,3.0425421654494396
2134.125,515.875,2830.0,505.0,0.7743898365367046
2583.375,515.875,3280.0,505.0,0.9499915414057669
2437.125,518.875,3134.0,504.0,3.2088124554533177
2506.875,520.375,3204.0,510.0,1.588481174933799
2781.375,520.375,3479.0,509.0,1.038323951119208
2478.375,521.125,3175.0,509.0,0.5186415239893893
2356.125,521.875,3055.0,509.0,2.9999001525160884
2729.625,523.375,3426.0,513.0,1.452619171721709
2247.375,526.375,2943.0,515.0,0.4304914017487873
2519.625,527.875,3216.0,515.0,1.1729332764495997
2146.125,530.125,2843.0,517.0,1.8731993843761232
2272.125,530.125,2968.0,518.0,0.5433594796266273
2680.875,531.625,3379.0,518.0,2.442400842569219
2134.875,532.375,2830.0,520.0,1.0983468967524994
2374.125,533.125,3068.0,522.0,2.3417161116600833
2804.625,533.125,3502.0,522.0,0.8957966398465999
2435.625,548.125,3133.0,534.0,2.8094785398855957
2373.375,548.875,3070.0,539.0,1.6961930408238133
2751.375,548.875,3447.0,537.0,1.1028168432606964
2701.875,550.375,3400.0,538.0,1.667583260952829
2123.625,551.875,2821.0,540.0,1.590946520604327
2662.125,551.875,3358.0,541.0,1.0127394060937278
2419.125,555.625,3116.0,546.0,1.9592550157983024
2102.625,556.375,2796.0,544.0,2.65508705816237
2281.125,557.125,2977.0,548.0,2.3121550575257297
2767.875,557.125,3464.0,547.0,1.595687673917637
2798.625,557.125,3497.0,546.0,1.665089686770651
2779.875,558.625,3477.0,549.0,2.000757457482818
2745.375,559.375,3443.0,547.0,1.2133090636098696
2221.125,563.125,2918.0,552.0,0.9030075854749887
2419.125,563.125,3116.0,551.0,0.9128913983376882
2602.125,563.125,3298.0,550.0,1.7491288703468344
2746.125,563.875,3444.0,552.0,1.199828193732757
2753.625,565.375,3449.0,553.0,1.5955952058856233
2618.625,566.125,3315.0,557.0,2.368431872788776
2404.875,566.875,3101.0,557.0,1.538721706166605
2413.875,567.625,3110.0,558.0,1.7871896550232067
2581.125,567.625,3276.0,558.0,2.4559369435844545
2630.625,569.875,3327.0,559.0,0.6240612130028075
2389.125,570.625,3084.0,557.0,2.6326956397845676
2180.625,572.875,2876.0,561.0,0.8314065621418483
2587.875,574.375,3285.0,563.0,0.6038177598292532
2381.625,575.875,3075.0,564.0,2.919068189728696
2716.875,575.875,3414.0,564.0,0.5951022301110328
2431.125,577.375,3126.0,565.0,1.7682765124524888
2560.875,577.375,3256.0,566.0,1.366334564958087
2547.375,578.125,3245.0,568.0,1.705577913805468
2578.875,578.125,3276.0,567.0,0.6651693767258618
2587.875,579.625,3284.0,568.0,0.47068169438216867
2668.875,579.625,3364.0,568.0,1.5312167328515824
2120.625,582.625,2818.0,570.0,2.0463553373822676
2683.125,583.375,3380.0,570.0,1.9892373305752524
2116.125,584.125,2813.0,571.0,2.1640483149579754
2145.375,584.875,2841.0,574.0,0.4510976325660024
2581.875,584.875,3280.0,574.0,1.6626676538197966
2308.875,587.125,3006.0,577.0,1.473366549805357
2600.625,587.125,3295.0,576.0,2.1972113223179752
2789.625,587.875,3487.0,575.0,1.5720449576183768
2105.625,588.625,2803.0,578.0,1.578926727794999
2371.125,588.625,3068.0,579.0,1.7441413037308742
2725.875,590.125,3424.0,580.0,1.863017573907942
2400.375,593.125,3097.0,582.0,0.34430825513956775
2765.625,593.875,3464.0,581.0,2.189809220795132
2074.125,595.375,2770.0,585.0,0.7316996230523067
2703.375,596.125,3401.0,584.0,1.2139853138231584
2745.375,596.875,3444.0,583.0,3.1466564861990607
2141.625,601.375,2839.0,591.0,1.5857706881947482
2576.625,601.375,3274.0,587.0,3.239251154312755
2676.375,601.375,3373.0,591.0,0.9038952792738564
2368.125,603.625,3063.0,594.0,2.0716913338822414
2357.625,604.375,3053.0,592.0,1.5136030099970421
2761.875,605.125,3460.0,593.0,1.5617353173581987
2789.625,605.875,3485.0,594.0,1.5874057375468404
2495.625,606.625,3192.0,598.0,2.555690405330313
2731.875,606.625,3429.0,597.0,1.6743519427421756
2764.125,611.875,3461.0,601.0,0.36712822748122137
2242.125,612.625,2937.0,601.0,1.3660953581824273
2539.875,612.625,3236.0,603.0,1.5810427229692816
2373.375,617.125,3070.0,603.0,3.073600979810887
2359.125,617.875,3056.0,606.0,1.0083550293657342
2264.625,620.125,2961.0,608.0,1.134815489706282
2752.875,620.125,3449.0,607.0,2.0655704041874112
2389.125,620.875,3084.0,611.0,1.8689895561936167
2589.375,623.125,3286.0,612.0,0.028621310075100347
2581.125,623.875,3278.0,613.0,0.35700631431103746
2236.125,624.625,2932.0,612.0,1.6722693476565764
2252.625,624.625,2948.0,613.0,1.009281167340496
2779.125,626.125,3477.0,617.0,2.262123011571626
2756.625,626.875,3454.0,616.0,0.5971384372087319
2603.625,627.625,3301.0,618.0,1.6337448020303555
2333.625,629.125,3030.0,619.0,0.8581398366926992
2706.375,629.125,3401.0,618.0,2.149311766769591
2148.375,629.875,2844.0,618.0,1.043972416402344
2275.125,629.875,2972.0,621.0,2.186630457843636
2112.375,630.625,2807.0,618.0,2.1944986055492697
2683.125,631.375,3380.0,621.0,0.7197229237172951
2529.375,632.125,3226.0,623.0,1.9017443713829756
2634.375,632.875,3329.0,621.0,2.2142670016146577
2766.375,632.875,3464.0,621.0,1.0859140200757782
2141.625,634.375,2836.0,623.0,1.7136407837706311
2301.375,634.375,2998.0,624.0,0.6809414955466883
2094.375,635.125,2791.0,625.0,0.9927334872965994
2074.125,635.875,2772.0,624.0,2.2069485671796505
2204.625,635.875,2903.0,625.0,2.2726673024387387
2228.625,635.875,2924.0,624.0,1.239622568395707
2174.625,637.375,2871.0,626.0,0.5955245205349339
2359.125,637.375,3057.0,627.0,1.6560999782885382
2556.375,637.375,3253.0,626.0,0.3774148633374983
2256.375,638.125,2952.0,628.0,0.9436031005454378
2586.375,638.125,3283.0,629.0,1.8803941764388232
2346.375,638.875,3042.0,627.0,1.172006889818717
2782.125,639.625,3479.0,627.0,1.561467573194076
2593.875,640.375,3292.0,628.0,2.0286873402099705
2314.125,641.125,3011.0,632.0,1.8701488100650285
2725.875,641.125,3424.0,632.0,2.312406554395153
2130.375,642.625,2827.0,631.0,1.0136138104810468
2722.125,642.625,3419.0,631.0,0.6045087011405098
2058.375,644.875,2755.0,634.0,0.7135804477821835
2302.875,647.125,2998.0,635.0,1.704856920218394
2649.375,647.125,3347.0,636.0,0.9123223029311863
2608.875,648.625,3305.0,639.0,1.4291035887380583
2349.375,649.375,3045.0,638.0,0.872537182034892
2461.875,652.375,3158.0,641.0,0.6178547886430231
2677.125,653.125,3375.0,641.0,1.6184084874219562
2227.875,653.875,2923.0,641.0,2.3401961297873672
2495.625,653.875,3190.0,645.0,2.9358749245758404
2335.125,656.875,3033.0,647.0,1.8118240359823976
2416.125,657.625,3112.0,646.0,0.9764443201276468
2311.125,658.375,3008.0,648.0,0.7147851882463002
2288.625,660.625,2985.0,651.0,1.1360291213264957
2264.625,661.375,2962.0,650.0,1.312067284195047
2326.125,661.375,3023.0,651.0,0.6857495478343346
2590.875,664.375,3288.0,654.0,0.6439453305133681
2181.375,668.125,2877.0,656.0,1.5393636550413086
2302.125,668.875,2998.0,660.0,1.877014906931452
2122.125,669.625,2817.0,659.0,1.1705647564113415
2326.875,671.125,3022.0,660.0,1.2747064535604105
2161.125,671.875,2858.0,660.0,1.4592727168595008
2354.625,671.875,3050.0,661.0,1.0052294632030918
2310.375,674.875,3007.0,664.0,0.37586802364304683
2081.625,680.125,2777.0,669.0,0.8511263282660534
2200.125,680.875,2896.0,673.0,2.732874496373135
2238.375,680.875,2936.0,671.0,1.5814699997643085
2185.125,683.125,2883.0,671.0,2.3185662016655844
2277.375,691.375,2973.0,680.0,1.061093955519786
2240.625,693.625,2937.0,683.0,0.16449157505932294
2565.875,503.125,3263.0,492.0,1.0634162502433806
2745.125,519.625,3440.0,508.0,1.784521047481628
2761.625,520.375,3459.0,509.0,0.8412821395963832
2781.875,520.375,3479.0,509.0,0.632808075543624
2709.125,522.625,3406.0,511.0,0.32467100712475994
2716.625,527.125,3411.0,513.0,3.2500168390146813
2682.125,533.125,3379.0,518.0,3.412996235979576
2805.125,533.875,3502.0,522.0,0.16662409649922344
2721.125,536.125,3418.0,525.0,0.6376812305034096
2865.125,544.375,3562.0,534.0,1.3398276649357475
2751.125,548.125,3447.0,537.0,0.979946650105032
2702.375,550.375,3400.0,538.0,1.2421862240957249
2583.125,551.125,3278.0,540.0,1.6646679293576827
2685.125,553.375,3382.0,542.0,0.33494514685122756
2768.375,557.125,3464.0,547.0,1.8474208387086986
2779.625,558.625,3477.0,549.0,2.0612744869138475
2744.375,559.375,3443.0,547.0,2.0742021708611125
2748.125,563.875,3444.0,552.0,0.9102305459485299
3005.375,564.625,3704.0,552.0,1.841027014435667
2752.625,566.125,3449.0,553.0,1.6314819477735756
2587.625,572.875,3285.0,563.0,1.7761913304345054
2718.875,575.125,3414.0,564.0,1.613363130007088
2571.125,577.375,3267.0,567.0,1.200548543589101
2588.375,579.625,3284.0,568.0,0.9377367122795928
2572.625,581.125,3268.0,572.0,2.519703126139132
2683.625,581.125,3380.0,570.0,0.40725297867660115
2582.375,584.125,3280.0,574.0,1.6470205761395058
2682.875,584.875,3380.0,575.0,1.578843301212118
2763.875,585.625,3459.0,576.0,2.4349074463999165
2601.125,587.125,3295.0,576.0,2.695885049691213
2789.375,587.125,3487.0,575.0,1.0786218104831415
2726.375,590.125,3424.0,580.0,1.5270200523048694
2812.625,591.625,3508.0,581.0,1.6670139080781188
2693.375,593.125,3391.0,583.0,1.525824307506693
2703.125,596.125,3401.0,584.0,1.4112794628999867
3221.375,596.125,3916.0,584.0,2.864917904851234
2745.875,596.875,3444.0,583.0,2.8806391352604908
3226.625,598.375,3922.0,587.0,2.059941616544442
2577.125,600.625,3274.0,587.0,2.399803042813088
2799.125,600.625,3496.0,586.0,3.300783924481672
2676.125,602.875,3373.0,591.0,0.6357039487778517
3001.625,604.375,3700.0,594.0,1.5896154116219163
2761.625,605.125,3460.0,593.0,1.7776522759341014
2790.125,605.875,3485.0,594.0,2.0607535347807056
2773.625,606.625,3470.0,595.0,0.5723552164209317
3060.875,616.375,3759.0,606.0,1.292059945280783
2835.125,617.875,3532.0,606.0,0.6532675820529973
3066.875,619.375,3764.0,607.0,1.0871690879246858
3071.375,619.375,3769.0,607.0,1.140213504691771
2820.125,621.625,3518.0,612.0,1.8388506251964478
2589.125,623.125,3286.0,612.0,0.2710068733806536
2580.875,624.625,3278.0,613.0,0.7511864137207553
2604.125,627.625,3301.0,618.0,1.4751969476114202
2706.125,629.125,3401.0,618.0,1.89898355412218
2925.125,629.875,3622.0,620.0,1.317052218725879
2766.125,632.875,3464.0,621.0,1.2743654382486531
2823.875,635.125,3521.0,626.0,1.990805521279174
2874.875,635.875,3572.0,625.0,0.2690603758306208
2793.125,637.375,3490.0,627.0,0.7078475096852589
2586.125,638.125,3283.0,629.0,1.8968105715767642
2781.875,638.875,3479.0,627.0,0.8392375723934015
2593.625,640.375,3292.0,628.0,2.218604843291231
2853.875,642.625,3552.0,632.0,1.212092231569596
2608.625,647.875,3305.0,639.0,2.0955978903602155
2592.125,650.875,3288.0,637.0,3.05208259232846
2590.625,664.375,3288.0,654.0,0.8382207560806609
774.375,517.875,1468.0,505.0,1.7469998080511346
969.375,517.875,1666.0,508.0,2.753400702932572
1157.625,518.625,1852.0,507.0,0.3533412785899938
1115.625,520.875,1810.0,508.0,1.6161424644494216
767.625,521.625,1461.0,512.0,1.61795817427321
925.875,523.125,1621.0,512.0,0.9498473848431443
841.125,529.125,1536.0,517.0,1.294325205369805
861.375,529.125,1557.0,517.0,1.828757830278803
1174.875,529.125,1868.0,517.0,1.6638871767805394
766.875,530.625,1461.0,520.0,0.4750179848525631
1126.875,535.125,1820.0,523.0,1.6491579633601368
891.375,535.875,1585.0,523.0,1.8666457151157345
946.875,541.875,1640.0,531.0,1.127031083668496
1045.125,542.625,1737.0,531.0,2.552039364021039
1180.125,544.125,1875.0,532.0,1.0441145980082311
834.375,547.125,1527.0,535.0,1.8540907676910823
1025.625,550.875,1721.0,540.0,1.0291055698823022
947.625,557.625,1641.0,548.0,1.604503481179782
1187.625,563.625,1885.0,552.0,2.843789530300019
986.625,566.625,1680.0,554.0,1.9579673503557276
1086.375,571.875,1784.0,561.0,3.1500699151245732
955.875,574.125,1649.0,562.0,1.7299400691844096
917.625,574.875,1613.0,562.0,2.3265302982854297
1193.625,574.875,1889.0,562.0,2.08021027179492
968.625,576.375,1663.0,563.0,2.5293048224378905
1199.625,584.625,1894.0,573.0,0.8011095125338699
808.125,585.375,1500.0,574.0,2.3340520017265507
1273.125,589.125,1968.0,579.0,0.7530273373634973
1103.625,589.875,1797.0,579.0,1.155361087372752
1099.875,590.625,1792.0,580.0,2.405653215294687
1021.125,593.625,1715.0,582.0,1.030409545648255
1006.875,595.125,1702.0,586.0,1.7654915247049954
1024.875,595.125,1720.0,582.0,2.4810863318825374
943.125,598.875,1638.0,586.0,2.252855513140173
997.125,609.375,1691.0,599.0,0.6020597957005831
1047.375,616.125,1743.0,607.0,1.8693691905597472
1125.375,619.125,1820.0,607.0,1.503590942666328
1207.125,620.625,1902.0,610.0,0.15613175983743197
1243.875,622.125,1939.0,613.0,1.5586163188368165
785.625,625.125,1479.0,615.0,0.8489941313007393
998.625,625.125,1693.0,614.0,0.5906754661001709
943.875,631.125,1639.0,620.0,0.9864961736927397
1002.375,632.625,1696.0,623.0,1.2031262421865323
1224.375,632.625,1918.0,624.0,2.251433350223844
805.125,650.625,1499.0,640.0,0.4721724639693469
1241.625,657.375,1937.0,650.0,3.086186880627384
1015.875,658.875,1711.0,648.0,0.8168650246204665
1267.125,664.875,1960.0,655.0,2.0597907386167766
900.375,673.125,1594.0,663.0,0.7660989236894701
1243.875,673.125,1940.0,663.0,1.2825886307455585
935.625,677.625,1630.0,665.0,2.4524812128885736
1027.875,678.375,1723.0,668.0,0.5813130531851303
1104.375,678.375,1799.0,668.0,0.1558427826761456
1162.875,679.125,1856.0,671.0,2.6726253846099506
1196.625,680.625,1890.0,672.0,2.1598056724321
868.125,688.875,1562.0,678.0,0.93958374220775
1039.875,691.125,1736.0,682.0,1.8152876947770311
1132.125,692.625,1826.0,681.0,1.7131092712180602
1136.625,693.375,1831.0,682.0,1.2882149492750243
848.625,696.375,1543.0,685.0,1.3543623079488585
959.625,696.375,1653.0,686.0,1.1752832607834398
1269.375,700.125,1964.0,691.0,1.0636994571615368
1034.625,703.125,1730.0,695.0,2.0596164295389485
1256.625,704.625,1952.0,695.0,0.6607491248706966
1226.625,705.375,1919.0,695.0,2.5260475832658433
1007.625,708.375,1700.0,699.0,2.3029222241125904
841.125,709.125,1538.0,700.0,2.635763626513132
1027.875,710.625,1722.0,703.0,2.416966981916262
1000.875,717.375,1695.0,709.0,1.6315358715718384
1249.125,721.125,1942.0,713.0,2.789466492648033
933.375,723.375,1627.0,713.0,1.021994255247371
906.375,724.125,1601.0,716.0,1.740640504520844
1264.875,730.125,1958.0,719.0,2.196789264285647
1228.125,730.875,1921.0,720.0,2.2622495803905363
1207.125,737.625,1901.0,728.0,1.0666668036759526
1103.625,739.125,1798.0,729.0,0.49552112523677133
938.625,740.625,1634.0,729.0,2.03605666457469
984.375,743.625,1681.0,732.0,2.739914188758145
1148.625,746.625,1844.0,735.0,1.9028806690994802
1120.875,752.625,1816.0,742.0,0.9288288231035764
1178.625,757.125,1873.0,749.0,1.6985176287836823
1207.875,758.625,1904.0,749.0,1.1832972675029072
1123.875,775.125,1818.0,765.0,0.9019862095136018
1087.875,775.875,1781.0,765.0,2.1240277404841037
1003.125,776.625,1699.0,767.0,1.1792827777565948
1102.125,778.875,1796.0,768.0,1.620912711976848
1017.375,787.875,1713.0,777.0,1.6526737927130228
1766.375,517.875,2463.0,508.0,2.093519984071197
1431.125,528.375,2125.0,517.0,0.9995110254122345
1335.875,531.375,2033.0,518.0,3.176290233197562
1421.375,531.375,2115.0,520.0,1.2420977523724124
1127.375,535.125,1820.0,523.0,2.0777126522850375
1390.625,546.375,2085.0,535.0,0.5077868693124897
1287.125,559.125,1983.0,550.0,2.2579548936923617
1541.375,565.875,2235.0,555.0,1.4790936599224092
1278.875,568.125,1972.0,558.0,1.8327895836384391
1104.125,571.125,1800.0,559.0,1.8246714830833632
1194.875,574.125,1889.0,562.0,1.2871493186815253
1579.625,575.625,2274.0,567.0,2.55959249131174
1583.375,575.625,2279.0,567.0,2.484197894596675
1746.125,581.625,2440.0,568.0,2.9594426851480846
1505.375,585.375,2199.0,576.0,2.1536904532224423
1745.375,585.375,2439.0,573.0,2.2059815383132815
1301.375,587.625,1998.0,575.0,2.5237306628370275
1491.875,587.625,2186.0,574.0,2.826967230207015
1098.875,591.375,1792.0,580.0,1.5152346102154053
1102.625,591.375,1797.0,579.0,1.587656104180666
1338.875,598.125,2033.0,589.0,1.8601431496859453
1289.375,598.875,1987.0,588.0,2.829882709872966
1446.875,599.625,2141.0,590.0,1.5207491466661267
1260.125,604.875,1955.0,593.0,1.1188824371120707
1342.625,607.125,2037.0,596.0,0.6157203802913082
1563.125,607.125,2259.0,598.0,1.8609489838781506
1623.125,610.125,2317.0,600.0,1.5724570283167731
1453.625,615.375,2150.0,604.0,1.4638814009444714
1564.625,617.625,2261.0,609.0,2.4574562357018928
1125.875,619.875,1820.0,607.0,2.3092247261647243
1207.625,620.625,1902.0,610.0,0.3456263620136144
1239.125,622.125,1933.0,612.0,1.0295480258736418
1602.875,622.125,2298.0,612.0,0.6571242183450131
1298.375,623.625,1993.0,615.0,2.0395967410405507
1051.625,624.375,1746.0,615.0,1.1947265505104245
1216.625,640.875,1911.0,631.0,0.7466363475950097
1403.375,640.875,2097.0,628.0,2.68900726056187
1240.625,644.625,1935.0,632.0,2.1728409312129022
1057.625,646.125,1753.0,637.0,1.532567203443286
1418.375,651.375,2112.0,640.0,1.6720896237479144
1513.625,652.125,2211.0,640.0,2.6999693688185844
1267.625,664.875,1960.0,655.0,2.548576524956639
1461.125,666.375,2157.0,654.0,2.079400225477673
1101.125,667.125,1796.0,658.0,1.1956401171553104
1593.125,667.875,2288.0,660.0,2.6291359894735558
1440.875,668.625,2138.0,657.0,2.3484062321592876
1244.375,673.125,1940.0,663.0,0.7904943412769307
1162.625,679.125,1856.0,671.0,2.527628074656194
1300.625,679.875,1995.0,669.0,0.8192858821999239
1288.625,680.625,1985.0,669.0,1.9770928137520196
1541.375,681.375,2236.0,672.0,1.1794185588504698
1039.625,691.125,1736.0,682.0,2.0291478774124694
1402.625,691.125,2100.0,681.0,2.276843679839812
1461.875,692.625,2156.0,682.0,1.1211754838266992
1125.125,693.375,1822.0,686.0,3.498264677409266
1269.125,700.125,1964.0,691.0,1.019217018866838
1035.125,703.125,1730.0,695.0,1.9332908157147846
1257.125,705.375,1952.0,695.0,0.27589416454084054
1281.125,705.375,1977.0,696.0,1.1755286764157402
1602.875,720.375,2300.0,713.0,3.2356499231364477
1275.875,721.125,1971.0,713.0,1.8883818939304557
1156.625,721.875,1851.0,711.0,1.015037158916608
1533.125,724.875,2227.0,715.0,1.4728238752763225
1456.625,727.125,2152.0,715.0,2.0984150682979332
1464.125,727.125,2161.0,717.0,1.6332578857085889
1263.875,729.375,1958.0,719.0,0.9508713193152625
1320.125,731.625,2016.0,720.0,1.860634191119926
1452.875,734.625,2150.0,725.0,1.9170659546508884
1589.375,736.875,2283.0,726.0,2.0006216222753417
1104.125,739.125,1798.0,729.0,0.9460250807385658
1219.625,739.125,1915.0,727.0,2.2977209046372242
1608.875,739.125,2305.0,728.0,1.3012726926189828
1443.875,743.625,2140.0,734.0,0.928977820615651
1141.625,745.875,1839.0,738.0,3.185760485844238
1374.125,746.625,2071.0,737.0,1.7393011513382746
1121.375,752.625,1816.0,742.0,0.8981258071238353
1365.125,753.375,2059.0,744.0,1.3555862317663951
1137.875,759.375,1832.0,751.0,1.5205592773386727
1123.625,775.125,1818.0,765.0,0.7129885362399696
1766.125,517.875,2463.0,508.0,2.2588835483479137
1835.125,519.375,2531.0,510.0,2.1950112897451772
2246.875,526.125,2943.0,515.0,0.5147989902166434
2146.375,530.625,2843.0,517.0,2.2106727927481447
1754.875,535.125,2450.0,523.0,0.7626111109655118
2125.375,536.625,2823.0,525.0,1.7972770405999288
1783.375,537.375,2479.0,526.0,0.25790536590752505
1963.375,538.125,2659.0,528.0,1.3169675247769874
1958.125,538.875,2654.0,530.0,2.574122104555798
1811.125,541.125,2509.0,530.0,2.4759025192961537
2136.625,541.125,2835.0,529.0,2.601344051083603
1954.375,541.875,2648.0,531.0,2.0544472642599407
1979.875,541.875,2674.0,532.0,2.167585328302211
2053.375,543.375,2750.0,529.0,3.0652322025117353
2297.125,544.125,2993.0,535.0,2.4023272538209355
2123.875,550.875,2821.0,540.0,1.3817627276103892
1973.125,556.875,2669.0,545.0,0.5934290572240217
1802.875,560.625,2500.0,550.0,1.800977425604055
1958.875,561.375,2654.0,548.0,2.1504523246287497
2221.375,563.625,2918.0,552.0,0.6708680026703772
1952.125,569.625,2650.0,558.0,2.259489685092878
2180.875,572.625,2876.0,561.0,0.90462341471619
1583.875,575.625,2279.0,567.0,2.440281311696982
2127.625,578.625,2825.0,567.0,1.522375569460758
2123.875,581.625,2818.0,570.0,1.8253424348768736
1937.875,583.875,2635.0,574.0,1.936445740564727
2144.875,584.625,2841.0,574.0,0.6062401192572275
2018.125,586.125,2714.0,573.0,1.9805043291368611
1852.375,592.875,2548.0,583.0,1.1729929409587014
1999.375,594.375,2695.0,581.0,2.291632028349132
1948.375,595.125,2644.0,585.0,0.9414419330794446
1911.625,599.625,2609.0,588.0,1.8329051026840975
2030.875,601.125,2725.0,591.0,1.9230472740485125
2142.625,601.875,2839.0,591.0,0.4644985323754117
2232.625,603.375,2926.0,593.0,2.8097782960178503
2280.625,607.875,2974.0,597.0,2.7936446573240956
2195.125,611.625,2890.0,598.0,2.8371332730801773
2294.125,611.625,2990.0,600.0,0.6294146319861197
1652.125,612.375,2346.0,603.0,2.0582115623398005
2242.375,612.375,2937.0,601.0,1.5243500954426727
1817.125,616.875,2513.0,603.0,3.0165123688798094
1565.125,618.375,2261.0,609.0,1.5567402319287758
1899.625,620.625,2595.0,608.0,1.7675626126701673
2081.125,620.625,2778.0,607.0,2.8496197338936975
2264.125,620.625,2961.0,608.0,1.7690263882159067
2278.375,621.375,2974.0,612.0,1.7241188160661651
1791.625,623.625,2487.0,612.0,0.8142537799902955
1807.375,624.375,2503.0,613.0,0.5567470431057567
1926.625,624.375,2621.0,612.0,2.0116590283338525
2252.125,624.375,2948.0,613.0,0.48107141650538304
2112.625,629.625,2807.0,618.0,1.7507819327987575
2275.375,629.625,2972.0,621.0,2.3683719016772704
2008.375,631.125,2705.0,623.0,2.8394650822645646
2012.125,631.125,2710.0,619.0,2.4069702888021576
1835.875,631.875,2532.0,623.0,1.982741094581662
2045.125,633.375,2743.0,623.0,2.0492296882012364
2247.625,633.375,2943.0,623.0,0.9522297471535004
2141.875,634.125,2836.0,623.0,1.9052947354530598
2204.875,634.875,2903.0,625.0,2.265973906168919
2074.375,635.625,2772.0,624.0,1.8712391912176138
2227.375,635.625,2924.0,624.0,0.8787846224950093
2255.875,638.625,2952.0,628.0,0.26725720610100795
1920.625,640.875,2615.0,628.0,2.512001134448982
1883.875,641.625,2579.0,632.0,1.2418400361596105
1757.875,643.125,2454.0,634.0,1.67796006359835
2130.625,643.125,2827.0,631.0,1.3596417198901485
2058.625,644.625,2755.0,634.0,0.48238612647292567
2004.625,648.375,2701.0,637.0,0.8264430353688209
2177.875,649.125,2873.0,638.0,1.0188332861975418
2132.875,652.125,2829.0,644.0,2.6329491236894835
1814.125,652.875,2508.0,640.0,2.8220661291582627
2023.375,654.375,2721.0,643.0,1.8641011781238888
1832.125,659.625,2529.0,651.0,2.334666045458165
2264.875,661.125,2962.0,650.0,0.9767914796693317
2016.625,661.875,2712.0,651.0,0.5603680254729173
2248.375,661.875,2945.0,653.0,1.9047330933806588
2036.125,662.625,2730.0,652.0,2.042146311041748
2207.125,667.875,2905.0,658.0,1.8957340237185372
2123.125,668.625,2817.0,659.0,2.3980136316667235
2180.875,668.625,2877.0,656.0,1.959793256634903
1989.625,669.375,2685.0,658.0,0.922000789132528
2042.125,669.375,2739.0,657.0,1.9973215477251904
2020.375,670.875,2716.0,661.0,0.7737343923324697
2093.125,670.875,2788.0,659.0,1.6908176123770893
1779.625,676.875,2473.0,665.0,2.623070999857588
1888.375,678.375,2583.0,669.0,1.5850085121457833
2031.625,682.125,2730.0,670.0,2.9111814219277945
2200.375,682.125,2896.0,673.0,1.5581787426803098
2185.375,683.625,2883.0,671.0,2.5278680556036077
2277.625,691.125,2973.0,680.0,1.0817401191980414
2255.125,691.875,2951.0,680.0,1.3910521370152344
2039.125,692.625,2734.0,682.0,1.107763600690894
2240.875,693.375,2937.0,683.0,0.19234348729162287
1772.125,694.875,2466.0,686.0,2.278737391130699
1942.375,700.125,2636.0,689.0,2.3483697052159402
2111.875,703.875,2807.0,692.0,1.7522160233881587
1883.875,712.125,2577.0,701.0,2.7973493638090376
1850.875,715.875,2545.0,707.0,2.1251352711772227
1603.375,720.375,2300.0,713.0,3.0026331605697343
1859.875,724.125,2555.0,715.0,1.250217460412369
1841.875,727.875,2538.0,715.0,2.739104330040514
1609.375,739.125,2305.0,728.0,1.1307997512943158
2584.125,517.875,3280.0,505.0,1.216515711508759
2761.875,520.125,3459.0,509.0,0.8446236768810147
2477.625,520.875,3175.0,509.0,1.0990356059218906
2489.625,520.875,3186.0,509.0,0.15588864036156924
2781.375,520.875,3479.0,509.0,0.9271308806156752
2709.375,523.125,3406.0,511.0,0.3264055068091667
2729.625,523.125,3426.0,513.0,1.7007968874888164
2247.375,525.375,2943.0,515.0,1.2981637307217941
2519.625,527.625,3216.0,515.0,0.9213623888780654
2146.125,530.625,2843.0,517.0,2.310411074250041
2681.625,532.125,3379.0,518.0,2.5223174682328318
2804.625,533.625,3502.0,522.0,0.6391024001870885
2125.125,536.625,2823.0,525.0,2.0471564495133903
2308.125,547.125,3004.0,535.0,0.6606067607685927
2750.625,548.625,3447.0,537.0,0.3280206840291301
2701.875,550.125,3400.0,538.0,1.5699484381497588
2123.625,551.625,2821.0,540.0,1.5364136439334621
2662.875,551.625,3358.0,541.0,1.756235588784486
2685.375,553.125,3382.0,542.0,0.46998997910486845
2419.125,556.125,3116.0,546.0,1.489201837747172
2767.875,557.625,3464.0,547.0,1.1481976827768998
2744.625,559.125,3443.0,547.0,1.7517710816390426
2221.125,563.625,2918.0,552.0,0.9068811661195705
2749.125,563.625,3444.0,552.0,1.8514452854523276
2753.625,565.125,3449.0,553.0,1.4789330568036205
2404.875,566.625,3101.0,557.0,1.7894686883233568
2413.875,568.125,3110.0,558.0,1.2864933534840688
2581.125,568.125,3276.0,558.0,2.106310016571358
2389.125,569.625,3084.0,557.0,1.848157197361578
2630.625,570.375,3327.0,559.0,0.21829960353841862
2180.625,572.625,2876.0,561.0,0.67816392743975
2587.875,573.375,3285.0,563.0,1.2144404712909032
2112.375,574.125,2806.0,564.0,2.5197999757354954
2381.625,574.875,3075.0,564.0,2.906754399549453
2716.125,575.625,3414.0,564.0,1.1870523133993842
2430.375,576.375,3126.0,565.0,0.687250335782708
2571.375,576.375,3267.0,567.0,2.2106893672779626
2127.375,577.875,2825.0,567.0,1.7611092435722668
2560.875,577.875,3256.0,566.0,1.4505061929418586
2683.125,580.125,3380.0,570.0,1.3102536996755956
2124.375,581.625,2818.0,570.0,2.3158611589263836
2343.375,581.625,3041.0,570.0,1.46177601606992
2581.875,584.625,3280.0,574.0,1.7518438427599843
2764.875,586.125,3459.0,576.0,2.951273320473973
2309.625,587.625,3006.0,577.0,0.6485798552454674
2789.625,587.625,3487.0,575.0,1.3397482249773391
2105.625,589.125,2803.0,578.0,1.4845196045936877
2410.125,592.125,3107.0,580.0,1.0460101719597774
2800.125,600.375,3496.0,586.0,3.2022568868960812
2577.375,601.125,3274.0,587.0,2.8819860962578843
2778.375,601.125,3473.0,587.0,3.570480582023726
2357.625,604.125,3053.0,592.0,1.3172781100999453
2368.125,604.125,3063.0,594.0,1.7342554273253155
2789.625,605.625,3485.0,594.0,1.5119163467054433
2495.625,607.125,3192.0,598.0,2.0527280637442074
2731.875,607.125,3429.0,597.0,1.1869060251041017
2773.875,607.125,3470.0,595.0,1.1058074640599131
2624.625,610.125,3323.0,600.0,2.048875893658486
2764.125,611.625,3461.0,601.0,0.6173743564559666
2540.625,612.375,3236.0,603.0,2.1193137488194047
2624.625,613.875,3321.0,605.0,2.3170407580096124
2359.875,617.625,3056.0,606.0,0.5863532286226321
2204.625,619.875,2898.0,610.0,2.9228921296978383
2389.125,620.625,3084.0,611.0,2.0362520689849024
2589.375,623.625,3286.0,612.0,0.524206020495848
2603.625,626.625,3301.0,618.0,2.571695037817676
2148.375,629.625,2844.0,618.0,0.8159121157855653
2275.875,629.625,2972.0,621.0,2.328837725231161
2334.375,629.625,3030.0,619.0,0.7318960262813969
2683.125,631.875,3380.0,621.0,0.2415033375258633
2634.375,632.625,3329.0,621.0,2.13368719727455
2766.375,632.625,3464.0,621.0,0.9242640345042858
2140.875,634.125,2836.0,623.0,0.9218120111824716
2077.875,635.625,2772.0,624.0,1.9658311834795716
2204.625,635.625,2903.0,625.0,2.2883233517072523
2227.875,635.625,2924.0,624.0,0.7279711151697098
2301.375,635.625,2998.0,624.0,0.8040379631420153
2446.875,636.375,3142.0,627.0,2.061390472127276
2556.375,637.125,3253.0,626.0,0.13038876300977534
2175.375,637.875,2871.0,626.0,1.1028114868572407
2359.125,637.875,3057.0,627.0,1.5599573425645767
2794.125,637.875,3490.0,627.0,1.0530324216073763
2256.375,638.625,2952.0,628.0,0.6114803558839277
2346.375,638.625,3042.0,627.0,0.9768639615852427
2586.375,638.625,3283.0,629.0,1.3771292314308443
2593.875,640.125,3292.0,628.0,1.8667490770036859
2314.875,641.625,3011.0,632.0,1.2705340180081166
2725.875,641.625,3424.0,632.0,1.917442981144249
2059.125,644.625,2755.0,634.0,0.16068147358291018
2302.875,647.625,2998.0,635.0,2.1087823313838223
2178.375,649.125,2873.0,638.0,1.5008694091280985
2349.375,649.125,3045.0,638.0,0.7480717367674635
2257.125,649.875,2953.0,636.0,3.077692336436415
2132.625,652.125,2829.0,644.0,2.6535832124515526
2461.125,652.875,3158.0,641.0,1.0842327686369013
2676.375,653.625,3375.0,641.0,2.5064279812419956
2335.125,656.625,3033.0,647.0,1.9520764330232918
2311.125,658.125,3008.0,648.0,0.8816207255433491
2184.375,661.125,2882.0,650.0,1.5633465385584135
2248.875,661.125,2945.0,653.0,2.6140293875655862
2264.625,661.125,2962.0,650.0,1.2112197910353144
2326.125,661.125,3023.0,651.0,0.8540097223528184
2590.875,664.875,3288.0,654.0,0.45131239256807465
2485.875,665.625,3182.0,655.0,0.44137268526859186
2207.625,667.125,2905.0,658.0,1.9781559840395946
2180.625,668.625,2877.0,656.0,1.9759540629328247
2302.125,670.125,2998.0,660.0,0.7079184278574345
2354.625,671.625,3050.0,661.0,0.993544072787225
2161.875,672.375,2858.0,660.0,1.7410163544037844
2310.375,674.625,3007.0,664.0,0.3184155350696161
2248.125,676.875,2946.0,668.0,2.4096106153824453
2323.875,682.125,3022.0,672.0,1.853581566964501
2185.125,683.625,2883.0,671.0,2.681298417279403
2310.375,684.375,3007.0,672.0,1.792755962117967
2278.875,691.125,2973.0,680.0,2.243470209710801
2240.625,694.125,2937.0,683.0,0.6189441605912027
2583.125,517.875,3280.0,505.0,1.1754014146482077
2761.625,520.125,3459.0,509.0,1.0016720658241307
2781.875,520.125,3479.0,509.0,0.8362731049151577
2880.125,530.625,3579.0,518.0,2.1839275792848873
2876.375,531.375,3574.0,518.0,1.7544346120858962
2805.125,533.625,3502.0,522.0,0.18569375569749155
2751.125,548.625,3447.0,537.0,0.8282575663945964
2703.125,550.125,3400.0,538.0,0.5562956583706763
2661.875,551.625,3358.0,541.0,1.075591726480266
2792.375,551.625,3488.0,537.0,3.193095723326378
2948.375,556.875,3646.0,545.0,0.6745517127224627
2767.625,557.625,3464.0,547.0,1.0356992069845974
3000.125,557.625,3697.0,547.0,1.0656104702808733
2745.125,559.125,3443.0,547.0,1.2857995489604237
2748.875,564.375,3444.0,552.0,1.8038007122206288
3006.125,564.375,3704.0,552.0,1.0904564249587578
2580.125,568.125,3276.0,558.0,1.4753747538339643
2630.375,569.625,3327.0,559.0,0.8446804332064871
2924.375,573.375,3623.0,562.0,1.6544284728026373
2718.875,575.625,3414.0,564.0,1.5870317216780183
2588.375,577.125,3285.0,563.0,2.722223874337788
2683.625,581.625,3380.0,570.0,0.3622820106374805
2582.375,584.625,3280.0,574.0,1.3131725705812558
3118.625,584.625,3816.0,573.0,0.14125353370133578
2682.875,585.375,3380.0,575.0,1.1061948246315987
2789.375,588.375,3487.0,575.0,2.1318105728637105
2892.875,589.125,3590.0,575.0,2.6979151183813395
2925.875,589.125,3624.0,577.0,1.3090884693376257
3124.625,591.375,3824.0,578.0,2.811801582244153
3216.875,595.875,3916.0,584.0,1.7510204515862757
2829.125,600.375,3524.0,587.0,2.869296095309264
2576.375,601.125,3274.0,587.0,3.0749689840701704
2676.125,602.625,3373.0,591.0,0.4018920478086704
2699.375,603.375,3396.0,592.0,0.1420317509029591
2731.625,606.375,3429.0,597.0,1.9824375054064216
2586.875,613.125,3285.0,603.0,1.8601865722760738
2624.375,613.125,3323.0,600.0,2.7803671638024716
3060.875,616.875,3759.0,606.0,0.9887826310873823
2835.125,618.375,3532.0,606.0,1.1555264474564715
3072.125,619.875,3769.0,607.0,1.626975243614645
2682.875,631.125,3380.0,621.0,1.0319672481654385
2721.125,643.125,3419.0,631.0,1.5299299897379388
2608.625,648.375,3305.0,639.0,1.5991548559109896
2591.375,649.125,3288.0,637.0,1.1899855085013897
